ms,ax_g,ay_g,az_g,gx_dps,gy_dps,gz_dps
424885,-1.2400,-0.1812,-0.0913,-13.71,207.16,50.24
424965,-2.1638,0.3291,-0.5823,80.40,255.99,88.78
425045,-0.9587,0.0994,-0.5815,201.00,181.37,237.28
425135,-0.5222,0.4355,-1.1697,205.04,130.95,200.38
425215,-0.2920,0.0554,-0.5684,168.06,11.16,197.69
425295,-0.1128,0.0088,-0.9443,186.38,-10.57,246.03
425385,-0.1614,0.3623,-0.8694,49.13,15.02,-6.00
425465,-0.1685,0.4121,-0.7959,11.55,182.27,6.59
425545,-0.2783,0.3672,-0.9146,31.85,71.48,-66.78
425635,-0.0334,0.2383,-0.5369,9.73,47.80,25.22
425715,-0.0149,0.4348,-0.8845,1.82,76.09,101.90
425795,-0.3430,0.5176,-0.8411,-15.77,2.91,168.52
426034,-0.3823,0.2273,-1.2473,-13.85,-34.38,255.99
426124,-0.3057,0.2515,-1.6084,-68.31,98.02,136.15
426204,-0.5154,0.2019,-1.2288,-128.34,47.72,13.41
426284,-0.3120,0.4924,-1.1543,-102.91,43.82,43.69
426374,-0.1521,0.2883,-0.8120,-73.90,32.01,72.52
426454,0.1145,0.2368,-0.6975,-66.70,-33.77,83.84
426534,0.0903,0.1587,-0.2927,-79.68,-20.02,136.69
426624,0.1631,0.0818,-0.2715,-89.98,-83.88,124.81
426704,0.2786,0.0791,-0.7092,-126.29,-183.54,89.99
426784,0.1182,0.7290,-2.3489,-11.63,-201.14,-66.15
426874,-0.5703,0.6758,-1.0535,-10.11,-256.00,-22.09
426954,0.0891,0.0142,-1.5667,125.71,-256.00,197.94
427034,-0.1387,0.3413,-1.2207,130.81,-174.77,255.99
427130,0.0264,0.2246,-1.1628,72.23,-125.23,184.38
427210,0.1335,0.3755,-1.2402,47.88,-124.95,101.89
427290,0.1631,0.4739,-1.1023,-10.09,106.30,-128.20
427374,-0.5278,0.5193,-0.9194,42.23,1.65,42.12
427454,-0.1572,1.0042,-0.6409,52.09,-30.42,-15.24
427534,-0.0186,0.9255,-0.5347,-32.95,43.87,-36.15
427624,-0.4189,0.3708,-1.4150,-47.35,50.06,-25.34
427704,-0.5227,0.3921,-0.3999,5.57,-21.48,65.51
427784,-0.6777,0.9875,-0.9204,6.08,-96.52,78.59
427874,0.8125,0.4395,-0.8828,-30.14,7.66,-59.23
427954,-0.2761,0.2593,-0.6604,-42.62,54.39,-49.60
428034,-0.5188,1.1213,-0.6655,29.01,21.46,-22.23
428124,-0.4031,2.4443,-1.0867,-63.81,19.41,49.80
428204,0.1660,-1.1316,-1.8276,-103.02,35.89,-37.27
428284,-0.3633,0.8115,0.3623,-91.81,-56.76,7.06
428374,-0.1167,0.6235,-0.8281,-48.73,147.46,-54.32
428454,-0.4326,0.4751,0.0381,45.84,59.33,15.02
428534,-0.3279,2.1746,-0.2700,75.23,-32.20,44.30
428624,0.2388,0.6853,-0.7847,8.38,-37.49,22.33
428704,-0.2351,1.1685,-0.9221,57.96,2.98,46.36
428784,0.1145,0.8716,-0.4604,24.34,5.06,17.87
428874,0.0334,0.6926,-1.0461,27.35,93.00,-12.66
428954,-0.2871,0.9565,-0.3950,-2.30,40.83,5.38
429034,-0.2507,0.6975,-0.4028,-14.92,-64.69,-91.92
429124,-0.2065,0.9585,-0.5264,8.13,-37.09,3.83
429204,-0.2356,1.0293,-0.4619,10.20,-32.58,31.42
429284,-0.2556,0.7727,-0.5208,10.19,-30.37,45.47
429374,-0.0967,0.7612,-0.5020,24.72,-1.38,25.05
429454,-0.0417,0.8972,-0.6145,-1.27,-28.16,6.85
429534,-0.0991,0.8630,-0.6309,-0.65,-13.54,11.44
429624,-0.1375,0.8765,-0.5281,16.54,-24.83,15.27
429704,-0.1221,0.8843,-0.5449,5.19,-10.59,9.91
429784,-0.1721,0.9548,-0.5232,0.71,12.69,8.72
429874,-0.1882,0.9368,-0.5381,5.77,26.70,0.47
429954,-0.1543,0.8687,-0.5063,16.84,29.59,-3.74
430034,-0.1396,0.9011,-0.5039,27.60,26.15,7.54
430124,-0.1577,0.8933,-0.4465,35.94,9.88,18.85
430204,-0.1462,0.8276,-0.4941,32.19,0.30,2.41
430284,-0.1433,0.8921,-0.7390,39.22,0.26,-24.60
430374,0.3306,0.7595,-0.6282,51.45,-19.68,-38.74
430454,-0.1497,0.8320,-0.6609,19.47,23.47,15.24
430534,0.0950,0.6711,-0.8320,10.62,18.46,-2.06
430624,-0.0046,0.6685,-0.7046,-1.60,41.25,-17.25
430704,-0.0168,0.6243,-0.8096,-5.13,37.62,-30.83
430784,-0.0293,0.6631,-0.7947,3.28,51.12,-51.92
430874,-0.0020,0.9045,-0.5625,18.59,61.59,-63.92
430954,-0.0256,1.0056,-0.5581,13.12,36.12,-41.52
431034,-0.0457,0.8984,-0.5500,5.88,15.27,-20.92
431124,0.0527,0.9192,-0.5791,24.62,-11.62,-10.41
431204,-0.0801,0.8528,-0.6982,10.13,-0.97,9.05
431284,-0.0593,0.7856,-0.6887,-2.71,17.35,3.07
431374,-0.0544,0.8022,-0.6167,-2.52,25.02,-7.87
431454,-0.0454,0.9001,-0.5847,1.52,14.12,0.10
431534,-0.0344,0.7397,-0.6250,8.08,8.38,-2.62
431624,-0.0044,0.8799,-0.5488,7.63,-10.75,-10.48
431704,-0.0190,0.8215,-0.7461,-2.39,-6.34,-3.98
431784,0.0466,0.7759,-0.7205,6.16,7.60,-9.32
431874,0.0098,0.8638,-0.6008,5.07,20.40,-0.38
431954,-0.0190,0.9539,-0.6057,5.08,12.62,7.99
432034,-0.0732,0.9297,-0.4028,15.71,-10.73,29.30
432124,-0.0825,0.8838,-0.4304,17.55,-86.59,44.90
432204,-0.0459,0.5554,-0.9507,33.88,-28.02,72.80
432284,-0.0852,0.5195,-0.8198,4.41,1.65,15.60
432374,-0.0601,0.5442,-0.8459,-24.56,60.31,-39.24
432454,-0.0142,0.8965,-0.8252,-30.28,91.03,-66.74
432534,0.0811,0.9985,-0.3503,1.05,74.84,-30.27
432624,0.1228,0.9336,-0.4673,4.92,36.70,-22.17
432704,0.0522,0.9409,-0.4707,-0.16,34.48,-30.70
432784,0.0735,0.9988,-0.3496,10.85,-6.66,-25.97
432874,0.1079,0.9709,-0.5554,19.05,-41.45,-0.48
432954,0.0403,0.8809,-0.5762,4.68,-23.33,20.17
433034,-0.0527,0.7585,-0.7444,-0.64,9.05,-2.91
433124,0.0073,0.9072,-0.4241,26.54,-0.30,-38.30
433204,-0.0251,0.9839,-0.5469,3.59,-3.48,-3.24
433284,-0.1377,0.9685,-0.5913,25.70,-16.17,4.02
433374,-0.1597,0.9092,-0.4995,21.55,-24.12,7.45
433454,-0.0239,0.8755,-0.7463,7.12,-42.46,65.18
433534,-0.1262,0.7969,-0.5222,17.95,-16.19,42.16
433624,0.0994,0.9126,-0.5886,-1.88,-32.94,10.25
433704,-0.0471,0.7209,-0.7930,4.92,11.17,17.52
433784,-0.0269,0.8545,-0.5295,3.35,23.62,-1.12
433874,-0.0740,0.9324,-0.5215,-0.13,19.13,-38.34
433954,-0.0205,0.9954,-0.5024,11.93,17.73,-8.18
434034,-0.0813,0.8359,-0.5540,-0.95,15.09,-5.65
434124,0.0312,0.9438,-0.4685,19.34,-1.96,-27.80
434204,-0.0198,0.8350,-0.5701,23.35,3.46,-33.79
434284,-0.0466,0.8591,-0.5947,25.35,26.74,-41.82
434374,-0.0701,0.9482,-0.5657,29.48,19.72,-31.37
434454,-0.0144,0.9126,-0.5447,19.18,15.84,-7.59
434534,-0.0039,0.8591,-0.2681,-3.84,-16.52,4.56
434624,-0.1638,1.0215,-0.6392,-34.06,9.36,-11.22
434704,-0.2153,0.8359,-1.0605,-27.80,75.09,-49.26
434784,0.0354,0.7859,-0.6880,10.06,33.92,-11.02
434874,-0.1941,1.0981,-0.6785,14.98,26.55,14.98
434954,-0.1111,0.7029,-0.6724,1.62,41.92,-7.55
435034,-0.2017,0.7710,-0.5779,7.20,10.45,-7.48
435132,-0.1262,0.7773,-0.5994,18.94,8.52,-11.73
435212,-0.1206,0.9404,-0.5652,12.25,6.05,-8.56
435292,-0.1562,0.9033,-0.5356,2.59,3.17,-9.62
435381,-0.1448,0.8088,-0.6294,3.88,-6.63,-9.88
435461,-0.1206,0.9023,-0.5579,15.59,-17.81,-0.81
435541,-0.1311,0.9304,-0.5867,10.91,-14.06,11.61
435631,-0.0776,0.8589,-0.6143,8.73,-2.78,16.25
435711,-0.1062,0.7854,-0.5991,6.51,26.21,-4.12
435791,-0.1472,0.9221,-0.5903,18.60,-112.72,2.20
435881,-0.1626,0.8718,-0.5898,12.95,-2.39,3.36
435961,-0.1931,0.9006,-0.5181,24.19,-3.59,18.67
436041,-0.1450,0.8013,-0.5828,18.96,-16.46,18.04
436132,-0.1714,0.8459,-0.5925,13.50,-2.98,-0.37
436212,-0.1731,0.8728,-0.5063,13.91,-5.02,-3.94
436292,-0.1858,0.8293,-0.5916,12.04,-6.03,-2.95
436381,-0.1797,0.8652,-0.5979,7.80,-7.63,-3.74
436461,-0.1892,0.8408,-0.5916,4.18,8.34,-13.66
436541,-0.2166,0.8533,-0.5701,7.00,14.05,-10.56
436631,-0.2300,0.8687,-0.5449,4.11,17.75,-13.98
436711,-0.2217,0.8735,-0.5110,9.09,12.19,-11.03
436791,-0.2039,0.8767,-0.5535,8.87,7.39,-8.81
436881,-0.2073,0.8477,-0.5510,8.87,11.06,-5.69
436961,-0.2080,0.8835,-0.5366,12.26,6.41,-3.29
437041,-0.2261,0.8621,-0.5564,10.73,5.25,-1.04
437131,-0.2112,0.8552,-0.5413,10.73,4.11,0.25
437211,-0.2090,0.8811,-0.5225,11.82,4.54,0.27
437291,-0.2090,0.8352,-0.5674,11.36,5.41,-2.37
437381,-0.2131,0.8394,-0.5178,10.80,2.08,1.43
437461,-0.2058,0.8567,-0.5645,9.42,2.98,0.38
437541,-0.2034,0.8618,-0.5798,9.34,3.30,0.52
437631,-0.2241,0.9092,-0.5017,11.52,3.73,3.82
437711,-0.2388,0.8669,-0.5691,10.30,1.94,3.11
437791,-0.2354,0.9136,-0.4651,12.78,-2.84,9.33
437881,-0.2097,0.7930,-0.5828,14.02,-11.71,11.31
437961,-0.2156,0.8616,-0.5283,15.92,-7.08,2.72
438041,-0.2036,0.8528,-0.5593,15.40,-8.18,2.20
438131,-0.2434,0.8618,-0.5583,14.50,-6.30,2.80
438211,-0.2407,0.8762,-0.5525,13.72,-3.09,3.13
438291,-0.2271,0.8362,-0.5715,10.22,3.80,-0.98
438381,-0.2400,0.8708,-0.5266,11.74,5.69,3.30
438461,-0.2200,0.8601,-0.5603,8.56,8.48,-3.02
438541,-0.2249,0.9043,-0.5017,10.34,8.08,1.95
438631,-0.2397,0.8669,-0.5505,10.84,5.51,5.74
438711,-0.2393,0.8828,-0.5171,7.91,20.60,-8.56
438791,-0.2498,0.9099,-0.4910,7.59,9.09,0.82
438881,-0.2126,0.8787,-0.5361,6.19,10.33,-3.20
438961,-0.2175,0.9280,-0.5579,5.36,1.79,0.43
439041,-0.1633,0.9197,-0.5964,-4.12,-9.69,7.30
439133,-0.2283,0.8906,-0.5330,9.09,5.73,5.60
439213,-0.2014,0.9214,-0.3933,13.48,0.64,-1.41
439293,-0.1938,0.8916,-0.5759,7.38,-2.06,-5.20
439383,-0.2083,0.8779,-0.4666,15.29,10.12,-1.59
439463,-0.2151,0.8650,-0.5320,13.36,9.30,-6.05
439543,-0.2114,0.9089,-0.4851,18.02,2.07,6.77
439633,-0.2322,0.8608,-0.5105,14.45,9.45,1.07
439713,-0.2139,0.9338,-0.4897,14.45,7.48,1.46
439793,-0.1992,0.9243,-0.4136,15.84,-14.39,21.24
439883,-0.1917,0.8086,-0.5681,8.29,1.14,-1.55
439963,-0.2163,0.9253,-0.4922,8.85,7.47,-3.23
440043,-0.2043,0.8887,-0.4841,13.78,3.61,4.91
440133,-0.1770,0.9792,-0.4934,8.68,-9.98,12.45
440213,-0.1619,0.7573,-0.5259,2.73,-13.40,9.73
440293,-0.1956,0.8640,-0.5249,6.14,0.60,-4.64
440383,-0.1855,0.9319,-0.4807,10.12,4.65,-4.38
440463,-0.2319,0.9458,-0.5400,8.51,9.11,-2.42
440543,-0.1963,0.9358,-0.4797,4.95,-2.85,5.95
440633,-0.2039,0.8147,-0.4209,12.41,3.30,-0.80
440713,-0.1973,0.8210,-0.4946,15.52,-11.01,0.36
440793,-0.2183,0.9299,-0.5122,17.96,-6.76,0.09
440883,-0.1951,0.9141,-0.5237,13.48,-0.83,0.86
440963,-0.2126,0.8813,-0.5129,13.88,6.15,-1.09
441043,-0.2095,0.8625,-0.4893,14.12,7.55,-4.93
441133,-0.2180,0.8823,-0.5173,8.62,7.25,-5.20
441213,-0.2224,0.8826,-0.5286,10.48,12.78,-0.36
441293,-0.2107,0.9001,-0.5344,7.00,14.65,-8.76
441383,-0.2146,0.8901,-0.4929,7.54,13.99,-9.34
441463,-0.2246,0.9092,-0.4951,8.43,13.30,-6.30
441543,-0.2507,0.9268,-0.4707,12.20,7.18,3.11
441633,-0.2505,0.9460,-0.5288,9.78,1.53,10.11
441713,-0.2034,0.9741,-0.5198,10.97,1.84,3.02
441793,-0.1990,0.9045,-0.4927,12.26,3.79,-0.43
441883,-0.2002,0.9180,-0.4487,14.41,-0.09,-1.32
441966,-0.2346,0.9290,-0.4727,9.89,-4.94,0.08
442046,-0.2373,0.8711,-0.4619,12.14,-4.43,6.72
442133,-0.2209,0.8440,-0.5225,8.81,1.71,0.31
442213,-0.2190,0.9036,-0.5007,6.63,9.99,-5.86
442293,-0.2395,0.9565,-0.4751,9.38,13.08,-0.62
442383,-0.2559,0.9109,-0.4446,13.38,8.09,5.55
442463,-0.2126,0.9424,-0.4495,12.87,-0.12,8.60
442543,-0.2136,0.9341,-0.4771,14.93,-1.84,7.97
442633,-0.1980,0.9128,-0.5220,11.85,2.47,2.20
442713,-0.1992,0.8975,-0.4834,12.95,0.98,5.01
442793,-0.1846,0.8962,-0.5068,11.65,-0.44,8.44
442883,-0.2007,0.8894,-0.5515,12.49,6.80,2.28
442963,-0.1899,0.9197,-0.4800,13.64,7.11,2.31
443043,-0.1960,0.8953,-0.4932,12.01,8.07,-4.66
443133,-0.2000,0.9365,-0.4648,15.68,-2.12,2.36
443213,-0.2124,0.9214,-0.4946,14.73,0.38,3.04
443293,-0.2148,0.9280,-0.4580,18.67,-3.46,6.16
443383,-0.2151,0.8948,-0.4702,18.02,-4.69,6.56
443463,-0.2119,0.8909,-0.5071,13.84,-2.91,0.11
443543,-0.1907,0.9031,-0.5125,13.62,-2.98,0.68
443633,-0.2195,0.8987,-0.4929,15.23,0.75,0.97
443713,-0.2148,0.8796,-0.5093,14.68,-0.29,3.01
443793,-0.2129,0.8591,-0.5051,13.48,4.97,-0.50
443883,-0.2234,0.9214,-0.5178,12.43,-3.67,4.20
443963,-0.2285,0.8762,-0.5085,13.52,-4.19,8.37
444043,-0.2451,0.9702,-0.5464,13.27,-7.05,6.82
444133,-0.1699,0.7598,-0.4880,11.26,-2.10,10.27
444213,-0.2253,0.9185,-0.5337,11.57,-9.53,-7.94
444293,-0.2915,0.9646,-0.4536,14.05,-15.74,12.14
444383,-0.2449,0.7991,-0.5652,7.73,-22.58,17.19
444463,-0.2388,0.8662,-0.5754,15.91,-12.80,6.08
444543,-0.2217,0.8655,-0.5261,19.27,-9.99,1.77
444633,-0.2568,0.8293,-0.5544,18.84,-2.39,0.84
444713,-0.2539,0.8293,-0.5664,12.27,-0.51,-2.50
444793,-0.2581,0.8418,-0.5613,5.28,2.95,-9.54
444883,-0.2644,0.9067,-0.5469,3.81,4.34,-8.60
444963,-0.2683,0.8650,-0.5544,-0.41,9.76,-6.38
445043,-0.2742,0.8997,-0.5403,-3.63,12.84,-2.91
445133,-0.2454,0.9026,-0.4729,-5.00,12.98,-1.47
445213,-0.2034,0.9001,-0.4409,-6.13,17.34,1.09
445293,-0.2334,0.9670,-0.3374,-1.34,13.29,8.30
445383,-0.2471,0.9529,-0.3706,5.20,-6.60,8.98
445463,-0.2324,0.9297,-0.3877,16.04,-11.59,8.33
445543,-0.2239,0.9587,-0.3606,24.26,-12.77,9.95
445633,-0.2258,0.9189,-0.3496,26.23,-23.80,14.67
445713,-0.2458,0.8730,-0.4521,28.46,-26.88,7.87
445793,-0.2598,0.8865,-0.5007,23.07,-20.57,-4.29
445883,-0.3079,0.9045,-0.4771,22.43,-11.23,-9.19
445963,-0.3052,0.9485,-0.5601,20.24,-2.48,5.73
446043,-0.2415,0.9094,-0.5762,18.64,8.62,9.91
446133,-0.2346,0.8110,-0.5715,17.07,2.35,18.18
446213,-0.2163,0.8167,-0.6565,21.16,7.60,19.63
446293,-0.2061,0.7524,-0.6602,20.66,12.30,12.74
446383,-0.2073,0.7710,-0.7090,12.91,14.57,1.05
446463,-0.1904,0.7805,-0.6372,8.30,16.96,-1.41
446543,-0.1780,0.7979,-0.6509,9.71,14.94,0.23
446633,-0.1614,0.8000,-0.6389,4.32,13.38,-1.17
446713,-0.1692,0.8223,-0.6262,-1.05,11.81,-1.47
446793,-0.1689,0.8550,-0.6426,-6.78,15.01,-2.05
446883,-0.1702,0.8733,-0.5513,-3.71,1.67,1.96
446963,-0.1194,0.8779,-0.5610,4.27,1.34,8.87
447043,-0.1328,0.9238,-0.5532,3.23,0.99,21.00
447133,-0.1123,0.9338,-0.5571,4.51,3.78,30.08
447213,-0.0872,0.9521,-0.5378,7.38,3.39,43.18
447293,-0.0698,0.9771,-0.5081,11.46,7.80,66.56
447383,0.0793,0.8096,-0.5999,5.84,33.33,87.19
447463,0.2236,0.8130,-0.5039,12.07,39.51,86.52
447543,0.3179,0.7139,-0.5132,12.60,46.70,79.76
447633,0.4150,0.6785,-0.5361,4.20,56.73,65.23
447713,0.5576,0.7815,-0.4299,4.59,52.16,58.09
447793,0.7097,0.6904,-0.5083,3.12,45.82,44.76
447883,0.8198,0.7122,-0.4209,-1.14,42.72,21.20
447963,0.8826,0.6909,-0.3479,-2.14,30.09,4.86
448043,0.9045,0.7498,-0.3181,3.91,6.27,-4.47
448133,0.8806,0.8081,-0.3381,11.70,-16.51,-15.53
448213,0.8081,0.7791,-0.4023,16.76,-34.04,-23.09
448293,0.7273,0.7341,-0.4402,16.41,-48.18,-30.71
448383,0.5769,0.7109,-0.4775,14.12,-52.49,-47.16
448463,0.4509,0.7258,-0.4861,16.46,-48.59,-57.78
448543,0.3640,0.7261,-0.5022,21.07,-50.72,-61.84
448633,0.2534,0.8049,-0.4937,21.93,-57.56,-55.45
448713,0.1580,0.7944,-0.5017,24.72,-70.70,-42.27
448793,0.0459,0.7805,-0.6770,23.55,-73.77,-31.09
448883,-0.0667,0.8569,-0.6641,13.12,-69.05,-27.35
448963,-0.1506,0.8042,-0.7085,7.16,-57.41,-17.54
449043,-0.2256,0.8000,-0.6838,4.51,-36.59,-15.27
449133,-0.2490,0.7756,-0.6843,2.99,-17.24,-14.07
449213,-0.2898,0.7817,-0.6018,8.72,-4.87,-14.41
449293,-0.3025,0.7698,-0.5764,12.36,-15.94,-5.01
449383,-0.3823,0.7065,-0.6831,5.27,-22.78,0.51
449463,-0.3516,0.6726,-0.6633,-15.87,-0.02,-21.18
449543,-0.3938,0.7815,-0.5188,-16.56,-2.39,-25.00
449633,-0.4309,0.7471,-0.5659,-8.29,-7.89,-15.20
449713,-0.4668,0.7915,-0.5896,5.26,-6.88,-6.28
449793,-0.4370,0.8643,-0.6265,16.16,-0.04,0.09
449883,-0.3530,0.8049,-0.5837,11.80,20.55,2.15
449963,-0.3413,0.9019,-0.5781,-3.62,49.73,-1.30
450043,-0.3357,0.8711,-0.5210,-17.05,62.47,-5.87
450133,-0.2024,0.8748,-0.3120,-20.90,50.59,-7.65
450213,-0.2905,0.8777,-0.3274,-11.21,32.64,-9.54
450293,-0.3010,0.8718,-0.3801,-8.91,15.93,-19.39
450383,-0.2820,0.8640,-0.3928,-6.58,13.85,-25.14
450463,-0.3096,0.8965,-0.4250,-8.15,16.77,-32.47
450543,-0.3408,0.8948,-0.4238,-9.42,18.63,-33.64
450633,-0.3760,0.9446,-0.4788,-5.85,29.33,-26.27
450713,-0.3657,0.8950,-0.4238,-11.80,41.35,-19.62
450793,-0.3691,0.8271,-0.4475,-22.38,46.64,-27.12
450883,-0.4202,0.8845,-0.3857,-12.73,36.66,-31.44
450963,-0.3679,0.8652,-0.4001,-14.22,34.82,-23.82
451043,-0.4380,0.8286,-0.4224,-5.98,29.09,-21.81
451133,-0.4336,0.8611,-0.4290,-5.82,26.82,-17.49
451213,-0.4485,0.8416,-0.3713,-2.21,22.56,-13.45
451293,-0.4788,0.8040,-0.4114,2.02,15.08,-10.23
451383,-0.5032,0.7920,-0.4370,0.58,11.95,-12.72
451463,-0.4661,0.8496,-0.4375,-0.66,15.42,-12.58
451543,-0.4492,0.9092,-0.3433,3.08,12.43,-0.26
451633,-0.4500,0.8352,-0.4551,12.69,8.55,6.58
451713,-0.4158,0.8713,-0.3801,9.84,12.05,8.46
451793,-0.4246,0.8064,-0.4297,16.56,6.49,-0.47
451883,-0.4058,0.8345,-0.4221,14.41,13.41,0.71
451963,-0.3755,0.8674,-0.3542,13.23,8.76,-7.49
452043,-0.4043,0.8789,-0.3916,16.87,-0.01,-1.69
452133,-0.4170,0.8621,-0.4204,16.82,-2.52,3.64
452213,-0.3950,0.8513,-0.4070,19.93,-8.20,6.17
452293,-0.4033,0.8330,-0.4412,18.98,-9.76,7.48
452383,-0.3875,0.8430,-0.4744,17.84,-9.93,5.45
452463,-0.3975,0.8149,-0.4712,16.27,-6.05,3.76
452543,-0.3948,0.8193,-0.4690,13.83,-3.27,0.38
452633,-0.4043,0.8210,-0.4822,13.27,0.12,-3.41
452713,-0.4231,0.8259,-0.4700,12.93,1.64,-4.43
452793,-0.4211,0.8262,-0.4734,13.16,-0.66,-3.46
452883,-0.4209,0.8208,-0.4722,13.42,2.69,-3.73
452963,-0.4417,0.8076,-0.4744,12.47,4.58,-3.94
453043,-0.4365,0.8220,-0.4597,12.89,0.71,-2.00
453133,-0.4241,0.7939,-0.5020,10.83,-0.62,0.20
453213,-0.4377,0.8113,-0.4712,10.81,1.86,0.59
453293,-0.4421,0.8098,-0.4734,10.55,1.93,1.56
453383,-0.4265,0.8035,-0.4668,11.38,-1.54,3.80
453463,-0.4287,0.8059,-0.4771,11.28,0.25,2.97
453543,-0.4395,0.8123,-0.4575,12.65,0.70,0.81
453633,-0.4292,0.7988,-0.4741,11.88,1.51,0.34
453713,-0.4399,0.8157,-0.4668,12.62,2.09,0.09
453793,-0.4382,0.8040,-0.4597,12.33,1.87,-1.05
453883,-0.4421,0.7996,-0.4727,11.36,2.12,-0.89
453963,-0.4429,0.8188,-0.4529,11.89,1.80,-0.55
454043,-0.4460,0.7886,-0.4700,12.06,2.52,-0.39
454133,-0.4353,0.8066,-0.4651,12.23,2.05,0.77
454213,-0.4365,0.7942,-0.4827,10.77,3.54,-0.79
454293,-0.4475,0.8018,-0.4724,9.69,5.98,-1.54
454383,-0.4407,0.8005,-0.4717,8.36,4.96,-1.42
454463,-0.4258,0.7991,-0.4648,9.10,2.94,-2.03
454543,-0.4438,0.8054,-0.4526,10.38,0.31,-1.27
454633,-0.4429,0.7925,-0.4739,11.79,-5.57,2.00
454713,-0.4424,0.8203,-0.4731,12.16,-6.99,2.04
454793,-0.4565,0.7661,-0.5386,10.76,2.63,1.16
454883,-0.4622,0.8276,-0.4424,14.21,-2.09,-0.14
454963,-0.4348,0.7776,-0.5300,13.59,-2.02,3.56
455043,-0.4724,0.7788,-0.5283,15.02,7.39,-0.62
455133,-0.4436,0.7649,-0.5171,11.15,13.93,-9.06
455213,-0.4409,0.7798,-0.4897,10.14,18.08,-10.55
455293,-0.4497,0.7881,-0.4866,7.86,15.52,-6.48
455383,-0.4407,0.8167,-0.4990,9.23,9.95,2.02
455463,-0.4600,0.7520,-0.5586,10.34,11.66,5.11
455543,-0.4556,0.7759,-0.5059,7.94,20.59,-5.43
455633,-0.4326,0.7971,-0.5156,8.36,17.25,-1.62
455713,-0.4199,0.7988,-0.4873,12.15,16.73,2.20
455793,-0.3672,0.8411,-0.4319,16.30,6.52,11.77
455883,-0.3521,0.8020,-0.5481,26.14,-26.76,28.29
455963,-0.3855,0.7095,-0.6367,20.29,-13.18,14.75
456248,-0.3767,0.8665,-0.4011,10.52,2.36,4.45
456336,-0.3611,0.7605,-0.5635,5.74,-15.51,12.52
456416,-0.3616,0.7434,-0.6006,2.14,2.01,-2.51
456496,-0.3694,0.7847,-0.5693,1.09,19.38,-12.66
456585,-0.3801,0.8110,-0.5930,8.59,27.91,-9.62
456665,-0.3928,0.8435,-0.4956,4.24,29.55,-8.45
456745,-0.3333,0.7722,-0.5620,5.59,14.20,0.26
456835,-0.3184,0.7944,-0.5281,3.60,18.35,-7.73
456915,-0.3257,0.8511,-0.5002,2.51,9.91,-6.50
456995,-0.3423,0.8328,-0.5002,6.66,-3.77,1.48
457085,-0.3430,0.7932,-0.5452,8.63,-9.70,0.88
457165,-0.3540,0.8015,-0.5647,12.02,-5.75,-2.95
457245,-0.3577,0.7974,-0.5471,13.75,-1.09,-3.25
457335,-0.3765,0.8074,-0.5220,15.97,1.53,0.08
457415,-0.3391,0.7957,-0.5618,13.70,-5.93,6.03
457495,-0.3843,0.7578,-0.5886,10.12,-4.05,4.12
457585,-0.4019,0.7788,-0.6096,8.77,0.77,-1.56
457665,-0.4031,0.8054,-0.5620,7.86,10.97,-6.65
457745,-0.3877,0.8469,-0.5134,12.77,8.12,-5.26
457835,-0.3870,0.8359,-0.5068,18.20,-4.19,6.91
457915,-0.3577,0.7795,-0.5391,22.30,-11.37,15.30
457999,-0.3643,0.8284,-0.4905,25.38,-15.12,17.00
458085,-0.3672,0.7864,-0.4995,28.73,-24.62,21.83
458165,-0.3540,0.7859,-0.5618,27.90,-25.98,19.67
458245,-0.3616,0.8115,-0.5457,28.38,-19.89,19.82
458337,-0.3804,0.8098,-0.5605,29.27,-14.18,25.57
458417,-0.3542,0.7905,-0.5608,25.23,-6.54,21.72
458497,-0.3396,0.7842,-0.5461,19.32,-4.81,18.10
458587,-0.3081,0.7854,-0.5957,15.91,-3.16,15.38
458667,-0.2830,0.7915,-0.5776,11.09,3.70,13.78
458747,-0.2756,0.8167,-0.5171,10.49,2.55,12.76
458837,-0.2805,0.8198,-0.5869,10.02,-3.16,12.61
458917,-0.2805,0.8293,-0.5593,13.42,-2.32,6.01
458997,-0.2944,0.8621,-0.5305,13.62,-3.53,6.00
459087,-0.2703,0.8159,-0.5432,13.67,-6.03,6.98
459167,-0.2744,0.8616,-0.5747,11.77,-6.66,6.08
459247,-0.2678,0.8577,-0.5449,10.79,-4.75,3.64
459337,-0.2783,0.8630,-0.5381,14.01,-3.96,4.56
459417,-0.2534,0.8359,-0.5288,13.27,2.52,2.38
459497,-0.2688,0.8289,-0.5835,10.70,2.92,-0.47
459587,-0.2727,0.8298,-0.5303,6.59,11.20,-5.15
459667,-0.2722,0.8638,-0.5039,7.42,3.55,-0.26
459747,-0.2695,0.8704,-0.5298,3.59,1.83,0.44
459837,-0.2910,0.8848,-0.5098,5.61,-5.58,4.15
459917,-0.2612,0.8792,-0.5361,11.36,-7.77,7.23
459997,-0.2805,0.8567,-0.5464,10.08,-10.78,9.90
460087,-0.2642,0.8328,-0.5496,6.82,-2.80,5.18
460167,-0.2625,0.8533,-0.5146,9.05,-10.91,7.23
460247,-0.2815,0.8474,-0.5439,4.16,-11.64,6.69
460344,-0.3323,0.7983,-0.5891,4.74,5.09,-4.51
460424,-0.3047,0.8567,-0.4741,6.40,6.51,-8.32
460504,-0.2869,0.8464,-0.5085,7.99,0.15,-9.95
460594,-0.3076,0.8853,-0.4902,8.06,-5.88,-3.61
460674,-0.3125,0.8335,-0.5269,5.52,-5.90,-1.79
460754,-0.3354,0.8691,-0.5349,5.34,-6.34,-2.27
460844,-0.3184,0.8162,-0.4775,5.24,1.77,-4.55
460924,-0.3064,0.7937,-0.5430,8.10,-7.70,-5.55
461004,-0.3523,0.8374,-0.5459,9.66,-2.72,-5.83
461094,-0.3462,0.8018,-0.5015,7.34,-2.20,-5.72
461174,-0.3567,0.8025,-0.5381,2.89,0.63,-8.22
461254,-0.3472,0.7776,-0.5786,-2.96,18.11,-17.45
461344,-0.3833,0.7898,-0.5190,-9.72,32.59,-28.29
461424,-0.4124,0.7917,-0.5203,-12.27,38.38,-36.52
461504,-0.4490,0.8069,-0.4905,-12.97,49.09,-39.21
461594,-0.4487,0.8445,-0.3835,-11.56,32.30,-26.18
461674,-0.4104,0.8462,-0.4395,-3.38,10.26,-9.04
461754,-0.4026,0.7866,-0.4878,-2.47,5.64,-7.38
461844,-0.4485,0.8123,-0.4519,3.38,10.55,-10.80
461924,-0.4182,0.8149,-0.4429,4.24,1.21,-8.59
462004,-0.4473,0.8259,-0.4980,5.55,-2.81,2.77
462094,-0.4153,0.7957,-0.4763,2.52,-0.04,0.24
462174,-0.4485,0.8918,-0.3918,10.17,-5.88,8.77
462254,-0.4553,0.8127,-0.4934,8.66,-11.95,10.02
462344,-0.4451,0.7959,-0.4377,13.38,-3.48,6.57
462424,-0.4136,0.7727,-0.5083,9.84,-3.67,0.82
462504,-0.4312,0.7766,-0.4768,9.74,8.91,-8.17
462594,-0.4316,0.8264,-0.4749,13.20,-4.63,-1.63
462674,-0.4297,0.7905,-0.5032,10.26,1.70,-4.54
462754,-0.4709,0.8389,-0.4443,16.77,6.01,-0.49
462844,-0.4604,0.7981,-0.5037,17.12,5.67,6.53
462924,-0.4521,0.8137,-0.4707,16.12,11.55,8.52
463004,-0.4192,0.8196,-0.4705,15.80,6.53,13.52
463094,-0.4119,0.7981,-0.5054,12.25,10.57,10.77
463174,-0.3967,0.7954,-0.5007,11.15,12.39,6.88
463254,-0.3684,0.7952,-0.5032,10.30,10.63,4.17
463344,-0.3843,0.7854,-0.5066,11.31,10.04,2.10
463424,-0.3726,0.7930,-0.5303,8.86,11.21,-3.20
463504,-0.3831,0.8242,-0.5017,9.34,6.48,-0.69
463594,-0.3774,0.8179,-0.5105,9.48,1.32,2.88
463674,-0.3616,0.8147,-0.5168,7.95,1.19,-0.38
463754,-0.3606,0.8027,-0.5286,8.53,1.62,-0.41
463844,-0.3706,0.8142,-0.5247,6.86,3.80,-3.12
463924,-0.3713,0.8171,-0.5046,6.55,4.39,-3.59
464004,-0.3730,0.8191,-0.5132,5.91,5.37,-4.79
464094,-0.3911,0.8308,-0.4937,7.71,4.13,-1.70
464174,-0.3894,0.8237,-0.4915,8.52,2.21,-1.48
464254,-0.3904,0.8262,-0.4927,8.25,1.31,-1.42
464345,-0.3918,0.8164,-0.5042,8.62,1.89,-0.80
464425,-0.3950,0.8208,-0.4985,8.71,3.60,-0.63
464505,-0.3940,0.8191,-0.4858,8.92,2.98,-0.05
464595,-0.3982,0.8147,-0.4927,8.87,1.94,0.51
464675,-0.4019,0.8101,-0.4900,8.02,1.95,-1.76
464755,-0.4043,0.8113,-0.4922,9.52,0.09,-0.38
464845,-0.4053,0.8105,-0.4963,10.33,1.43,-0.97
464925,-0.4026,0.8132,-0.5022,9.79,1.66,-1.43
465005,-0.3972,0.8010,-0.5186,9.48,2.95,-1.11
465095,-0.4136,0.8044,-0.4832,11.40,2.78,-0.55
465175,-0.4019,0.7913,-0.5186,10.12,1.67,-0.84
465255,-0.4014,0.8032,-0.4890,12.14,0.70,-1.12
465345,-0.4111,0.7913,-0.5264,11.16,-1.64,-0.12
465425,-0.4136,0.7983,-0.5066,10.51,0.96,-1.28
465505,-0.4116,0.7900,-0.5142,10.18,2.73,-1.29
465595,-0.4165,0.8030,-0.5115,10.34,4.12,-1.70
465675,-0.4131,0.7883,-0.5054,10.30,4.39,-1.66
465755,-0.4233,0.7974,-0.5098,10.56,4.46,-1.05
465845,-0.4250,0.7859,-0.5066,10.59,4.92,-0.15
465925,-0.4163,0.7896,-0.5117,11.10,4.18,0.53
466005,-0.4233,0.7800,-0.5757,6.23,12.05,-3.94
466095,-0.3965,0.8306,-0.4919,17.61,14.80,-0.13
466175,-0.4529,0.8784,-0.4001,34.12,-2.32,19.44
466255,-0.4690,0.8682,-0.3818,38.09,-41.14,53.27
466345,-0.4089,0.6917,-0.6316,29.91,-48.61,44.98
466425,-0.4016,0.7964,-0.5984,24.07,-30.47,23.38
466505,-0.3718,0.7249,-0.5784,17.95,-15.08,8.33
466595,-0.4048,0.7534,-0.5906,13.02,-1.43,-2.41
466675,-0.3979,0.7607,-0.5803,5.43,10.96,-11.34
466755,-0.3958,0.7644,-0.5500,-0.53,21.54,-16.20
466845,-0.3650,0.7981,-0.5154,3.62,18.62,-14.41
466925,-0.3853,0.8174,-0.4849,7.61,6.37,-10.06
467005,-0.4014,0.7952,-0.5107,7.28,-2.05,-6.00
467095,-0.3999,0.7688,-0.5503,2.66,-4.84,-5.30
467175,-0.4333,0.7749,-0.5430,1.43,6.36,-6.61
467255,-0.4563,0.8206,-0.4851,6.91,10.13,-1.23
467345,-0.4253,0.8010,-0.4858,13.66,2.06,8.65
467425,-0.4031,0.7793,-0.5107,14.21,0.31,8.94
467505,-0.3918,0.7869,-0.5266,12.93,-1.34,7.96
467595,-0.3931,0.7874,-0.5376,10.58,-0.67,6.50
467675,-0.3921,0.7927,-0.5388,8.65,0.09,5.37
467755,-0.3896,0.8010,-0.5281,6.95,2.27,3.09
467845,-0.3958,0.8008,-0.5142,7.96,2.45,3.23
467925,-0.3872,0.8052,-0.5173,8.73,3.33,2.61
468005,-0.3860,0.8010,-0.5059,8.95,3.08,2.16
468095,-0.3953,0.8003,-0.5125,8.73,2.81,0.31
468175,-0.3916,0.8147,-0.5037,9.19,2.89,-0.46
468255,-0.3960,0.8027,-0.5046,8.47,3.02,-0.99
468345,-0.4033,0.8093,-0.5017,8.14,3.57,-0.47
468425,-0.3953,0.8125,-0.5015,8.42,4.02,0.31
468505,-0.3977,0.8025,-0.5088,7.93,6.09,-1.09
468595,-0.3926,0.8159,-0.5012,7.09,5.70,-0.92
468675,-0.3872,0.8123,-0.5093,5.70,5.49,-1.99
468755,-0.3958,0.8154,-0.4929,6.94,4.34,-0.57
468845,-0.3906,0.8162,-0.4912,7.25,4.22,0.34
468925,-0.4133,0.8093,-0.5054,4.84,7.73,-1.88
469005,-0.3657,0.8523,-0.5012,10.26,7.20,-1.28
469095,-0.3774,0.8442,-0.5447,10.18,9.47,1.33
469175,-0.3625,0.9153,-0.4895,11.95,0.24,18.29
469255,-0.2812,0.8726,-0.4436,14.99,-7.69,36.52
469345,-0.3059,0.9194,-0.3682,22.07,-25.66,54.62
469425,-0.2671,0.9321,-0.4031,30.55,-45.61,54.14
469505,-0.2854,0.9478,-0.3582,30.28,-67.84,58.12
469595,-0.2856,0.9009,-0.4424,45.29,-82.02,67.70
469675,-0.2988,0.9197,-0.5134,68.52,-85.17,76.16
469755,-0.3008,0.7966,-0.8193,83.95,-73.12,86.02
469845,-0.3286,0.7896,-0.6660,48.56,-52.88,52.36
469925,-0.2944,0.7527,-0.5930,45.25,-69.22,55.29
470005,-0.2520,0.6145,-0.7476,31.51,-61.24,43.50
470095,-0.2756,0.6389,-0.6882,5.48,-35.16,13.97
470175,-0.3220,0.6687,-0.6775,-10.62,-27.09,1.85
470255,-0.3777,0.6833,-0.6323,-5.39,-29.06,-3.48
470345,-0.3257,0.7734,-0.6157,3.86,-33.37,4.48
470425,-0.3071,0.8640,-0.6243,13.88,-34.12,10.48
470505,-0.3748,0.8906,-0.6509,18.12,-33.31,9.94
470595,-0.3110,0.9492,-0.5046,9.12,-14.85,9.05
470675,-0.3274,0.9680,-0.3433,-2.25,-15.27,18.27
470755,-0.3616,0.8545,-0.3970,-2.00,-10.80,17.83
470845,-0.3291,0.9287,-0.3479,1.16,-10.52,25.73
470925,-0.3630,0.9253,-0.3213,13.48,-16.49,39.87
471005,-0.3750,0.8787,-0.3950,26.27,-22.62,51.97
471095,-0.3599,0.8416,-0.3909,37.51,-26.23,51.25
471175,-0.4023,0.7869,-0.4358,51.83,-39.46,38.09
471255,-0.2803,0.9705,-0.8911,65.30,-17.49,27.71
471346,0.0166,0.9167,-0.4612,51.73,-9.82,29.44
471426,-0.0598,0.7722,-0.6187,29.48,-18.71,31.33
471506,-0.1121,0.7600,-0.4807,22.10,-37.01,39.00
471595,-0.1655,0.6506,-0.6875,19.59,-34.94,36.08
471675,-0.2261,0.6899,-0.7170,11.25,-13.20,21.56
471755,-0.1648,0.6753,-0.7383,-3.60,4.41,3.43
471845,-0.1584,1.1292,-0.8362,-0.23,-2.96,-7.66
471925,0.0266,0.8452,-0.6897,-14.62,21.72,-5.62
472005,-0.0151,0.9163,-0.5723,1.98,49.61,-0.72
472095,-0.0359,0.8052,-0.5002,10.55,43.71,3.59
472175,-0.0818,0.8291,-0.4263,15.38,41.16,3.88
472255,-0.0833,0.8508,-0.3811,10.03,22.27,4.37
472345,-0.0032,0.8889,-0.7161,18.64,13.34,-3.10
472425,0.3306,0.8667,-0.7605,51.63,92.66,46.04
472505,0.2732,0.9150,-0.5579,7.03,70.98,64.01
472595,0.3843,0.7014,-0.6260,27.98,80.95,68.35
472675,0.3350,0.3975,-0.4797,29.10,86.38,58.09
472755,0.5437,0.3999,-0.5381,35.34,89.81,36.93
472845,0.7039,0.6147,-0.4036,42.09,89.89,35.02
472925,0.8005,0.4241,-0.3833,34.08,67.50,34.99
473005,0.8733,0.5042,-0.2124,15.62,61.02,25.41
473095,1.0239,0.4253,-0.2598,14.66,43.62,25.34
473175,1.0481,0.4976,-0.2644,8.33,44.43,12.82
473255,1.1274,0.4912,-0.1672,3.60,23.53,17.38
473345,1.1106,0.4541,-0.1567,8.00,11.55,19.34
473425,1.0657,0.3684,-0.2410,8.05,5.69,20.77
473505,1.0203,0.3171,-0.2373,6.31,11.87,17.75
473595,1.0466,0.3047,-0.1326,6.85,-0.09,14.04
473675,0.9910,0.2590,-0.2456,2.47,-5.73,9.82
473755,0.9980,0.2646,-0.2507,1.21,2.94,4.59
473845,0.9949,0.2600,-0.2239,5.37,5.88,0.02
473928,0.9763,0.2871,-0.1912,8.74,6.52,-2.46
474008,1.0137,0.2800,-0.1821,10.39,1.56,-0.08
474095,1.0095,0.2637,-0.2490,10.09,4.12,-1.76
474175,1.0425,0.3020,-0.1951,14.32,0.91,-1.90
474255,1.0457,0.3020,-0.1816,14.58,-0.83,0.65
474345,0.9971,0.2676,-0.2183,9.79,-0.62,2.40
474425,0.9817,0.2664,-0.2395,5.99,5.47,-0.94
474505,1.0022,0.2576,-0.2268,3.55,10.19,-4.03
474595,1.0659,0.3596,-0.1084,6.72,3.52,-2.83
474675,1.0095,0.3167,-0.2122,9.88,8.09,-1.11
474755,1.0027,0.3074,-0.1262,11.30,0.32,6.96
474845,0.9915,0.2412,-0.1875,7.22,-8.07,10.21
474925,0.9985,0.2207,-0.2097,-2.07,-3.16,5.55
475005,1.0093,0.2478,-0.1980,-10.13,6.55,1.23
475095,1.0107,0.2485,-0.1528,-12.27,17.52,-3.32
475175,1.0073,0.2817,-0.1252,-3.41,3.54,-2.20
475255,1.0425,0.2800,-0.1343,3.78,-4.14,-0.05
475345,1.0239,0.2791,-0.1721,9.59,-2.04,-0.70
475425,1.0227,0.2563,-0.1648,11.27,-6.61,1.98
475505,0.9934,0.2483,-0.2056,9.59,2.05,-0.71
475595,1.0144,0.2473,-0.1646,6.67,0.98,0.52
475675,1.0146,0.2605,-0.1611,6.27,1.43,-4.59
475755,1.0049,0.2712,-0.1836,8.52,-2.70,-5.51
475845,1.0122,0.2910,-0.1616,8.91,-3.02,-2.44
475925,0.9944,0.2625,-0.1853,6.65,0.51,0.44
476005,1.0022,0.2786,-0.1914,5.61,-2.35,0.11
476095,1.0056,0.2803,-0.1870,6.73,-4.53,-2.48
476175,0.9768,0.2659,-0.2068,5.21,-1.86,-4.41
476255,0.9380,0.2747,-0.1992,4.29,6.89,-3.95
476345,0.9373,0.2759,-0.1777,6.27,7.77,-7.98
476425,0.9739,0.3123,-0.1421,11.67,6.71,-10.64
476505,1.0969,0.3350,-0.1375,18.84,0.52,-7.66
476595,1.2668,0.3516,-0.0989,18.83,-7.23,-6.00
476675,1.2029,0.3740,-0.1780,19.17,-7.39,-10.10
476755,1.1704,0.3735,-0.1804,25.70,-18.84,-7.59
476845,1.1084,0.3459,-0.1873,24.95,-34.16,-9.80
476925,1.0447,0.2866,-0.2844,24.12,-50.31,-14.62
477005,0.9551,0.2351,-0.3948,20.38,-54.53,-29.80
477095,0.8208,0.2112,-0.4924,21.07,-48.45,-62.58
477175,0.7146,0.2744,-0.6021,31.04,-43.09,-95.14
477255,0.5208,0.4255,-0.7627,35.09,-21.18,-123.44
477345,0.3599,0.5898,-0.6426,27.71,17.39,-150.85
477425,0.2097,0.8108,-0.4290,16.03,28.02,-150.37
477505,0.1628,0.9031,-0.5081,21.45,15.90,-122.48
477595,0.0242,0.8655,-0.5039,20.24,10.38,-115.41
477675,0.0005,0.8635,-0.4978,20.12,11.00,-100.38
477755,0.0371,0.9075,-0.5366,21.70,3.07,-64.77
477845,-0.0603,0.8501,-0.5964,22.57,-17.05,-29.66
477925,-0.1946,0.6494,-0.8137,10.08,-8.45,-25.37
478005,-0.2310,0.7959,-0.7007,5.40,8.05,-23.73
478095,-0.2881,0.6926,-0.6799,-4.83,16.49,-22.38
478175,-0.2463,0.5964,-0.6614,-19.76,29.58,-40.12
478255,-0.3345,0.5947,-0.5967,-30.69,27.44,-55.59
478345,-0.0696,1.1267,-0.5154,-15.44,43.59,-19.54
478425,-0.1113,1.0103,-0.6631,-3.38,70.39,-19.96
478505,-0.1604,1.0239,-0.3210,-7.97,68.77,-19.84
478595,-0.1113,0.9338,-0.3584,6.98,56.39,-8.25
478675,-0.0928,0.9187,-0.2808,17.33,40.34,-10.68
478755,-0.0891,0.8586,-0.2766,17.30,16.65,-8.83
478845,-0.0142,0.9470,-0.6692,38.46,-0.20,-6.66
478925,0.1184,1.1008,-0.9243,66.02,54.15,22.41
479005,0.1042,0.6899,-0.8447,41.30,60.69,49.91
479095,0.1389,0.6211,-0.8643,32.95,92.75,31.15
479175,0.0947,0.4597,-0.7678,31.22,96.45,18.48
479255,0.3706,0.4951,-0.8259,31.16,117.13,9.95
479345,0.5305,0.7307,-0.8022,23.95,133.96,5.91
479425,0.5437,0.4785,-0.2263,10.56,87.75,53.01
479505,0.6843,0.5574,-0.2930,14.97,84.95,37.41
479595,0.8240,0.6025,-0.2832,11.92,59.18,40.14
479675,0.9302,0.5305,-0.2974,6.05,45.30,40.09
479755,1.0078,0.4534,-0.2700,6.95,35.84,31.25
479845,1.0146,0.4443,-0.1733,4.09,31.52,17.49
479925,1.0708,0.4026,-0.1875,4.98,24.65,3.45
480005,1.2209,0.4392,-0.2141,9.85,5.35,-1.68
480095,1.2378,0.5046,-0.2500,13.41,-1.91,-6.17
480175,1.1750,0.4773,-0.2083,21.43,-19.59,-4.65
480255,1.1099,0.3911,-0.2683,22.52,-38.88,-12.60
480345,0.9578,0.3792,-0.3628,17.41,-53.55,-33.07
480425,0.8228,0.4937,-0.3987,13.77,-47.43,-53.30
480505,0.7510,0.5686,-0.3396,15.52,-68.72,-62.09
480595,0.5581,0.5889,-0.4373,3.86,-90.70,-67.10
480675,0.4141,0.6689,-0.4944,-1.21,-85.60,-81.66
480755,0.2588,0.7517,-0.5417,-1.96,-78.81,-93.23
480845,0.0852,0.8540,-0.6685,4.78,-76.38,-84.60
480925,0.0737,1.0378,-0.8740,7.34,-56.54,-52.34
481005,-0.0286,0.4470,-0.8003,-4.09,-48.84,-24.77
481095,-0.2070,0.4563,-0.8435,-17.39,3.49,-55.72
481175,-0.2227,0.7805,-0.6052,-15.77,22.90,-53.77
481255,-0.2253,0.7551,-0.5493,-5.53,9.47,-29.77
481345,-0.2463,0.8367,-0.5845,1.37,-1.28,-15.22
481425,-0.2737,0.7732,-0.5925,-0.68,0.37,-12.05
481505,-0.3235,0.7805,-0.5889,-6.38,10.80,-13.91
481595,-0.3782,0.7002,-0.5103,-15.24,20.95,-26.55
481675,-0.3938,0.8672,-0.3994,-21.18,13.58,-32.55
481755,-0.3923,1.0935,-0.6370,-6.20,-16.95,-1.94
481845,-0.2930,0.8115,-0.5479,0.72,-28.22,16.95
481925,-0.0898,0.7771,-0.6665,-5.15,11.83,-1.69
482005,-0.2095,1.0222,-0.4460,3.99,14.61,6.09
482095,-0.2402,0.8855,-0.4946,11.20,1.88,9.77
482175,-0.2305,0.9082,-0.3923,15.12,-0.09,14.34
482255,-0.2378,0.7917,-0.3425,21.09,-12.27,13.24
482345,-0.2722,0.8953,-0.3909,22.40,-28.59,0.90
482425,-0.3271,1.0037,-0.7607,31.50,-24.73,4.27
482505,-0.2258,0.9895,-0.6575,41.22,11.03,7.60
482595,-0.1541,0.7803,-0.5479,30.72,-4.66,20.69
482675,-0.1719,0.7759,-0.6995,30.88,1.00,19.98
482755,-0.2395,0.8025,-0.6177,17.63,10.24,5.48
482845,-0.2354,0.7427,-0.6196,15.38,2.03,5.06
482925,-0.2307,0.7249,-0.6472,8.00,10.83,-4.16
483005,-0.2703,0.7590,-0.5876,1.75,12.73,-8.82
483095,-0.2568,0.8503,-0.5500,4.08,2.45,-1.71
483175,-0.3081,0.6997,-0.5920,-3.39,0.09,-10.26
483255,-0.3108,0.6765,-0.5161,-12.55,5.90,-22.55
483345,-0.2756,1.1133,-0.5608,-13.78,5.29,-0.88
483425,-0.1208,0.8445,-0.6697,-12.55,33.95,-10.98
483505,-0.2114,1.0149,-0.3118,-3.87,39.86,6.17
483595,-0.2263,0.9216,-0.3560,5.72,-3.59,19.75
483675,-0.2368,0.8936,-0.4055,18.72,-8.61,22.02
483755,-0.2283,0.8999,-0.3403,19.74,-15.50,27.28
483845,-0.2319,0.8630,-0.3528,23.29,-23.58,22.84
483925,-0.2041,0.8220,-0.4983,24.14,-12.55,10.82
484005,-0.2251,1.0852,-0.7339,25.32,-1.58,-6.69
484095,-0.1055,1.0874,-0.6357,35.45,36.64,-3.80
484175,0.1143,0.8486,-0.4927,35.69,-5.12,28.64
484255,-0.0264,0.7903,-0.7712,28.56,2.62,20.78
484345,-0.0300,0.7927,-0.5786,12.74,3.07,11.90
484425,-0.0417,0.6931,-0.6479,2.33,13.08,2.30
484505,-0.0667,0.7009,-0.6045,-11.70,22.70,-10.34
484595,-0.0911,0.6521,-0.5293,-25.91,35.07,-22.71
484675,-0.1440,0.8484,-0.5000,-29.68,36.62,-20.05
484755,0.1030,1.5195,-0.6873,-12.60,33.75,25.08
484845,0.1042,1.1467,-0.7644,-10.20,24.20,73.33
484925,0.2544,0.9036,-0.2544,23.55,43.67,92.72
485005,0.3508,0.7822,-0.3481,18.61,50.31,95.95
485095,0.4536,0.6565,-0.1980,5.75,48.30,74.38
485175,0.7048,0.7554,-0.3816,6.02,34.84,68.11
485255,0.7085,0.7522,-0.1758,9.64,37.39,56.09
485351,0.7959,0.6028,-0.3630,9.09,22.00,55.38
485431,0.8918,0.5981,-0.3711,2.24,26.84,32.92
485511,0.9246,0.6111,-0.3027,-1.48,22.52,18.13
485601,0.9919,0.6440,-0.2739,-3.43,15.14,2.66
485681,1.0217,0.7275,-0.1865,4.55,-9.98,-2.65
485761,0.9531,0.7000,-0.3191,10.46,-20.15,-12.29
485851,0.8594,0.6702,-0.3076,21.66,-43.86,-18.15
485931,0.7319,0.5898,-0.4849,9.51,-47.40,-28.46
486011,0.6162,0.5408,-0.6421,-4.82,-31.14,-40.46
486101,0.6694,0.8496,-0.4451,1.45,-28.95,-56.23
486181,0.5261,0.8389,-0.5586,6.61,-34.63,-60.76
486462,0.2510,0.9407,-0.3235,-4.64,-6.20,-57.07
486545,0.2012,0.9021,-0.2881,-4.90,-19.18,-46.96
486625,0.1169,0.9624,-0.3853,2.69,-21.02,-50.97
486705,0.0039,0.8757,-0.3979,22.23,-32.34,-42.45
486794,-0.0784,0.8262,-0.6006,27.50,-15.12,-50.13
486874,-0.1467,0.9082,-0.5386,26.12,-4.92,-56.23
486954,-0.1790,0.9243,-0.5627,34.12,-9.74,-40.09
487044,-0.2708,0.8301,-0.5757,35.44,-9.56,-32.35
487124,-0.3267,0.8462,-0.6450,29.22,-5.81,-22.54
487204,-0.3357,0.8093,-0.6650,21.70,5.22,-5.19
487294,-0.3367,0.8059,-0.5872,16.77,8.60,7.35
487374,-0.3386,0.7629,-0.6265,15.65,9.58,9.70
487454,-0.3367,0.7437,-0.6462,20.69,13.11,11.59
487548,-0.2756,0.7517,-0.6824,23.47,17.55,9.16
487628,-0.2292,0.7302,-0.6616,24.27,20.30,5.10
487708,-0.2017,0.7271,-0.6572,21.62,20.13,1.70
487798,-0.1921,0.7263,-0.6733,20.95,17.16,-1.00
487878,-0.1917,0.7097,-0.7073,20.96,16.70,-3.27
487958,-0.1931,0.7185,-0.7305,19.44,18.30,-7.88
488048,-0.2112,0.6812,-0.7175,18.84,17.34,-9.98
488128,-0.2678,0.6790,-0.6960,20.14,11.60,-9.08
488208,-0.2681,0.6951,-0.7332,16.41,10.98,-5.59
488298,-0.2617,0.6545,-0.7200,9.98,8.09,-0.52
488378,-0.2595,0.6172,-0.6487,-2.95,-2.92,-4.79
488458,-0.1965,0.9597,-0.7236,-14.10,-10.75,1.04
488548,-0.1726,0.7087,-0.7991,-10.28,-8.39,12.98
488628,-0.1033,0.7783,-0.7759,-10.20,8.05,1.76
488708,-0.0820,0.7610,-0.6069,-8.16,19.55,3.51
488798,-0.0881,0.8521,-0.6436,-1.81,3.98,3.69
488878,-0.1069,0.8374,-0.6257,2.25,-3.59,5.13
488958,-0.1038,0.8108,-0.6157,0.84,-4.52,2.60
489048,-0.1140,0.8506,-0.6062,3.95,-5.68,2.00
489128,-0.1333,0.8491,-0.6089,8.41,-7.45,3.36
489208,-0.1299,0.8223,-0.5830,11.08,-9.06,4.15
489298,-0.1448,0.7844,-0.7258,13.15,-6.71,1.27
489378,-0.1355,0.7917,-0.7197,13.01,6.74,-6.99
489458,-0.1416,0.8000,-0.6433,6.50,13.67,-12.00
489548,-0.1558,0.8047,-0.6370,4.99,10.93,-11.71
489628,-0.1875,0.8069,-0.6304,2.10,11.66,-10.78
489708,-0.1772,0.7891,-0.6360,4.11,13.57,-9.70
489798,-0.1882,0.8040,-0.6284,6.71,11.34,-8.23
489878,-0.1814,0.8044,-0.6394,11.84,10.77,-4.16
489958,-0.1907,0.8169,-0.6580,19.16,7.38,-0.38
490052,-0.1855,0.7917,-0.6772,17.12,4.10,-1.70
490132,-0.1694,0.7495,-0.6899,14.17,9.94,-5.20
490212,-0.1794,0.7754,-0.6746,13.63,14.22,-9.86
490298,-0.1895,0.7742,-0.6399,15.39,12.03,-11.23
490378,-0.1895,0.6772,-0.6794,26.23,6.85,-0.77
490458,-0.2390,0.7139,-0.7759,29.34,1.69,0.59
490548,-0.2461,0.7305,-0.7195,20.40,7.98,-0.86
490628,-0.2349,0.6912,-0.6902,17.14,12.33,-1.52
490708,-0.2466,0.7429,-0.6785,9.84,11.07,0.38
490798,-0.2410,0.6777,-0.5852,-7.80,1.36,-6.45
490878,-0.2456,0.8955,-0.7605,-19.93,-7.35,-5.98
490958,-0.1624,0.7405,-0.7883,-20.52,-1.44,11.01
491048,-0.0020,0.7166,-0.5359,-12.27,18.12,-1.84
491128,-0.1089,0.8818,-0.5862,2.95,7.70,3.26
491208,-0.1272,0.8110,-0.5725,5.20,-6.80,8.52
491298,-0.1226,0.8462,-0.5100,9.58,-20.04,12.02
491378,-0.1572,0.8757,-0.4985,10.33,-32.72,11.59
491458,-0.1777,0.8103,-0.5112,20.44,-43.52,11.68
491548,-0.1938,0.8237,-0.5161,18.45,-45.09,1.34
491628,-0.2896,0.7939,-0.5049,14.73,-42.69,-9.86
491708,-0.3132,0.7947,-1.0276,17.88,-15.53,-18.27
491798,-0.2869,0.8975,-0.5967,0.80,36.98,-28.00
491878,-0.2529,0.6833,-0.6538,8.88,15.36,-5.84
491958,-0.3118,0.6289,-0.7612,15.91,13.72,-3.08
492048,-0.3403,0.6870,-0.6675,14.58,17.05,-3.29
492128,-0.3215,0.6584,-0.7026,12.80,21.76,-2.56
492208,-0.3164,0.7007,-0.6487,7.42,30.30,-8.71
492298,-0.3120,0.7173,-0.5820,-4.72,23.63,-9.72
492378,-0.2881,0.7219,-0.5920,-5.86,13.41,-4.02
492458,-0.3020,0.7915,-0.5305,-7.88,5.30,1.62
492548,-0.3411,0.8069,-0.4619,-11.74,-11.40,5.21
492628,-0.3633,0.8977,-0.5266,-17.04,-25.49,4.75
492708,-0.1594,1.2422,-1.0027,-8.48,-19.39,19.17
492798,-0.1365,0.6958,-0.6160,7.03,4.55,21.30
492878,-0.1836,0.8372,-0.6003,16.54,1.30,16.11
492958,-0.2300,0.9009,-0.4868,17.40,-1.80,7.86
493048,-0.2185,0.8669,-0.4355,19.70,-16.64,7.92
493128,-0.2390,0.7729,-0.3643,22.41,-33.96,0.68
493208,-0.2666,0.9629,-0.8889,23.25,-43.81,1.10
493298,-0.3188,1.0205,-0.6753,26.70,-13.04,-5.43
493378,-0.3376,0.7791,-0.7280,23.05,-7.76,5.87
493458,-0.3162,0.6746,-0.7322,26.81,-2.23,16.52
493548,-0.3101,0.6089,-0.7283,30.16,9.21,9.53
493628,-0.3069,0.6216,-0.6448,16.02,19.99,0.91
493708,-0.2668,0.6289,-0.6536,8.82,34.64,-3.40
493798,-0.2957,0.6951,-0.6138,7.66,32.05,-6.51
493878,-0.3193,0.7424,-0.5410,5.75,20.88,-4.02
493958,-0.3071,0.7793,-0.5486,4.06,8.85,4.37
494048,-0.2791,0.7896,-0.5164,-4.12,-6.34,5.46
494128,-0.2229,0.9382,-0.5913,-7.47,-25.61,19.12
494208,-0.1228,0.7876,-0.7734,-7.05,-1.82,26.27
494298,-0.1709,1.0032,-0.5845,15.12,8.20,8.78
494378,-0.2000,0.8560,-0.5320,10.27,-9.59,13.68
494458,-0.1589,0.8835,-0.4565,20.25,-13.08,20.39
494548,-0.1729,0.8008,-0.3926,21.04,-21.68,21.50
494628,-0.1660,0.8281,-0.4890,18.88,-34.76,12.23
494708,-0.2041,0.9263,-0.7803,16.49,-30.20,-2.52
494798,-0.1912,0.9473,-0.6189,18.34,9.20,-10.34
494878,-0.2192,0.8799,-0.5952,8.45,2.74,-7.02
494958,-0.1599,0.7263,-0.6433,27.01,-2.12,17.32
495048,-0.1953,0.7739,-0.7476,31.16,5.04,11.71
495128,-0.2056,0.7568,-0.5847,21.43,8.39,10.90
495208,-0.1860,0.6843,-0.6455,11.09,14.23,-0.34
495298,-0.1890,0.7805,-0.5828,2.68,19.87,-4.38
495378,-0.1985,0.7751,-0.5488,-6.02,15.52,-5.10
495458,-0.2551,0.9128,-0.4736,-13.55,0.89,-3.29
495548,-0.2788,0.9014,-0.4792,-25.90,-19.65,5.45
495628,-0.0774,1.2842,-0.7454,-19.22,-28.27,24.24
495708,-0.0786,0.7759,-0.5935,1.82,-6.52,32.34
495798,-0.0667,0.9985,-0.4399,7.64,-18.10,45.08
495878,-0.0547,0.9597,-0.4744,9.93,-16.30,45.67
495958,-0.0249,0.9597,-0.4023,14.38,-28.99,53.78
496048,0.0356,0.8440,-0.4080,22.18,-40.92,47.35
496128,0.0610,0.8386,-0.4587,18.45,-34.05,36.23
496208,0.0613,0.9712,-0.7214,20.83,-25.09,36.52
496298,0.1106,0.8870,-0.5391,26.02,24.12,45.45
496378,0.1636,0.8938,-0.6541,35.46,1.77,70.30
496458,0.1409,0.5735,-0.8940,37.64,28.20,52.15
496548,0.3389,0.7070,-0.4236,39.48,31.46,49.84
496628,0.4426,0.5161,-0.7705,33.62,24.15,28.72
496708,0.4561,0.7366,-0.6714,23.93,37.23,17.24
496798,0.4709,0.7070,-0.6694,11.74,21.17,16.45
496878,0.4951,0.6750,-0.6475,4.96,16.70,11.84
496958,0.5173,0.6724,-0.6519,-0.78,17.69,9.51
497048,0.5559,0.7207,-0.5583,-7.95,18.73,10.05
497128,0.5847,0.7117,-0.5444,-10.05,13.87,12.56
497208,0.5955,0.7183,-0.5393,-11.43,13.52,11.02
497298,0.6213,0.6931,-0.5154,-12.73,15.74,5.40
497378,0.6396,0.7114,-0.4932,-15.18,22.07,0.99
497458,0.6638,0.7639,-0.3733,-10.40,17.24,-0.03
497548,0.6636,0.7083,-0.4602,-14.79,5.23,8.35
497628,0.6699,0.7405,-0.3613,-13.78,14.59,3.41
497708,0.7212,0.8027,-0.2996,-6.38,5.78,3.00
497798,0.7041,0.7156,-0.3867,-8.20,-4.58,4.84
497878,0.7373,0.7854,-0.3252,1.27,-4.54,-3.27
497958,0.7146,0.8159,-0.3467,2.15,-8.21,-12.30
498048,0.6785,0.7683,-0.3706,5.07,-16.55,-22.17
498128,0.6250,0.8047,-0.3914,6.35,-16.74,-35.73
498208,0.5525,0.8306,-0.4019,8.65,-15.02,-45.83
498298,0.4702,0.8403,-0.4111,11.28,-14.87,-50.28
498378,0.3760,0.8293,-0.4705,10.92,-12.18,-58.50
498458,0.3093,0.8608,-0.4790,12.09,-7.84,-65.98
498548,0.2000,0.8948,-0.4646,9.61,-0.20,-70.40
498628,0.1135,0.9539,-0.4529,9.38,2.84,-66.66
498708,0.0464,1.0134,-0.4346,12.95,2.80,-54.85
498798,-0.0137,0.9890,-0.4448,18.84,-1.66,-38.49
498878,-0.0508,0.9778,-0.4685,22.57,-7.66,-27.66
498958,-0.0830,0.9434,-0.4905,30.40,-15.53,-11.65
499048,-0.0950,0.9084,-0.5828,37.61,-16.09,1.19
499128,-0.1201,0.8577,-0.6187,35.34,-10.34,0.33
499208,-0.1431,0.8540,-0.6052,25.34,-3.76,-2.05
499298,-0.1394,0.8394,-0.5750,11.94,-3.05,4.66
499378,-0.1531,0.8735,-0.5828,2.62,-8.69,7.88
499458,-0.1089,0.9509,-0.5732,-8.73,-7.41,6.96
499548,-0.1250,0.8899,-0.5435,-21.27,-11.88,11.55
499628,-0.0879,0.9548,-0.5310,-22.69,-2.70,17.97
499708,-0.0688,0.9487,-0.4343,-8.72,4.31,21.57
499798,-0.1042,0.9810,-0.3325,-0.46,-8.86,11.12
499878,-0.0808,0.9480,-0.3352,4.95,-20.23,5.37
499958,-0.0757,0.9126,-0.3464,13.55,-22.35,-3.05
500048,-0.0544,0.9136,-0.3394,18.33,-22.24,-3.41
500128,-0.0696,0.9280,-0.3738,21.25,-22.12,-4.91
500208,-0.1365,0.9448,-0.3479,23.73,-22.13,-8.03
500298,-0.1931,1.0117,-0.3394,26.91,-31.38,-5.88
500378,-0.2449,1.1309,-0.8196,36.87,-31.38,1.98
500458,-0.2622,0.8259,-0.4487,26.57,3.93,-18.07
500548,-0.1965,0.8271,-0.7305,29.01,3.28,-6.73
500628,-0.2710,0.7334,-0.6841,34.41,12.01,-11.09
500708,-0.2549,0.7817,-0.6741,30.64,17.20,-8.96
500798,-0.2410,0.7300,-0.6729,20.48,24.25,-12.63
500878,-0.2510,0.7178,-0.6777,17.97,27.02,-11.28
500958,-0.2417,0.7305,-0.6870,12.16,33.96,-14.34
501048,-0.2500,0.7773,-0.6418,7.08,30.08,-13.80
501128,-0.2441,0.7546,-0.6282,9.01,20.78,-5.44
501208,-0.2446,0.7295,-0.6201,8.56,16.41,-2.68
501298,-0.2385,0.7292,-0.5967,2.20,14.36,-2.83
501378,-0.2761,0.7542,-0.6458,-12.47,18.84,-9.27
501458,-0.2893,0.7651,-0.4949,-29.35,23.11,-18.76
501548,-0.3738,0.7847,-0.4854,-39.96,6.60,-24.98
501628,-0.0488,1.5120,-0.9556,-34.68,8.88,-14.32
501708,0.0085,0.7766,-0.5657,-11.74,13.37,25.36
501798,-0.0266,1.0325,-0.5005,5.29,33.04,21.46
501878,-0.0022,0.9885,-0.4529,16.34,12.13,27.35
501958,0.0149,0.9280,-0.4243,24.92,9.61,23.02
502048,0.0222,0.8730,-0.3472,28.20,-12.61,25.17
502128,0.0188,0.9246,-0.3735,28.59,-42.52,28.70
502208,-0.0391,0.8809,-0.8655,41.41,-35.65,43.77
502298,0.0430,0.9558,-0.6619,34.39,-13.41,38.29
502378,0.0559,0.7847,-0.7412,31.23,-0.15,48.59
502458,0.0945,0.7129,-0.7400,32.66,13.93,57.23
502548,0.1509,0.4705,-0.7751,31.69,33.95,52.46
502628,0.2073,0.4526,-0.7061,21.98,67.52,30.04
502708,0.3857,0.6006,-0.4006,18.98,49.25,49.73
502798,0.4592,0.5215,-0.6577,15.95,54.44,33.80
502878,0.4971,0.5796,-0.4600,5.35,47.74,26.56
502958,0.5557,0.5537,-0.5708,1.52,29.16,18.70
503048,0.6311,0.6113,-0.5046,-2.77,9.05,12.55
503128,0.6492,0.5569,-0.5986,-6.11,3.42,-2.10
503208,0.6267,0.6270,-0.5457,-0.66,-11.01,-7.05
503298,0.5925,0.6470,-0.6145,1.97,-22.71,-6.93
503378,0.5947,0.6587,-0.6438,0.57,-25.06,-15.45
503458,0.5957,0.6648,-0.6770,-7.78,-22.36,-22.90
503548,0.5432,0.7244,-0.7175,-15.53,-20.57,-30.06
503628,0.5144,0.8276,-0.6772,-16.14,-18.38,-36.98
503708,0.4536,0.9014,-0.7107,-11.46,-19.53,-33.16
503798,0.3813,0.9211,-0.6458,-6.66,-19.49,-30.14
503878,0.3611,0.9275,-0.6367,-3.70,-18.61,-26.31
503958,0.3245,0.8916,-0.6445,-0.61,-16.74,-24.62
504048,0.2473,0.8586,-0.6367,-1.98,-15.38,-34.28
504128,0.1912,0.8748,-0.6365,2.73,-7.63,-34.66
504208,0.1152,0.8484,-0.5974,13.48,-8.31,-39.67
504298,0.0867,0.8049,-0.6284,26.49,-24.03,-26.68
504378,-0.0242,0.7363,-0.7446,20.84,-25.54,-22.55
504458,-0.1096,0.6833,-0.6741,3.38,-17.44,-30.48
504548,-0.1501,0.8000,-0.8147,-1.43,-10.50,-20.55
504628,-0.1323,0.9075,-0.8049,-9.95,8.98,-13.34
504708,-0.1445,0.8159,-0.7319,-11.91,20.07,-2.40
504798,-0.1130,0.8005,-0.6155,-21.56,28.05,-6.80
504878,-0.1458,0.7024,-0.6443,-14.64,28.73,-18.91
504958,-0.0913,0.8762,-0.5540,-10.26,31.82,-30.45
505048,-0.0757,0.9238,-0.6731,-14.24,39.10,-30.98
505128,-0.0618,1.0369,-0.5891,-15.34,32.33,-5.32
505208,-0.0679,1.0159,-0.5176,-12.92,21.36,5.56
505298,-0.1116,0.9265,-0.5203,-6.77,3.30,2.50
505378,-0.0942,0.9187,-0.4570,-10.42,-3.07,-0.68
505458,-0.0105,0.9924,-0.4353,-5.19,-18.59,10.56
505548,-0.0015,1.0212,-0.4858,-1.46,-31.89,20.91
505628,-0.0383,0.9932,-0.4729,4.74,-34.77,28.72
505708,-0.0654,0.9631,-0.3960,14.16,-48.39,43.01
505798,-0.0586,0.7942,-0.3333,21.73,-66.89,42.63
505878,-0.0281,0.8005,-0.4294,21.38,-82.65,29.09
505960,-0.0476,0.7585,-0.5291,14.79,-74.66,14.16
506048,-0.1091,0.9016,-0.5703,12.08,-56.48,-5.05
506128,-0.2090,0.8271,-0.4375,6.70,-29.17,-27.10
506208,-0.2441,0.8674,-0.4836,-2.22,0.02,-40.96
506298,-0.2795,0.9294,-0.4429,-10.59,34.70,-51.30
506378,-0.2527,1.0229,-0.6194,-10.02,55.54,-45.84
506458,-0.2261,0.9751,-0.3726,2.73,79.88,-40.80
506548,-0.2048,0.8103,-0.5576,6.12,30.67,-4.81
506628,-0.3037,0.8560,-0.5012,8.60,24.84,-4.32
506708,-0.2847,0.7688,-0.4963,4.95,14.27,2.50
506798,-0.2715,0.7434,-0.5378,4.16,18.70,-3.36
506878,-0.2681,0.9084,-0.5713,-9.51,13.05,-13.38
506958,-0.2327,1.2461,-0.6768,-11.52,2.70,-6.61
507048,-0.0120,0.9712,-0.3035,-0.95,28.05,4.36
507128,-0.1206,1.0349,-0.3469,4.70,12.16,22.31
507208,-0.1284,0.8347,-0.3342,12.61,6.25,14.62
507298,-0.0903,0.7725,-0.2583,17.22,-0.41,5.89
507378,-0.1580,0.7947,-0.2571,15.64,-8.43,-5.77
507458,-0.2517,0.8633,-0.4119,6.57,-8.65,-31.05
507548,-0.3892,0.9114,-0.3049,-3.71,1.15,-59.69
507628,-0.3484,1.3379,-1.0747,13.14,34.07,-38.60
507708,-0.1467,1.0354,-0.3430,20.83,26.59,0.41
507798,-0.2292,0.6692,-0.4700,14.12,35.77,-20.12
507878,-0.2844,0.7126,-0.4614,3.88,38.09,-21.44
507958,-0.3196,0.6526,-0.4612,-7.32,43.06,-31.77
508048,-0.4341,0.6658,-0.4583,-20.91,57.36,-39.75
508128,-0.5273,0.7156,-0.4143,-9.99,47.33,-45.00
508208,-0.3943,1.1128,-0.6611,-10.21,30.12,-41.23
508298,-0.1321,1.3101,-0.5789,4.72,67.51,7.43
508378,-0.2542,0.9092,-0.5901,1.97,51.91,13.20
508458,-0.3164,0.8044,-0.4441,5.48,73.30,-17.14
508548,-0.2700,0.8228,-0.2844,4.35,62.05,-21.94
508628,-0.2314,0.7595,-0.4150,-1.78,64.44,-30.29
508708,-0.1887,1.0610,-0.6609,10.04,82.10,-46.81
508798,-0.0447,0.9363,-0.2839,12.06,74.48,-22.41
508878,-0.0452,0.9312,-0.8206,-7.52,57.44,-14.45
508958,-0.1104,0.8411,-0.4934,-10.15,67.35,-28.64
509048,-0.0774,0.7004,-0.5708,-17.32,62.60,-30.36
509128,-0.0859,0.7126,-0.6079,-20.64,79.20,-47.05
509208,-0.0791,1.0747,-0.5901,-2.09,85.47,-41.42
509298,0.2151,0.9517,-0.2087,-6.49,37.14,10.06
509378,0.0908,0.9893,-0.3660,-0.26,62.61,-9.21
509458,0.2129,0.9812,-0.1147,-0.16,26.24,-3.29
509548,0.1467,1.0381,-0.2219,10.23,-7.70,-10.68
509628,0.0769,0.9673,-0.5132,15.41,-16.84,-7.86
509708,0.0417,0.9133,-0.5352,20.41,4.62,-18.08
509798,0.0354,1.0125,-0.4006,16.01,5.30,-14.98
509878,0.0002,0.9333,-0.4731,14.42,0.91,-9.25
509958,-0.0032,0.9429,-0.5000,11.00,9.88,-8.80
510048,-0.0339,0.9189,-0.4917,9.27,16.23,-7.66
510128,-0.0171,0.9463,-0.4819,8.59,19.63,-5.26
510208,0.0107,0.9397,-0.4543,10.47,10.22,-1.30
510298,0.0017,0.9626,-0.4795,10.19,-3.16,3.77
510378,0.0295,0.9392,-0.4436,19.52,-13.45,7.63
510458,0.0264,0.8882,-0.3916,21.86,-17.20,3.09
510553,-0.0322,1.0305,-0.4224,26.47,-28.06,10.23
510633,-0.0559,0.9509,-0.5310,29.49,-37.71,20.20
510713,-0.0310,0.8430,-0.6335,27.14,-21.38,18.09
510803,-0.0222,0.9846,-0.6543,20.59,-8.42,16.85
510883,0.0154,0.6797,-0.5110,27.08,-25.07,24.10
510963,-0.0530,0.9282,-0.6440,22.93,-14.57,10.30
511053,-0.0708,0.8682,-0.5586,16.67,-18.80,7.05
511133,-0.0994,0.8752,-0.5740,13.49,-17.02,2.27
511213,-0.1182,0.8838,-0.5669,17.23,-13.98,-0.55
511303,-0.1162,0.8455,-0.6201,19.77,-8.38,3.60
511383,-0.1208,0.8579,-0.6057,17.01,1.52,1.00
511463,-0.0869,0.8555,-0.6108,13.46,7.64,-2.63
511553,-0.0850,0.8574,-0.5767,13.09,10.62,-3.55
511633,-0.0994,0.8538,-0.5840,12.59,10.45,-2.99
511713,-0.0840,0.8550,-0.5745,13.34,8.69,-0.27
511803,-0.0828,0.8623,-0.6003,12.25,4.26,0.67
511883,-0.0935,0.8647,-0.6108,9.70,5.70,0.32
511963,-0.0881,0.8643,-0.6023,9.23,2.58,2.91
512053,-0.0806,0.8701,-0.5808,11.05,4.17,-0.12
512133,-0.0740,0.8428,-0.6145,15.73,2.62,1.07
512213,-0.0747,0.8528,-0.5986,18.44,1.58,0.54
512303,-0.0759,0.8472,-0.6257,20.00,-1.93,2.63
512383,-0.0720,0.8379,-0.6018,18.65,-1.54,2.14
512463,-0.0757,0.8379,-0.6360,18.59,0.23,3.59
512555,-0.0732,0.8308,-0.6294,17.93,-0.40,4.55
512635,-0.0593,0.8191,-0.6389,17.74,-2.02,4.10
512715,-0.0747,0.8313,-0.6409,14.95,-0.85,4.16
512805,-0.0659,0.8364,-0.6240,13.27,-0.20,4.00
512885,-0.0684,0.8362,-0.6033,14.48,-4.09,6.63
512965,-0.0693,0.8313,-0.6194,14.94,-5.69,6.79
513055,-0.0718,0.8250,-0.6445,13.95,-8.73,5.08
513135,-0.0801,0.8157,-0.6343,12.12,-8.57,6.06
513215,-0.0786,0.8167,-0.6414,12.23,-7.29,6.66
513305,-0.0808,0.8125,-0.6648,11.47,-6.30,5.21
513385,-0.0869,0.8096,-0.6406,10.30,-4.45,3.28
513465,-0.0940,0.8167,-0.6465,9.23,-1.74,1.52
513555,-0.0879,0.8250,-0.6484,6.75,0.12,-1.16
513635,-0.0891,0.8386,-0.6187,5.52,2.05,-1.36
513715,-0.0833,0.8235,-0.6409,4.70,5.56,-1.37
513805,-0.0977,0.8398,-0.6196,4.31,8.08,-1.40
513885,-0.0920,0.8445,-0.6086,2.98,10.61,-2.58
513965,-0.0806,0.8479,-0.5969,2.09,11.41,-3.24
514055,-0.0823,0.8608,-0.6099,1.86,14.22,-6.54
514135,-0.0911,0.8831,-0.5859,4.56,18.93,-7.52
514215,-0.0752,0.8931,-0.5557,6.01,12.05,-2.38
514305,-0.0610,0.8645,-0.5820,8.09,5.48,-1.77
514385,-0.0701,0.8669,-0.5947,8.77,8.17,-3.45
514465,-0.0718,0.8855,-0.5601,11.01,10.04,-4.27
514555,-0.0715,0.8804,-0.5813,11.08,9.87,-2.91
514635,-0.0623,0.8875,-0.5588,9.78,7.72,-1.36
514715,-0.0605,0.8772,-0.5825,4.84,5.95,-1.58
514805,-0.0522,0.8872,-0.5481,3.54,4.80,1.26
514885,-0.0464,0.8835,-0.5518,3.24,1.94,1.25
514965,-0.0503,0.8809,-0.5625,0.36,-0.68,-0.63
515055,-0.0530,0.8750,-0.5732,-0.73,0.10,-5.70
515135,-0.0745,0.9009,-0.5615,3.77,6.88,-7.23
515215,-0.0811,0.8997,-0.5483,5.04,11.43,-5.88
515305,-0.0713,0.8992,-0.5432,4.09,10.70,-5.96
515385,-0.0684,0.9131,-0.5332,5.26,9.18,-3.79
515465,-0.0693,0.9058,-0.5264,5.60,6.82,0.25
515555,-0.0703,0.9048,-0.5276,6.07,6.54,-0.12
515635,-0.0557,0.9050,-0.5439,4.27,8.23,0.01
515715,-0.0435,0.9231,-0.5396,1.77,10.64,0.43
515805,-0.0415,0.9255,-0.5142,5.38,12.52,-1.84
515885,-0.0447,0.8940,-0.5315,8.30,13.37,-1.10
515965,-0.0247,0.9236,-0.5193,8.81,16.72,-4.04
516055,-0.0493,0.9143,-0.5342,5.99,21.61,-9.77
516135,-0.0659,0.9321,-0.4905,5.48,17.48,-7.98
516215,-0.0662,0.9404,-0.5027,5.38,14.27,-6.74
516305,-0.0537,0.9365,-0.5090,7.03,10.35,-3.77
516385,-0.0498,0.9341,-0.4983,8.33,7.26,-1.73
516676,-0.0420,0.9341,-0.4919,6.09,3.62,-0.05
516760,-0.0337,0.9495,-0.4834,4.27,3.72,1.74
516840,-0.0308,0.9365,-0.4783,3.86,1.14,3.30
516920,-0.0300,0.9419,-0.4844,5.97,-0.82,4.36
517009,-0.0254,0.9482,-0.4841,8.02,-4.18,5.55
517089,-0.0283,0.9373,-0.4929,7.63,-5.17,6.70
517169,-0.0151,0.9355,-0.4995,9.41,-3.66,5.84
517259,-0.0220,0.9282,-0.5156,9.08,-0.86,4.89
517339,0.0002,0.9358,-0.5217,10.16,4.95,2.77
517419,0.0076,0.9268,-0.5000,10.70,5.02,0.45
517509,0.0134,0.9014,-0.5134,11.67,6.79,-2.82
517589,0.0085,0.9182,-0.5112,8.59,9.55,-6.39
517669,-0.0015,0.9229,-0.5234,6.68,10.66,-6.54
517759,-0.0127,0.9277,-0.5117,13.53,10.43,-3.09
517839,0.0117,0.8979,-0.5322,20.73,10.06,-2.74
517919,-0.0310,0.8958,-0.5640,17.16,11.60,-7.89
518009,-0.0513,0.8918,-0.5903,17.27,11.49,-13.55
518089,-0.0251,0.7974,-0.6160,18.15,6.61,-10.80
518169,-0.0266,0.9277,-0.6565,9.03,31.01,-18.27
518259,0.0596,0.9456,-0.5813,7.77,53.63,-11.55
518339,0.0464,0.8936,-0.5400,16.69,52.35,-0.05
518419,0.0417,0.8977,-0.3750,19.26,42.50,-9.91
518509,0.0500,0.9480,-0.3826,21.23,3.84,-3.32
518589,0.0881,0.9170,-0.4819,18.99,-10.97,-2.16
518669,0.0623,0.8960,-0.4517,12.65,-14.72,-11.90
518761,0.0591,0.9417,-0.4519,1.05,-17.74,-17.03
518841,0.0437,0.9661,-0.3784,-3.84,-17.99,-16.98
518921,-0.0068,0.9739,-0.5344,-1.98,-17.98,-9.52
519011,-0.1567,0.8115,-0.7170,-1.62,18.63,-22.93
519091,-0.2751,0.7439,-0.5884,5.79,47.86,-43.10
519171,-0.3147,0.8899,-0.4771,24.32,9.52,-15.12
519261,-0.3308,0.7175,-0.6460,25.31,6.52,-22.00
519341,-0.3325,0.8289,-0.5432,16.34,15.72,-16.16
519421,-0.2817,0.8582,-0.5554,12.25,15.43,-4.77
519511,-0.2800,0.8806,-0.5210,-6.24,24.73,-0.15
519591,-0.2644,0.7737,-0.4714,-21.98,36.39,-5.11
519671,-0.2764,0.8120,-0.4243,-24.98,38.59,-15.38
519761,-0.0942,1.3909,-0.6870,-22.09,25.67,9.66
519841,-0.0276,0.6531,-0.5642,-13.16,41.18,-4.95
519921,-0.0542,1.1436,-0.3931,10.57,42.78,5.00
520011,-0.0552,0.8079,-0.4888,13.47,37.14,3.60
520091,-0.0647,0.8765,-0.3269,10.73,49.62,-15.76
520171,-0.0874,0.9680,-0.2668,12.04,34.99,-15.01
520261,-0.1133,0.9219,-0.3657,13.87,23.97,-14.90
520341,-0.1440,1.0730,-0.3491,21.58,5.84,-20.74
520421,0.2163,1.5210,-1.0554,23.18,1.33,-16.57
520511,0.0708,1.1211,-0.4697,28.78,19.06,-52.77
520591,-0.0193,0.7031,-0.7104,30.45,5.53,-18.96
520671,-0.1089,0.8372,-0.6235,10.70,30.51,-40.57
520761,-0.1543,0.7915,-0.4878,9.19,34.34,-29.30
520841,-0.2158,0.7332,-0.5493,3.82,34.77,-22.79
520924,-0.2759,0.7827,-0.5813,-1.69,36.92,-26.22
521011,-0.2444,0.6826,-0.5483,-9.12,39.58,-41.13
521091,-0.2676,1.1970,-0.7715,-8.99,43.40,-49.42
521171,-0.1685,1.1306,-0.7993,-9.05,23.15,-30.18
521261,-0.0791,0.8892,-0.4854,-6.95,55.52,-33.18
521341,-0.1650,0.8843,-0.4607,-0.48,55.15,-28.07
521421,-0.1208,0.8706,-0.3162,4.08,41.32,-24.27
521511,-0.1331,0.8713,-0.4111,4.08,27.66,-23.08
521591,-0.2012,0.8948,-0.5332,6.98,20.25,-15.84
521671,-0.2444,0.8596,-0.5696,6.53,28.02,-27.11
521762,-0.2285,0.8931,-0.4578,-0.23,35.12,-22.72
521842,-0.1802,0.8813,-0.4802,2.75,25.75,-7.75
521922,-0.1792,0.8450,-0.5073,1.27,30.02,-8.37
522011,-0.2305,0.8430,-0.4500,0.12,23.76,-20.22
522091,-0.2900,0.8860,-0.5103,12.69,7.12,-23.34
522171,-0.2317,0.9229,-0.5933,12.38,0.89,-22.46
522261,-0.2146,0.8320,-0.5667,11.53,12.49,-18.35
522341,-0.2939,0.7432,-0.6077,13.43,1.20,-4.08
522421,-0.3477,0.7339,-0.6548,9.43,6.46,-17.92
522511,-0.3291,0.7166,-0.5508,-0.50,4.09,-18.00
522591,-0.3552,0.9180,-0.5515,-0.86,3.59,-9.12
522671,-0.3689,0.8862,-0.6018,5.09,-0.88,-0.80
522761,-0.3330,0.8196,-0.5105,13.08,-9.89,20.40
522841,-0.3101,0.7834,-0.5852,6.20,-0.17,10.78
522921,-0.3044,0.8220,-0.5461,-3.98,10.12,-2.37
523011,-0.2820,0.8501,-0.4751,-4.12,12.52,-8.00
523091,-0.3005,0.8464,-0.5020,-5.64,12.83,-14.12
523171,-0.3101,0.8540,-0.4602,-2.67,12.34,-15.99
523261,-0.3547,0.8508,-0.4731,-4.48,16.30,-17.85
523341,-0.3625,0.8699,-0.4185,-2.80,15.91,-17.81
523421,-0.3872,0.8831,-0.4004,1.37,9.26,-11.20
523511,-0.3848,0.8616,-0.4346,1.66,4.72,-7.80
523591,-0.3975,0.8896,-0.4277,5.87,2.69,-3.48
523671,-0.3999,0.8638,-0.4465,7.44,4.63,-2.13
523761,-0.3906,0.8667,-0.4182,14.19,-1.24,0.78
523841,-0.3931,0.8523,-0.4629,16.59,-0.62,1.98
523921,-0.3801,0.8330,-0.4736,16.41,1.38,1.38
524011,-0.3889,0.8345,-0.4919,15.56,9.17,-0.77
524091,-0.3677,0.8552,-0.4768,16.20,9.60,-1.33
524171,-0.3762,0.8591,-0.4868,15.02,9.69,-0.41
524261,-0.3694,0.8318,-0.4939,14.46,11.91,1.99
524341,-0.3647,0.8210,-0.5261,8.43,14.25,-0.20
524421,-0.3550,0.8193,-0.5483,0.38,23.39,-3.42
524511,-0.3440,0.8389,-0.5193,-1.12,34.67,-11.33
524591,-0.3403,0.8271,-0.5149,-5.42,44.42,-15.85
524671,-0.3318,0.8354,-0.4846,-7.84,53.30,-23.47
524761,-0.3286,0.8657,-0.4414,-4.90,45.65,-24.30
524841,-0.3296,0.8801,-0.4333,-1.20,28.77,-16.74
524921,-0.3274,0.8872,-0.4424,3.12,14.07,-7.65
525011,-0.3147,0.8567,-0.4727,7.98,3.58,-3.59
525091,-0.3096,0.8499,-0.4761,10.84,2.03,-6.42
525171,-0.3193,0.8618,-0.4885,13.17,0.38,-5.51
525261,-0.3376,0.8479,-0.5076,11.55,0.88,-8.20
525341,-0.3418,0.8359,-0.5081,10.12,5.91,-12.85
525421,-0.3386,0.8298,-0.4971,9.12,5.99,-13.69
525511,-0.3542,0.8496,-0.4800,10.84,1.22,-9.91
525591,-0.3865,0.8394,-0.4900,13.05,1.70,-5.43
525671,-0.4133,0.8845,-0.4558,20.23,-7.93,7.09
525761,-0.3845,0.8040,-0.5090,18.74,-13.56,14.28
525841,-0.3738,0.8083,-0.5078,15.22,-7.12,10.23
525921,-0.4277,0.8381,-0.4492,22.33,-9.34,15.81
526011,-0.4128,0.8726,-0.4387,37.41,-28.52,32.72
526091,-0.4163,0.8015,-0.5247,40.58,-43.95,53.47
526171,-0.4067,0.7388,-0.5310,35.69,-55.80,55.06
526261,-0.4248,0.7495,-0.5371,36.89,-55.98,53.41
526341,-0.3821,0.7471,-0.6523,21.47,-48.06,48.65
526421,-0.2805,0.7498,-0.6516,16.05,-14.27,29.64
526511,-0.2676,0.8767,-0.6123,14.02,12.51,19.66
526591,-0.2427,0.8508,-0.4072,-3.36,35.95,-0.47
526671,-0.3125,0.9170,-0.4109,-10.37,22.15,0.01
526761,-0.2959,0.8188,-0.3694,-4.56,32.17,-11.87
526841,-0.2793,0.8982,-0.3682,-2.59,37.29,-15.03
526921,-0.3176,0.7878,-0.2869,16.75,18.09,-25.66
527011,-0.3384,0.9768,-0.8594,31.86,39.31,-23.95
527091,-0.1587,1.0483,-0.4551,33.77,17.94,-21.48
527171,-0.1104,0.7966,-0.5889,16.50,22.40,-19.88
527261,-0.1970,0.7908,-0.5291,5.45,28.40,-19.91
527341,-0.1890,0.7893,-0.5662,1.20,20.73,-11.27
527421,-0.2451,0.7510,-0.5996,-5.49,21.70,-7.95
527511,-0.2878,0.7673,-0.5542,-13.72,20.57,-9.10
527591,-0.3228,0.7905,-0.5759,-19.37,18.25,-9.42
527671,-0.1399,1.1960,-0.7629,-21.87,23.28,-2.84
527761,-0.1106,1.0337,-0.6890,-16.41,17.04,37.02
527841,-0.0178,0.8652,-0.3020,-22.48,49.69,26.74
527921,0.0862,1.0237,-0.2866,-24.44,29.86,41.61
528011,0.1113,0.9871,-0.2703,-13.91,27.91,33.81
528091,0.1841,0.9812,-0.2551,-13.66,23.88,32.86
528171,0.2402,1.0044,-0.2500,-4.30,19.12,25.32
528261,0.2373,1.0374,-0.2583,12.28,16.68,3.71
528341,0.1333,0.9685,-0.4841,18.88,15.00,-15.20
528421,0.2024,0.9861,-0.3389,23.79,7.62,-26.25
528511,0.1597,0.9739,-0.3926,8.67,15.31,-42.57
528591,0.0737,0.9570,-0.3320,11.16,17.59,-39.42
528671,-0.0107,0.9980,-0.4392,12.45,14.49,-39.68
528761,-0.0249,1.0054,-0.4048,15.87,16.36,-37.21
528841,-0.0977,1.0127,-0.4509,12.42,38.41,-33.62
528921,-0.1267,1.0012,-0.3003,14.16,40.91,-26.34
529011,-0.1343,0.9116,-0.4717,13.74,30.02,-15.27
529091,-0.1702,0.9077,-0.4600,17.30,46.24,-22.77
529171,-0.1035,1.0579,-0.4910,22.80,49.65,-13.16
529261,-0.0457,0.9319,-0.4500,29.24,52.30,-13.16
529341,-0.0405,0.9507,-0.3374,21.27,43.98,-13.56
529421,-0.0098,1.0205,-0.4514,17.06,26.88,-9.46
529511,-0.0564,0.8838,-0.4678,12.39,37.13,-32.66
529591,-0.1003,0.9277,-0.4390,23.52,18.16,-34.59
529671,-0.1558,0.8416,-0.5457,29.87,14.02,-36.27
529761,-0.1887,0.8501,-0.5771,26.73,15.51,-37.34
529841,-0.2383,0.7974,-0.6436,19.66,22.66,-40.88
529921,-0.2458,0.8511,-0.5918,11.68,28.89,-42.40
530011,-0.2463,0.8589,-0.5505,10.05,22.21,-37.53
530091,-0.2466,0.8586,-0.5835,16.30,16.55,-25.48
530171,-0.2378,0.8086,-0.6267,16.74,20.35,-20.48
530261,-0.2249,0.8115,-0.6538,18.17,28.52,-19.19
530341,-0.2283,0.7583,-0.6641,13.57,28.78,-18.64
530421,-0.2163,0.7109,-0.6655,8.30,30.82,-23.27
530511,-0.2441,0.7195,-0.7153,4.38,31.11,-24.75
530591,-0.2244,0.7375,-0.7649,8.91,27.76,-21.21
530671,-0.2290,0.6555,-0.7815,6.65,33.76,-16.05
530761,-0.2627,0.5691,-0.7754,5.50,46.68,-25.38
530841,-0.2322,0.6562,-0.7600,1.68,60.26,-34.66
530921,-0.2366,0.7136,-0.6807,-5.30,61.66,-38.34
531011,-0.2839,0.7344,-0.5920,-11.68,44.51,-43.25
531091,-0.2649,0.7563,-0.5391,-10.33,26.45,-36.82
531171,-0.2839,0.6912,-0.5918,-16.22,7.12,-34.38
531261,-0.3496,1.4709,-0.8159,-14.35,-3.77,-29.64
531341,-0.1255,0.5398,-0.7434,-10.12,-25.32,9.48
531421,-0.1013,0.8357,-0.7778,-1.66,26.21,-16.78
531511,-0.1675,0.7871,-0.6377,3.77,14.61,1.62
531591,-0.1753,0.8450,-0.5256,7.35,13.78,-0.81
531671,-0.1748,0.8311,-0.5112,15.76,-1.35,12.27
531761,-0.1836,0.7241,-0.4646,22.30,-19.48,4.40
531841,-0.2146,0.7334,-0.5056,19.98,-29.03,-7.59
531921,-0.2939,0.9238,-0.8428,23.42,-26.87,-19.67
532011,-0.3311,1.0193,-0.6567,11.81,24.77,-30.99
532091,-0.1536,0.6033,-0.7249,7.16,15.91,-7.45
532171,-0.2209,0.7043,-0.7461,18.99,22.51,-7.95
532261,-0.2485,0.6562,-0.7100,14.99,19.87,-4.35
532341,-0.2512,0.6235,-0.7253,9.52,29.73,-13.25
532421,-0.2915,0.6533,-0.6714,-1.51,41.42,-25.73
532511,-0.2908,0.6501,-0.5928,-19.59,44.99,-35.71
532591,-0.3276,0.7446,-0.4595,-19.66,32.94,-33.37
532671,-0.3979,0.7319,-0.4414,-15.23,4.48,-20.38
532761,-0.3276,1.1206,-0.6775,-3.90,-9.98,-18.87
532841,-0.1133,0.5063,-0.9502,1.66,-4.28,21.83
532921,-0.1936,1.0032,-0.6235,10.70,31.73,-1.48
533011,-0.1792,0.8130,-0.4700,20.92,-2.24,25.42
533091,-0.1619,0.7107,-0.5049,28.17,-11.39,28.14
533171,-0.2480,0.7227,-0.4719,27.55,-16.44,27.64
533261,-0.3123,0.6841,-0.3853,32.62,-36.30,21.39
533341,-0.3975,0.7378,-0.5312,27.20,-45.27,2.12
533421,-0.4648,0.7620,-0.5007,4.26,-45.45,-36.58
533511,-0.1702,0.8071,-1.0200,14.39,2.83,-22.54
533591,-0.2600,0.8652,-1.1340,27.90,24.48,28.97
533671,-0.2439,0.5945,-0.6780,19.92,24.55,13.74
533761,-0.2632,0.6206,-0.6179,9.97,33.31,2.90
533841,-0.2539,0.6890,-0.6704,3.63,41.38,-13.55
533921,-0.3770,0.7422,-0.6099,-19.05,38.00,-31.88
534011,-0.3398,0.8667,-0.6855,-39.86,12.45,-45.97
534091,-0.0361,0.9639,-0.7317,-34.48,19.27,-17.74
534171,-0.1260,0.8801,-0.7507,-21.83,38.42,-13.83
534261,-0.1143,0.7822,-0.3853,-5.29,22.30,2.23
534341,-0.1526,0.7756,-0.3958,9.61,10.92,2.64
534421,-0.1790,0.8423,-0.4319,20.55,1.59,9.83
534511,-0.2380,0.7517,-0.4199,29.74,-12.59,-4.48
534591,-0.2410,0.9778,-0.8071,26.21,-15.41,-34.28
534671,-0.2561,0.8469,-0.8584,21.64,28.44,-33.18
534761,-0.0835,0.8408,-0.7612,19.38,25.71,2.52
534841,-0.1729,0.6943,-0.5935,20.33,15.89,-3.45
534921,-0.2373,0.6797,-0.5347,16.91,18.83,-0.71
535011,-0.2046,0.7034,-0.5027,7.69,10.84,-8.52
535091,-0.2717,0.7195,-0.6301,-2.81,6.38,-12.24
535171,-0.3354,0.8237,-0.5852,-16.97,-2.75,-10.92
535261,-0.1233,1.0061,-0.6423,-19.25,5.12,5.83
535341,-0.0986,0.7827,-0.6428,-4.09,14.65,-13.32
535421,-0.1741,0.8582,-0.5137,22.06,-7.80,25.53
535511,-0.1711,0.7087,-0.5317,33.77,-10.17,17.73
535591,-0.2419,0.6953,-0.5417,23.59,-2.87,9.63
535671,-0.2690,0.7073,-0.5120,22.46,4.00,0.66
535768,-0.3550,0.8018,-0.5134,14.89,-14.72,-23.56
535848,-0.2178,0.9661,-1.0293,21.55,4.80,-13.03
535928,-0.0317,0.7695,-0.6101,33.70,-2.89,31.45
536017,-0.0703,0.6440,-1.0586,34.80,12.84,26.71
536097,-0.1211,0.6172,-0.7207,22.37,36.27,1.03
536177,-0.1316,0.6001,-0.6155,15.70,16.85,-8.23
536267,-0.1841,0.5505,-0.6099,6.70,17.74,-27.95
536347,-0.2324,0.6604,-0.6492,-6.74,10.23,-32.45
536427,-0.2705,0.5945,-0.6279,-8.33,11.76,-25.08
536517,-0.2983,0.4778,-0.6531,-19.09,37.05,-24.27
536597,-0.3733,0.3684,-0.4246,-29.91,35.50,-46.02
536677,-0.1533,1.6323,-0.7292,7.55,11.94,-26.48
536767,-0.3315,1.4438,-1.0317,10.30,-25.57,52.18
536852,-0.1680,0.9358,-0.7827,-0.84,1.02,49.29
536932,-0.1638,0.8054,-0.5159,6.30,-3.23,42.19
537017,-0.1924,0.7773,-0.4072,23.78,-33.62,35.40
537097,-0.2378,0.6714,-0.5918,22.82,-41.70,6.66
537177,-0.0698,1.1763,-1.2551,15.81,-21.88,-24.25
537267,0.0134,1.2480,-0.7134,16.97,3.38,-5.96
537347,-0.0427,0.7583,-0.6113,22.06,-14.30,17.38
537427,-0.1177,0.7739,-0.6379,17.45,-16.04,26.00
537517,-0.1775,0.6841,-0.5947,11.76,-11.04,26.75
537597,-0.1953,0.5676,-0.6582,-3.27,5.98,2.77
537677,-0.1807,0.6782,-0.5901,-20.91,9.70,-40.48
537769,-0.1250,1.1123,-0.7458,-17.18,12.15,-19.05
537849,-0.1099,1.0027,-0.5049,-2.20,17.55,-8.72
537929,-0.1589,0.9290,-0.4946,11.47,-4.59,11.69
538019,-0.1599,0.8384,-0.4412,18.50,-6.65,15.98
538099,-0.1851,0.8572,-0.4473,24.50,-10.09,16.87
538179,-0.2058,0.7502,-0.4653,28.59,-12.82,8.79
538269,-0.2441,0.7754,-0.4402,20.66,-20.14,-12.07
538349,-0.2717,0.9194,-0.7852,9.71,-12.60,-29.66
538429,-0.1365,0.8013,-0.6208,4.32,37.07,-20.54
538519,-0.0647,0.8450,-0.7332,8.83,30.23,7.51
538599,-0.1169,0.8718,-0.5444,10.36,26.96,9.55
538679,-0.1628,0.8135,-0.5342,5.92,14.25,18.44
538769,-0.2004,0.8071,-0.5298,7.10,13.84,18.23
538849,-0.1724,0.7930,-0.5396,-3.51,17.90,9.07
538929,-0.1365,0.8398,-0.5637,-16.02,22.20,1.20
539019,-0.0356,1.3289,-0.6606,-21.46,24.49,8.58
539099,0.1008,0.9429,-0.7017,-18.58,3.43,50.01
539179,0.2322,0.7520,-0.4595,14.74,46.62,38.03
539269,0.2610,0.9060,-0.4319,19.12,22.66,63.34
539349,0.2810,0.8730,-0.4702,15.09,19.25,59.54
539429,0.3518,0.8489,-0.3606,17.55,6.30,60.53
539519,0.4626,0.8616,-0.6072,5.26,-8.93,54.11
539599,0.4587,0.8020,-0.5300,4.30,16.23,44.02
539679,0.5203,0.7834,-0.5610,5.52,13.65,38.41
539769,0.5332,0.7876,-0.4390,-3.05,25.14,27.12
539849,0.5898,0.7842,-0.4365,0.77,23.61,27.52
539929,0.6558,0.7666,-0.3582,-5.14,19.90,23.08
540019,0.6848,0.7471,-0.3958,-2.51,-9.59,24.57
540099,0.7424,0.8237,-0.2561,-0.56,2.05,13.74
540179,0.7075,0.7363,-0.3721,-8.73,-19.91,15.99
540269,0.7253,0.7632,-0.2778,-10.45,-17.20,12.00
540349,0.7026,0.7190,-0.3635,-23.91,-19.20,8.20
540429,0.7268,0.8284,-0.2571,-22.50,-15.68,6.61
540519,0.7063,0.8523,-0.3794,-9.22,-34.33,6.20
540599,0.6589,0.7705,-0.4543,1.80,-41.99,-4.39
540679,0.6101,0.7644,-0.4075,9.61,-54.41,-15.95
540777,0.5081,0.8193,-0.4993,9.16,-61.52,-31.60
540857,0.3752,0.8186,-0.4778,18.25,-68.65,-32.29
540937,0.2498,0.7979,-0.5579,23.50,-77.16,-26.82
541027,0.1812,0.7717,-0.6333,22.18,-70.12,-17.55
541107,0.1704,0.7302,-0.6775,6.05,-55.92,-16.30
541187,0.1462,0.7681,-0.7083,-5.15,-40.31,-23.48
541277,0.1130,0.8281,-0.4790,-10.82,-35.89,-21.55
541357,0.0837,0.9697,-0.4690,-0.62,-46.86,-15.37
541437,-0.0090,0.9724,-0.4897,-1.16,-68.22,-3.07
541527,-0.0205,0.9402,-0.4873,18.20,-71.31,12.99
541607,-0.0793,0.8826,-0.5798,37.79,-79.27,27.80
541693,-0.2600,0.8457,-0.6111,57.64,-60.05,31.95
541777,-0.3152,0.9099,-0.8096,60.95,-39.73,36.08
541857,-0.3232,0.9084,-0.5627,42.81,-45.37,30.23
541937,-0.2266,0.6890,-0.6128,42.81,-49.53,36.40
542027,-0.2441,0.7324,-0.6443,22.34,-32.55,24.90
542107,-0.2922,0.7939,-0.5750,8.73,-33.59,21.32
542187,-0.3279,0.7627,-0.6118,9.34,-41.93,27.23
542277,-0.3494,0.7292,-0.6040,9.44,-47.34,30.02
542357,-0.3750,0.7422,-0.6099,12.81,-49.31,29.38
542437,-0.3689,0.7051,-0.6147,16.38,-56.91,29.65
542527,-0.3049,0.8342,-0.6123,27.05,-57.12,35.76
542607,-0.2634,0.7859,-0.5593,31.87,-57.55,40.21
542693,-0.2444,0.9001,-0.6965,21.11,-15.73,23.06
542777,-0.2322,1.1184,-0.3677,8.20,-13.27,30.14
542857,-0.2449,0.8298,-0.5061,18.54,-20.98,38.00
542937,-0.2280,0.9243,-0.4263,8.33,-21.18,43.11
543027,-0.2336,0.8438,-0.4182,12.93,-15.70,41.88
543107,-0.2744,0.8254,-0.4387,15.18,-8.80,27.50
543187,-0.2405,0.8386,-0.3970,20.96,-10.61,14.59
543277,-0.2961,0.9006,-0.4346,23.06,-29.26,-13.05
543357,-0.1365,1.0762,-0.9612,44.41,-5.15,-7.70
543437,0.0339,0.9009,-0.3149,29.16,4.34,1.35
543527,-0.0938,0.7849,-0.7449,10.86,10.50,-9.76
543607,-0.1707,0.8384,-0.4929,7.87,16.50,-11.17
543695,-0.1936,0.7395,-0.5828,14.42,16.65,-10.62
543777,-0.2434,0.7852,-0.5503,12.50,18.29,-11.96
543857,-0.2896,0.7683,-0.5635,5.63,17.74,-15.44
543937,-0.3357,0.7720,-0.5498,-8.53,25.03,-22.35
544027,-0.4136,0.7786,-0.5527,-39.15,15.55,-40.46
544107,-0.0369,1.1509,-0.3481,-34.73,-0.34,-3.43
544187,-0.0234,0.8789,-0.6365,-10.84,39.65,-18.12
544277,-0.0422,1.0149,-0.2583,1.87,20.46,3.82
544357,-0.1609,0.8962,-0.4016,18.62,5.88,9.95
544437,-0.1587,0.9346,-0.3469,22.76,-17.11,10.69
544527,-0.1609,0.8904,-0.3467,24.05,-37.80,22.27
544607,-0.1951,0.8062,-0.4573,23.79,-26.38,13.76
544691,-0.2722,0.8604,-0.3018,18.92,-16.83,4.48
544777,-0.2429,0.8796,-0.2070,18.27,-16.34,-4.24
544857,-0.2588,1.1633,-0.8228,26.27,-3.95,-9.68
544937,-0.3159,0.6799,-0.8035,30.91,69.29,-31.38
545027,0.0269,0.8232,-0.5801,27.17,25.71,10.10
545107,-0.1277,0.5195,-0.8347,15.76,34.68,-24.80
545187,-0.1958,0.8147,-0.5784,0.17,37.72,-37.84
545277,-0.2119,0.7454,-0.6135,-11.96,22.36,-33.25
545357,-0.2634,0.8010,-0.5422,-10.50,19.10,-28.23
545437,-0.3003,0.7227,-0.5447,-11.49,9.30,-21.39
545527,-0.3582,0.6038,-0.5342,-15.68,9.74,-21.48
545607,-0.3154,0.6597,-0.6418,-11.25,9.69,-27.24
545693,-0.3518,1.5986,-0.6052,6.57,-12.26,19.88
545777,-0.3445,0.8765,-0.7097,-3.46,-22.66,0.91
545857,-0.0908,0.9294,-0.4517,-11.32,23.00,-0.03
545937,-0.1865,0.9175,-0.4590,-11.07,31.04,3.05
546027,-0.2151,0.9048,-0.4126,-4.73,38.20,-5.54
546107,-0.2241,0.9062,-0.3169,-1.12,31.30,-3.39
546187,-0.2253,0.8645,-0.3418,2.77,25.81,-7.05
546277,-0.2556,0.8818,-0.3418,8.98,22.51,-14.80
546357,-0.3315,0.8789,-0.4365,19.94,16.52,-16.36
546437,-0.3237,1.1843,-0.7629,36.34,19.75,-18.02
546527,-0.1963,0.9802,-0.4194,36.24,24.23,-16.54
546607,-0.0552,0.7515,-0.5635,17.38,11.55,-5.53
546890,-0.2725,0.7861,-0.5903,-15.62,32.52,-28.57
546978,-0.3083,0.7563,-0.5505,-23.25,36.12,-38.72
547058,-0.3350,0.9004,-0.5559,-14.88,33.73,-38.32
547138,-0.3518,0.9248,-0.5356,-11.85,32.26,-38.72
547227,-0.2354,1.0039,-0.4106,-6.73,29.27,-13.80
547307,-0.2576,0.9395,-0.4795,0.47,29.31,-12.27
547387,-0.2830,0.8933,-0.4890,4.52,31.76,-12.75
547477,-0.2622,0.9031,-0.3804,3.98,29.21,-8.66
547557,-0.2749,0.9297,-0.3650,3.83,19.41,-7.77
547637,-0.2712,0.8850,-0.4221,4.37,17.51,-7.93
547727,-0.2961,0.8840,-0.4204,5.38,14.30,-9.44
547807,-0.2954,0.8967,-0.4810,7.63,12.03,-9.47
547887,-0.2969,0.8923,-0.4849,10.98,11.38,-6.30
547979,-0.2930,0.8772,-0.4590,4.10,13.57,-8.75
548059,-0.3210,0.8735,-0.4954,6.72,7.42,-5.67
548139,-0.3103,0.8528,-0.4758,11.57,5.38,-3.21
548229,-0.3071,0.8357,-0.5435,11.82,4.62,-3.35
548309,-0.3213,0.8323,-0.5078,10.20,6.94,-5.14
548389,-0.3193,0.8369,-0.5183,9.84,7.63,-5.20
548479,-0.3174,0.8335,-0.5088,9.00,7.38,-5.05
548559,-0.3362,0.8452,-0.5132,8.26,4.20,-4.62
548639,-0.3369,0.8335,-0.5181,10.03,0.97,-4.02
548729,-0.3521,0.8330,-0.5549,5.93,2.00,-1.11
548809,-0.3479,0.8230,-0.5259,3.27,10.56,-1.84
548889,-0.3381,0.8411,-0.5144,1.52,10.41,0.02
548979,-0.3174,0.8687,-0.4966,5.46,7.59,3.57
549059,-0.3030,0.9019,-0.5110,4.58,10.62,9.52
549139,-0.2759,0.9062,-0.4927,4.92,11.27,16.45
549229,-0.2502,0.8958,-0.4773,4.34,14.12,21.48
549309,-0.2239,0.8743,-0.5435,-2.52,23.62,14.42
549389,-0.1941,0.8601,-0.4697,-7.91,38.36,4.37
549479,-0.1624,0.9172,-0.4399,-5.61,28.88,-1.17
549559,-0.1697,0.9287,-0.4402,-2.27,22.52,-0.30
549639,-0.1399,0.9604,-0.3677,9.24,8.64,-1.41
549729,-0.1541,0.9661,-0.4363,15.30,-5.01,3.64
549809,-0.1570,0.9709,-0.4724,15.32,-4.56,6.62
549889,-0.1523,0.9534,-0.4829,12.77,3.10,9.09
549979,-0.1228,0.9495,-0.4934,9.94,15.03,10.62
550059,-0.1174,0.9116,-0.4624,7.58,31.32,8.23
550139,-0.0847,0.9060,-0.4238,7.05,34.37,4.39
550229,0.0059,0.9502,-0.4595,13.02,33.72,11.12
550309,0.0117,1.0332,-0.4697,20.84,38.72,42.00
550389,-0.0359,0.9009,-0.5745,14.88,37.91,42.13
550479,0.0757,0.8782,-0.5471,17.03,56.95,48.33
550559,0.2173,0.7109,-0.5159,17.20,66.02,46.23
550639,0.3291,0.8738,-0.2808,28.15,77.58,63.22
550729,0.4158,0.7454,-0.5039,20.05,57.98,58.41
550809,0.5500,0.7019,-0.3162,27.40,64.30,49.36
550889,0.6719,0.7312,-0.3586,25.16,41.09,42.93
550979,0.7571,0.6973,-0.3635,20.21,38.13,36.03
551059,0.8101,0.6685,-0.4036,13.59,41.29,28.49
551139,0.8601,0.6680,-0.3113,9.89,46.45,25.55
551229,0.8792,0.5881,-0.2664,9.47,40.72,22.52
551309,0.9214,0.5815,-0.1816,8.95,36.91,14.06
551389,0.9263,0.5498,-0.1858,8.94,24.88,10.05
551479,0.9551,0.5601,-0.1360,10.89,20.20,3.07
551559,0.9761,0.5806,-0.1306,9.87,12.15,2.12
551639,1.0166,0.5950,-0.1501,10.31,5.53,5.07
551729,1.1067,0.6025,-0.1072,8.41,-8.09,2.52
551809,1.1204,0.6084,-0.1418,6.77,-24.08,1.09
551889,1.0845,0.5994,-0.1980,7.37,-38.09,3.41
551979,1.0120,0.5496,-0.2573,4.35,-52.35,2.76
552059,0.9187,0.5066,-0.3484,3.07,-58.58,-6.83
552139,0.8284,0.4919,-0.3730,-1.97,-66.27,-19.48
552229,0.7087,0.5020,-0.4375,-7.33,-76.28,-36.48
552309,0.5903,0.5635,-0.4841,-11.01,-85.91,-50.56
552389,0.4431,0.5981,-0.5532,-13.31,-91.32,-61.56
552479,0.2766,0.7095,-0.5947,-11.62,-88.05,-65.98
552559,0.1414,0.7415,-0.6458,-7.62,-75.24,-61.45
552639,0.0569,0.7932,-0.6370,-6.00,-64.21,-56.03
552729,-0.0569,0.8118,-0.5947,-5.76,-65.27,-41.05
552809,-0.1196,0.7861,-0.6128,-13.12,-68.03,-33.86
552889,-0.1990,0.8069,-0.6123,-18.38,-54.92,-28.17
552983,-0.2349,0.8408,-0.5742,-13.31,-38.84,-20.19
553063,-0.2854,0.8789,-0.5320,-7.59,-27.79,-14.57
553143,-0.3047,0.8884,-0.5474,-5.94,-11.16,-12.05
553229,-0.3416,0.8958,-0.5085,-4.57,7.23,-10.34
553309,-0.3245,0.9226,-0.4402,-0.07,16.53,-6.62
553389,-0.3325,0.9104,-0.4392,6.87,18.99,-2.62
553479,-0.3279,0.8987,-0.4280,12.38,16.72,1.41
553559,-0.3220,0.8958,-0.4282,17.03,9.82,4.59
553639,-0.3086,0.8826,-0.4458,19.46,4.77,6.35
553729,-0.3000,0.8701,-0.4688,19.80,1.10,7.62
553809,-0.2878,0.8728,-0.4761,19.24,-0.93,7.37
553889,-0.2854,0.8652,-0.4883,17.99,-1.00,6.86
553979,-0.2817,0.8611,-0.5110,16.40,-1.53,5.23
554059,-0.2732,0.8557,-0.5176,15.23,2.51,4.30
554139,-0.2729,0.8633,-0.5205,13.11,1.74,2.52
554229,-0.2742,0.8684,-0.5144,12.16,1.73,1.20
554309,-0.2688,0.8477,-0.5085,12.32,2.38,0.29
554389,-0.2751,0.8696,-0.5120,12.17,2.45,0.20
554479,-0.2778,0.8564,-0.5054,14.83,-0.50,1.11
554559,-0.2839,0.8462,-0.5063,15.98,-1.40,0.73
554639,-0.2861,0.8616,-0.5288,15.29,-0.35,0.16
554729,-0.2856,0.8586,-0.5312,13.84,-0.15,-0.22
554809,-0.2866,0.8496,-0.5347,12.83,1.74,0.05
554889,-0.2922,0.8560,-0.5349,12.47,2.42,0.83
554979,-0.2874,0.8538,-0.5308,11.48,2.76,1.02
555059,-0.2883,0.8455,-0.5251,11.82,2.32,1.81
555139,-0.2832,0.8562,-0.5308,11.03,3.45,1.58
555229,-0.2822,0.8472,-0.5247,10.81,3.75,1.77
555309,-0.2832,0.8450,-0.5227,10.80,2.41,1.39
555389,-0.2795,0.8567,-0.5229,10.05,2.05,0.49
555479,-0.2849,0.8596,-0.5195,10.23,3.55,0.83
555559,-0.2773,0.8611,-0.5149,10.04,4.34,0.19
555639,-0.2808,0.8621,-0.5015,10.15,3.62,0.58
555729,-0.2710,0.8716,-0.5159,10.27,3.25,-0.44
555809,-0.2744,0.8770,-0.5049,11.05,3.08,-0.23
555889,-0.2834,0.8530,-0.5071,12.77,2.19,0.52
555979,-0.2837,0.8669,-0.5215,12.30,1.49,0.42
556059,-0.2832,0.8604,-0.5159,11.16,1.95,-0.96
556139,-0.2866,0.8599,-0.5132,11.67,2.20,-1.03
556229,-0.2878,0.8638,-0.5173,11.73,2.27,-0.49
556309,-0.2864,0.8557,-0.5127,12.12,2.45,0.08
556389,-0.2944,0.8506,-0.5168,12.09,2.16,-0.34
556479,-0.2974,0.8484,-0.5166,12.42,2.49,-0.40
556559,-0.2849,0.8547,-0.5237,11.70,2.33,-0.71
556639,-0.2898,0.8511,-0.5271,10.90,3.39,-0.89
556729,-0.2883,0.8574,-0.5232,10.27,2.10,-1.17
556809,-0.2881,0.8525,-0.5234,9.62,3.21,-1.05
556889,-0.2900,0.8572,-0.5183,9.55,3.42,-0.61
556979,-0.2915,0.8508,-0.5103,10.45,4.66,0.24
557059,-0.2913,0.8535,-0.5125,11.44,4.72,0.66
557139,-0.2864,0.8557,-0.5178,11.34,3.39,0.91
557229,-0.2842,0.8665,-0.5168,10.63,4.12,0.33
557309,-0.2874,0.8562,-0.5137,11.38,3.52,0.53
557389,-0.2876,0.8577,-0.5125,11.98,2.34,0.97
557479,-0.2900,0.8564,-0.5156,12.60,2.04,1.08
557559,-0.2800,0.8599,-0.5261,12.40,2.23,0.54
557639,-0.2739,0.8669,-0.5212,12.27,2.72,0.91
557729,-0.2849,0.8489,-0.5142,12.39,2.33,0.73
557809,-0.2832,0.8555,-0.5222,11.64,2.82,0.07
557889,-0.2830,0.8557,-0.5232,11.05,3.81,0.09
557979,-0.2781,0.8567,-0.5237,11.09,3.66,0.33
558059,-0.2830,0.8618,-0.5181,10.89,3.49,0.66
558139,-0.2788,0.8582,-0.5237,10.93,3.11,0.24
558229,-0.2756,0.8711,-0.5173,10.41,2.96,0.19
558309,-0.2966,0.8506,-0.5061,11.55,2.09,0.43
558389,-0.2937,0.8521,-0.5068,10.35,0.62,-0.95
558479,-0.2976,0.8477,-0.5247,9.51,1.02,-3.04
558559,-0.2903,0.8628,-0.5220,9.20,2.56,-2.52
558639,-0.2996,0.8564,-0.5015,9.13,2.96,-2.55
558729,-0.3025,0.8574,-0.5017,9.48,2.22,-2.52
558809,-0.3020,0.8740,-0.5034,9.44,1.31,-2.08
558889,-0.3149,0.8572,-0.4910,8.81,2.12,-1.98
558979,-0.3032,0.8633,-0.5000,8.11,1.92,-1.69
559059,-0.3162,0.8652,-0.4956,8.38,2.31,-1.41
559139,-0.3108,0.8677,-0.4937,9.64,2.12,0.05
559229,-0.3081,0.8652,-0.4839,11.30,2.59,1.96
559309,-0.3052,0.8704,-0.4878,12.35,2.80,1.99
559389,-0.2993,0.8787,-0.4885,13.48,2.38,2.83
559479,-0.3064,0.8538,-0.4932,13.84,2.66,1.88
559559,-0.3035,0.8635,-0.5034,13.82,2.77,1.32
559639,-0.3020,0.8657,-0.5078,13.50,4.45,0.52
559729,-0.2988,0.8545,-0.5063,14.61,3.64,0.65
559809,-0.2964,0.8579,-0.5044,15.02,3.27,1.24
559889,-0.2888,0.8564,-0.5149,14.17,2.56,0.05
559979,-0.2837,0.8643,-0.5161,13.98,2.51,0.48
560059,-0.3005,0.8486,-0.5056,13.70,1.29,0.16
560139,-0.2932,0.8564,-0.5217,12.45,1.28,-0.06
560229,-0.3025,0.8503,-0.5212,12.62,2.55,0.31
560309,-0.2964,0.8552,-0.5217,12.81,1.85,0.56
560389,-0.3049,0.8523,-0.5205,12.45,2.35,1.14
560479,-0.2979,0.8494,-0.5154,11.67,2.46,0.70
560559,-0.2915,0.8501,-0.5208,11.62,2.79,0.84
560639,-0.3030,0.8467,-0.5093,12.00,0.93,0.71
560729,-0.3035,0.8577,-0.5117,10.91,0.73,0.73
560809,-0.3032,0.8503,-0.5205,11.48,1.52,0.88
560889,-0.3066,0.8547,-0.5061,11.80,0.03,0.68
560986,-0.3120,0.8472,-0.5054,11.81,-0.74,0.85
561066,-0.3186,0.8374,-0.5083,11.53,-1.88,-0.15
561146,-0.3218,0.8389,-0.5139,11.51,-0.72,-0.28
561236,-0.3169,0.8501,-0.5039,11.23,-1.83,-0.94
561316,-0.3274,0.8560,-0.5059,11.40,-1.55,-0.37
561396,-0.3293,0.8513,-0.5029,12.50,-1.23,0.16
561486,-0.3340,0.8455,-0.5046,12.23,-1.07,0.84
561566,-0.3311,0.8484,-0.5071,11.90,0.05,0.57
561646,-0.3364,0.8494,-0.5032,12.39,0.68,1.25
561736,-0.3335,0.8416,-0.4919,12.21,0.85,1.57
561816,-0.3306,0.8479,-0.4985,12.96,1.45,2.56
561896,-0.3311,0.8477,-0.5156,13.65,3.37,3.65
561986,-0.3379,0.8552,-0.4805,19.05,6.72,4.09
562066,-0.3169,0.8623,-0.4763,20.73,-1.12,6.49
562146,-0.3123,0.8452,-0.5166,20.32,-6.60,9.81
562236,-0.3081,0.8474,-0.5364,16.98,-6.47,8.01
562316,-0.3208,0.8369,-0.5159,16.83,-5.73,6.30
562396,-0.3086,0.8472,-0.5237,16.16,-4.55,6.38
562486,-0.3142,0.8308,-0.5303,14.83,-2.46,5.07
562566,-0.3115,0.8376,-0.5225,14.88,-1.98,4.70
562646,-0.3088,0.8372,-0.5325,14.24,-2.26,4.07
562736,-0.3079,0.8303,-0.5300,14.20,-2.16,3.55
562816,-0.3088,0.8318,-0.5422,12.84,-1.45,2.84
562896,-0.3008,0.8362,-0.5354,11.66,-1.15,1.09
562986,-0.3052,0.8416,-0.5393,10.86,0.74,0.45
563066,-0.3123,0.8296,-0.5234,10.13,1.55,-0.87
563146,-0.3088,0.8394,-0.4949,8.59,-2.14,-1.80
563236,-0.3113,0.8442,-0.5452,5.84,-2.74,-2.99
563316,-0.3289,0.8560,-0.5291,6.52,3.65,-4.21
563396,-0.3525,0.8528,-0.4980,6.35,7.16,-4.73
563486,-0.3413,0.8499,-0.4954,5.55,6.63,-4.58
563566,-0.3391,0.8572,-0.4932,6.03,8.80,-4.34
563646,-0.3342,0.8562,-0.4827,7.60,8.31,-3.33
563736,-0.3364,0.8486,-0.4756,8.60,7.39,-2.54
563816,-0.3445,0.8557,-0.4785,8.71,7.32,-3.10
563896,-0.3330,0.8662,-0.4778,8.55,6.22,-2.45
563988,-0.3374,0.8604,-0.4751,8.76,4.14,-1.92
564068,-0.3438,0.8645,-0.4746,9.36,3.65,-1.52
564148,-0.3472,0.8582,-0.4734,10.63,3.72,-0.91
564238,-0.3435,0.8596,-0.4773,10.88,3.70,-0.10
564318,-0.3469,0.8530,-0.4751,11.02,3.66,0.16
564398,-0.3467,0.8547,-0.4756,11.80,3.01,0.80
564488,-0.3477,0.8552,-0.4785,11.34,4.91,0.68
564568,-0.3311,0.8589,-0.4824,11.06,5.84,1.69
564648,-0.3381,0.8589,-0.4780,10.38,6.10,1.38
564738,-0.3372,0.8572,-0.4792,10.16,5.84,0.34
564818,-0.3389,0.8604,-0.4800,8.78,7.42,-0.83
564898,-0.3193,0.8848,-0.4836,10.30,7.11,1.45
564988,-0.3047,0.8760,-0.4797,13.69,6.70,5.00
565068,-0.3176,0.8589,-0.4761,13.25,5.27,2.48
565148,-0.3098,0.8672,-0.4912,12.09,5.38,1.76
565238,-0.3079,0.8577,-0.4832,11.49,6.31,1.33
565318,-0.3035,0.8718,-0.4829,11.13,5.61,-0.06
565398,-0.3015,0.8767,-0.4829,10.99,5.63,-0.09
565488,-0.3054,0.8677,-0.4810,12.61,4.52,0.91
565568,-0.2971,0.8640,-0.4907,12.83,4.78,1.07
565648,-0.2893,0.8679,-0.4963,12.73,3.37,0.35
565738,-0.2922,0.8718,-0.5000,11.88,4.45,-0.93
565818,-0.2974,0.8652,-0.4954,11.33,4.20,-1.41
565898,-0.2925,0.8704,-0.4980,12.17,3.67,-1.23
565988,-0.2927,0.8657,-0.4998,12.38,2.91,-0.91
566068,-0.2993,0.8696,-0.4966,11.33,2.10,-1.46
566148,-0.3088,0.8594,-0.4993,10.64,1.56,-2.33
566238,-0.3035,0.8613,-0.4990,9.84,0.66,-2.93
566318,-0.3120,0.8621,-0.4944,10.15,0.84,-3.04
566398,-0.3140,0.8699,-0.4856,11.88,0.26,-1.50
566488,-0.3386,0.9143,-0.4548,15.90,-5.66,4.67
566568,-0.3091,0.9170,-0.4382,30.88,-17.19,22.96
566648,-0.2852,0.9082,-0.4348,48.03,-25.30,46.77
566738,-0.2334,0.8198,-0.5049,70.98,-27.70,70.62
566818,-0.1750,0.7124,-0.6355,77.48,-22.04,69.84
566898,-0.1531,0.7642,-0.6404,62.11,-19.27,47.02
566989,-0.1831,0.7327,-0.7397,45.62,-19.71,27.54
567069,-0.1694,0.7375,-0.7869,30.88,-10.08,11.66
567149,-0.1375,0.7122,-0.7854,15.97,1.89,-3.17
567238,-0.1653,0.7253,-0.8318,1.82,19.60,-20.05
567318,-0.2000,0.7485,-0.9448,-14.71,46.55,-33.16
567398,-0.1772,0.6919,-0.9155,-35.34,92.84,-51.17
567488,-0.0979,0.6052,-0.5923,-53.47,126.88,-66.69
567568,-0.0647,0.6499,-0.4377,-55.20,131.77,-76.16
567648,-0.0908,0.8186,-0.4600,-34.47,114.51,-71.45
567738,-0.1626,0.9868,-0.4746,-25.29,90.75,-66.28
567818,-0.1262,1.1467,-0.3308,-12.98,46.31,-48.21
567898,-0.0842,1.1316,-0.3708,19.52,3.64,-6.71
567988,-0.0928,1.0454,-0.3555,52.32,-41.16,24.20
568068,-0.1475,0.8843,-0.4473,71.58,-76.23,49.72
568148,-0.1970,0.7834,-0.6299,66.03,-95.48,55.27
568238,-0.1792,0.7246,-0.6860,46.83,-85.84,42.58
568318,-0.2219,0.6897,-0.7180,33.60,-76.53,34.30
568398,-0.2551,0.7065,-0.7603,22.65,-62.07,21.94
568488,-0.2109,0.7290,-0.7158,18.17,-43.80,15.94
568568,-0.1824,0.7224,-0.5559,24.94,-38.66,27.20
568648,-0.2524,0.6760,-0.6133,21.16,-40.70,20.37
568738,-0.2546,0.8347,-0.6199,21.48,-35.01,15.72
568818,-0.3247,0.7886,-0.5876,21.51,-33.10,18.77
568903,-0.2991,0.8555,-0.6321,19.74,-24.33,15.72
568988,-0.3398,0.7993,-0.6128,12.23,-15.54,8.15
569068,-0.2893,0.8096,-0.5972,8.09,-7.51,6.48
569148,-0.2974,0.7983,-0.6089,4.57,0.27,3.15
569238,-0.3000,0.7988,-0.5793,4.37,4.89,2.51
569318,-0.2808,0.8186,-0.5818,3.12,8.48,1.14
569398,-0.2822,0.8113,-0.5798,1.12,8.63,0.16
569488,-0.2842,0.8232,-0.5767,-2.91,11.88,-2.98
569568,-0.2981,0.8186,-0.5654,-8.22,15.24,-8.26
569648,-0.2883,0.8401,-0.5303,-10.98,18.56,-9.08
569738,-0.3020,0.8533,-0.5117,-14.67,22.55,-12.63
569818,-0.2917,0.8887,-0.4866,-13.42,25.04,-10.63
569898,-0.3093,0.8862,-0.4568,-11.13,25.84,-10.99
569988,-0.2983,0.9036,-0.4321,-7.05,24.23,-10.13
570068,-0.2915,0.9006,-0.4246,-1.39,26.73,-9.70
570148,-0.2878,0.8987,-0.4160,2.05,19.88,-11.73
570238,-0.2878,0.8926,-0.4250,2.50,15.72,-16.21
570318,-0.2854,0.9023,-0.4370,4.85,14.40,-15.56
570398,-0.2864,0.8843,-0.4463,6.52,13.39,-15.59
570488,-0.3030,0.8691,-0.4585,10.02,10.85,-13.62
570568,-0.3120,0.8569,-0.4749,12.35,12.52,-14.74
570648,-0.3232,0.8464,-0.4849,12.23,13.68,-16.21
570738,-0.3130,0.8406,-0.5146,13.22,15.23,-14.05
570818,-0.3342,0.8486,-0.5466,14.43,15.93,-9.97
570898,-0.3533,0.8040,-0.5498,12.43,13.72,-8.51
570988,-0.3826,0.8120,-0.5349,8.33,11.20,-6.25
571068,-0.4114,0.8042,-0.5540,3.86,10.38,-6.27
571148,-0.3887,0.7915,-0.5649,0.73,16.16,-4.27
571238,-0.3938,0.7683,-0.5327,-5.20,21.71,-6.34
571318,-0.3923,0.8037,-0.5022,-8.17,20.97,-10.38
571398,-0.3787,0.7986,-0.4768,-8.07,17.02,-9.07
571488,-0.4001,0.8647,-0.4060,-10.25,12.69,-14.65
571568,-0.3359,0.8713,-0.4966,-6.11,4.72,-11.22
571648,-0.3555,0.8860,-0.4019,-0.53,3.26,-7.77
571738,-0.3254,0.8752,-0.4536,3.27,7.52,-2.33
571818,-0.3606,0.8755,-0.4587,4.06,16.16,-2.12
571898,-0.3103,0.8850,-0.4595,7.16,28.02,3.12
571988,-0.2915,1.0149,-0.4473,18.84,44.71,10.15
572068,-0.3059,0.9700,-0.4014,27.71,48.71,21.46
572148,-0.2341,1.0127,-0.3989,40.76,41.45,40.86
572238,-0.1750,0.8892,-0.5149,55.00,36.34,62.05
572318,-0.0356,0.8352,-0.6692,62.20,49.04,68.66
572398,0.0703,0.7092,-0.6882,63.59,83.87,74.37
572488,0.1802,0.7373,-0.5186,48.02,89.05,71.59
572568,0.3835,0.6445,-0.5957,45.32,69.28,80.45
572648,0.4517,0.5244,-0.5835,42.41,55.20,73.73
572738,0.5574,0.4790,-0.6306,36.22,46.79,68.05
572818,0.6960,0.4202,-0.6716,36.30,31.77,64.84
572898,0.7605,0.2869,-0.6187,33.46,27.73,54.27
572988,0.7844,0.2288,-0.5781,29.52,17.16,45.90
573068,0.8350,0.2012,-0.6443,30.23,4.23,40.27
573148,0.8569,0.0781,-0.6624,27.21,-1.48,34.38
573238,0.8455,0.0710,-0.6213,19.74,-6.30,24.00
573318,0.8494,0.0215,-0.6665,14.77,-6.55,18.05
573398,0.8586,-0.0005,-0.6594,11.56,-10.87,15.23
573488,0.9238,-0.0688,-0.8069,6.88,-10.16,5.88
573568,0.9507,-0.0586,-0.8376,-2.59,-1.30,-7.43
573648,0.9390,-0.0498,-0.8069,-12.72,6.47,-20.86
573738,0.8962,0.0122,-0.7170,-17.90,9.87,-32.54
573818,0.8496,0.0793,-0.6350,-29.97,3.79,-46.92
573898,0.8032,0.1941,-0.5640,-36.91,-10.16,-56.95
573988,0.7410,0.3213,-0.5239,-41.49,-25.98,-60.64
574068,0.6313,0.4224,-0.5195,-40.72,-43.25,-62.03
574148,0.5330,0.5359,-0.5093,-34.51,-60.42,-62.16
574238,0.3850,0.6462,-0.5825,-26.44,-82.81,-54.78
574318,0.2319,0.7051,-0.6331,-18.35,-88.27,-48.31
574398,0.1404,0.7446,-0.6409,-6.51,-102.91,-33.38
574488,0.0325,0.7349,-0.7385,-4.88,-98.24,-16.35
574568,-0.0354,0.6904,-0.7654,-9.41,-74.29,-9.41
574648,-0.0967,0.7468,-0.7571,-15.46,-56.41,-13.54
574738,-0.1746,0.7517,-0.7412,-14.48,-28.11,-16.11
574818,-0.2114,0.7812,-0.6711,-11.95,-12.56,-20.23
574898,-0.2361,0.8069,-0.6272,-14.86,-5.41,-23.38
574988,-0.2722,0.8430,-0.5774,-12.88,-0.05,-21.32
575068,-0.2837,0.8574,-0.5327,-11.48,-0.12,-18.54
575148,-0.2849,0.8496,-0.5178,-9.34,0.20,-13.68
575238,-0.3071,0.8647,-0.5225,-12.70,2.77,-12.50
575318,-0.3193,0.8572,-0.5120,-13.88,15.53,-16.23
575398,-0.3408,0.9106,-0.4524,-12.64,24.81,-14.73
575488,-0.3318,0.8933,-0.4424,-10.51,26.52,-10.17
575568,-0.3259,0.9028,-0.4080,-7.23,26.50,-8.43
575648,-0.3198,0.9167,-0.4141,0.38,20.98,-3.68
575738,-0.3032,0.9192,-0.4146,5.93,16.02,1.05
575818,-0.2952,0.9077,-0.4143,9.91,9.51,3.46
575898,-0.2751,0.9097,-0.4243,12.33,5.24,6.54
575988,-0.2722,0.9087,-0.4292,12.69,1.75,7.30
576068,-0.2637,0.9041,-0.4436,13.33,-1.37,8.12
576148,-0.2561,0.9016,-0.4446,12.77,-2.19,7.13
576238,-0.2561,0.9072,-0.4463,12.30,-3.25,5.87
576318,-0.2595,0.9067,-0.4519,11.38,-3.73,5.26
576398,-0.2563,0.9041,-0.4441,11.38,-2.94,4.55
576488,-0.2517,0.9177,-0.4377,10.93,-3.03,3.20
576568,-0.2546,0.9170,-0.4429,10.34,-1.89,2.43
576648,-0.2559,0.9185,-0.4395,9.48,0.23,0.77
576738,-0.2537,0.9143,-0.4373,9.80,1.29,0.61
576818,-0.2583,0.9226,-0.4377,10.87,2.64,0.59
577104,-0.2566,0.9294,-0.4285,6.84,7.20,-1.37
577192,-0.2549,0.9316,-0.4209,6.54,7.53,-0.66
577272,-0.2478,0.9319,-0.4119,7.85,6.81,0.81
577352,-0.2468,0.9387,-0.4124,9.25,3.91,2.23
577442,-0.2449,0.9302,-0.4131,11.38,1.94,3.12
577522,-0.2354,0.9297,-0.4194,12.60,1.20,3.51
577602,-0.2310,0.9321,-0.4197,12.31,1.48,3.14
577692,-0.2249,0.9214,-0.4133,12.21,1.64,2.62
577772,-0.2388,0.9309,-0.4021,10.62,-1.04,-0.30
577852,-0.2449,0.9441,-0.4380,10.62,0.38,-1.28
577942,-0.2336,0.9316,-0.4268,12.08,1.37,0.09
578022,-0.2295,0.9438,-0.4326,12.45,2.02,2.05
578102,-0.2290,0.9204,-0.4368,13.19,3.78,2.35
578192,-0.2310,0.9136,-0.4392,11.77,5.57,0.98
578272,-0.2307,0.9153,-0.4229,10.29,6.30,-1.04
578352,-0.2305,0.9236,-0.4307,10.03,6.61,-2.83
578442,-0.2407,0.9360,-0.4373,9.70,7.70,-3.58
578522,-0.2388,0.9282,-0.4185,10.77,8.67,-3.27
578602,-0.2368,0.9336,-0.4434,13.12,10.55,-2.19
578692,-0.2319,0.9407,-0.4478,14.08,11.48,-0.55
578772,-0.2163,0.9233,-0.4431,15.79,11.24,0.53
578852,-0.2017,0.9314,-0.4734,17.48,10.31,2.56
578942,-0.2141,0.8882,-0.4612,18.09,8.99,0.32
579022,-0.1838,0.9109,-0.4717,19.33,6.02,2.02
579102,-0.2073,0.9226,-0.5278,19.64,4.39,2.83
579193,-0.2122,0.8740,-0.4617,18.44,-0.05,3.38
579273,-0.2195,0.9019,-0.5400,17.24,-5.78,8.02
579353,-0.1890,0.8274,-0.5156,8.56,-3.95,7.42
579443,-0.1396,0.8975,-0.5520,-10.25,6.52,-2.95
579523,-0.1848,0.9021,-0.4324,-15.88,19.45,-13.41
579603,-0.2952,1.0154,-0.3328,-20.70,12.14,-22.57
579693,-0.2744,0.9880,-0.3513,-5.75,4.87,-11.59
579773,-0.2864,0.9641,-0.3013,4.62,4.31,-4.01
579853,-0.2634,0.9937,-0.2864,13.55,-3.12,6.41
579943,-0.2500,0.9407,-0.2910,21.62,-6.85,12.67
580023,-0.2551,0.9578,-0.2153,28.02,-11.70,13.52
580103,-0.2424,0.9734,-0.1929,32.90,-13.40,13.82
580193,-0.1914,0.9585,-0.3015,45.45,5.36,13.10
580273,-0.1973,1.0078,-0.3777,58.42,7.15,5.95
580353,-0.1726,1.0222,-0.8977,64.98,34.72,-0.77
580443,-0.2725,1.0432,-0.7910,31.38,88.14,-35.07
580523,0.1824,0.5789,-0.7200,29.19,50.60,7.77
580603,-0.0183,0.3604,-0.9453,20.77,42.66,-27.22
580693,-0.1340,0.8459,-0.6387,-1.36,47.03,-42.64
580773,-0.0720,0.8179,-0.6047,-8.62,19.97,-16.84
580853,-0.0569,0.7927,-0.5112,-3.66,4.22,-1.84
580943,-0.1091,0.7920,-0.6672,1.95,-0.50,8.36
581023,-0.0674,0.8865,-0.6418,-8.88,5.63,4.88
581103,-0.0928,0.9075,-0.6213,-37.40,12.27,-6.26
581193,0.0732,0.9539,-0.6675,-46.95,15.26,4.70
581273,0.1008,0.8296,-0.3853,2.30,29.02,23.30
581353,0.0974,0.9792,-0.5588,23.32,1.02,26.82
581443,0.0820,0.8933,-0.4895,25.61,6.91,25.57
581523,0.1055,0.9880,-0.4082,26.84,3.45,31.72
581603,0.1714,0.9294,-0.3433,31.66,-16.25,46.09
581693,0.1758,0.9167,-0.4006,31.72,-44.38,54.81
581773,0.2949,0.5544,-0.7861,47.61,-16.02,64.38
581853,0.2783,0.6724,-0.8062,34.71,5.30,70.43
581943,0.2375,0.5308,-0.7207,41.24,38.39,67.27
582023,0.2944,0.3916,-0.6775,35.92,44.76,60.70
582103,0.5242,0.4573,-0.6753,34.16,67.42,49.71
582193,0.5430,0.4138,-0.6133,18.74,35.70,60.48
582273,0.6304,0.3538,-0.6008,12.55,40.80,45.37
582353,0.6863,0.3462,-0.5608,0.21,33.72,30.01
582443,0.7979,0.3762,-0.4958,-5.64,22.55,12.34
582523,0.8486,0.4360,-0.5037,-6.18,4.20,3.88
582603,0.8679,0.4346,-0.5222,-9.82,-11.02,-3.02
582693,0.8538,0.4614,-0.5449,-6.91,-18.55,-7.34
582773,0.8679,0.4937,-0.5999,-1.61,-27.32,-11.62
582853,0.8296,0.5125,-0.5972,-2.20,-41.19,-11.23
582943,0.7834,0.4783,-0.6465,-9.92,-35.38,-15.48
583023,0.7410,0.5862,-0.7183,-5.78,-30.41,-17.88
583103,0.7202,0.6182,-0.7251,3.27,-30.17,-10.09
583193,0.6646,0.6870,-0.7769,-2.38,-11.35,-7.07
583273,0.6267,0.6851,-0.7349,-4.27,-3.88,-3.77
583353,0.6055,0.6589,-0.6619,4.05,-2.34,5.94
583443,0.5840,0.5610,-0.6956,11.11,-8.61,10.66
583523,0.5767,0.4868,-0.7358,11.02,-8.98,8.94
583603,0.5776,0.4705,-0.7593,11.27,0.76,3.39
583693,0.6042,0.4683,-0.7368,9.73,19.24,-14.18
583773,0.5952,0.5032,-0.6975,6.20,23.52,-23.00
583853,0.6116,0.4937,-0.6589,4.05,27.12,-29.05
583943,0.5864,0.5964,-0.5781,7.98,21.52,-30.90
584023,0.5771,0.5750,-0.6458,8.64,21.88,-31.39
584103,0.5942,0.6323,-0.6138,3.71,25.86,-31.16
584193,0.6411,0.7607,-0.5413,3.67,15.05,-13.06
584273,0.6604,0.7383,-0.5208,1.56,6.23,-0.59
584353,0.6279,0.7090,-0.4993,1.51,-3.02,-0.72
584443,0.5959,0.6682,-0.5500,3.09,-12.16,3.60
584523,0.5747,0.6702,-0.6060,2.12,-6.62,2.00
584603,0.5771,0.6660,-0.6152,5.36,-9.56,6.20
584693,0.5789,0.6760,-0.6453,7.02,-0.27,3.76
584773,0.5862,0.6367,-0.6477,8.36,4.61,0.33
584853,0.5908,0.6433,-0.6023,8.80,10.03,-2.58
584943,0.5933,0.6299,-0.6013,11.69,7.99,-2.02
585026,0.6748,0.6599,-0.4768,10.17,7.71,-6.28
585106,0.5884,0.6580,-0.6106,8.88,2.62,-6.31
585193,0.6306,0.6660,-0.6287,3.49,1.35,1.82
585273,0.6221,0.6807,-0.5637,0.27,0.99,2.27
585353,0.6121,0.6672,-0.5620,1.45,-2.45,5.73
585443,0.6199,0.6282,-0.5898,-1.63,-9.20,10.02
585523,0.6274,0.6345,-0.5906,-3.05,-6.12,9.32
585603,0.6167,0.6077,-0.6091,-0.24,-5.23,8.92
585693,0.6318,0.5801,-0.6248,-4.79,-1.50,5.66
585773,0.6467,0.6343,-0.5691,-6.42,3.96,1.77
585853,0.6523,0.6472,-0.5315,-0.36,3.44,1.47
585943,0.6392,0.6240,-0.5942,7.86,1.04,3.33
586023,0.6697,0.6472,-0.5803,9.38,4.43,-1.93
586103,0.6538,0.6521,-0.5742,12.88,3.92,-2.27
586201,0.6614,0.6406,-0.5449,13.58,5.42,-2.89
586281,0.6516,0.6399,-0.5457,10.96,5.27,-0.84
586361,0.6577,0.6436,-0.5667,9.47,4.88,-0.43
586451,0.6665,0.6577,-0.5051,10.48,1.65,-2.46
586531,0.6404,0.6331,-0.5574,11.73,-2.11,0.53
586611,0.6453,0.6523,-0.5835,9.85,-1.27,-0.05
586701,0.6345,0.6443,-0.6025,8.77,-0.06,2.65
586781,0.6370,0.6418,-0.5764,8.65,4.01,-0.47
586861,0.6384,0.6372,-0.5862,9.99,1.87,0.24
586951,0.6531,0.6208,-0.5562,10.66,4.38,-2.06
587031,0.6335,0.6177,-0.5854,10.19,1.61,-0.99
587111,0.6362,0.6338,-0.5737,8.51,0.57,-1.53
587201,0.6387,0.6392,-0.5693,5.76,-0.51,-1.37
587281,0.6292,0.6353,-0.5745,4.61,-3.01,-0.44
587361,0.6223,0.6504,-0.6033,0.84,2.37,-3.20
587451,0.6340,0.6880,-0.5327,1.66,1.69,-3.15
587531,0.6243,0.6719,-0.5701,4.91,-2.85,1.77
587611,0.6182,0.6509,-0.5837,5.34,-2.40,2.08
587701,0.6218,0.6545,-0.5840,3.92,-1.16,0.62
587781,0.6187,0.6567,-0.5706,3.06,2.87,0.39
587861,0.6265,0.6482,-0.5830,4.96,4.38,0.75
587951,0.6514,0.6604,-0.5413,8.67,2.48,-0.20
588031,0.6394,0.6382,-0.5735,9.95,2.20,0.05
588111,0.6523,0.6479,-0.5503,12.04,3.26,-0.45
588201,0.6472,0.6267,-0.5889,12.21,3.23,-0.48
588281,0.6497,0.6252,-0.5845,9.77,6.07,-0.74
588361,0.6433,0.6531,-0.5945,12.74,8.67,-0.52
588451,0.6597,0.6086,-0.5503,8.37,7.16,0.79
588531,0.6426,0.6028,-0.5930,6.25,6.83,-2.61
588611,0.6509,0.6560,-0.5378,7.82,13.27,-10.76
588701,0.6721,0.6804,-0.5317,7.46,5.66,-2.98
588781,0.6609,0.6541,-0.5427,9.01,9.12,-1.70
588861,0.6528,0.6479,-0.5293,8.00,11.91,-2.81
588951,0.7092,0.6960,-0.4377,12.94,0.23,0.28
589031,0.6606,0.6223,-0.5552,12.04,0.11,3.30
589111,0.6714,0.6267,-0.5464,7.07,-2.86,2.57
589201,0.6748,0.6338,-0.5471,3.49,-2.55,2.12
589281,0.6877,0.6389,-0.5415,1.80,-0.15,-0.61
589361,0.6748,0.6411,-0.5508,2.58,-1.27,-0.09
589451,0.6682,0.6287,-0.5381,3.52,-0.41,-1.12
589531,0.6646,0.6233,-0.5371,3.80,2.03,-2.80
589611,0.6812,0.6458,-0.5273,5.97,-0.09,-3.28
589701,0.6680,0.6384,-0.5564,5.31,-0.18,-2.05
589781,0.6675,0.6475,-0.5369,4.88,1.89,-4.48
589861,0.6711,0.6604,-0.5227,5.64,1.53,-3.95
589951,0.6499,0.6313,-0.5764,2.47,5.22,-4.28
590031,0.6333,0.6462,-0.5706,0.27,9.84,-6.18
590111,0.6575,0.6912,-0.5322,0.66,9.55,-5.76
590201,0.6663,0.6814,-0.5142,5.05,6.36,-2.32
590281,0.6731,0.6719,-0.4753,9.12,6.79,-2.29
590361,0.6724,0.6746,-0.4836,12.13,2.27,-1.59
590451,0.6428,0.6382,-0.5603,6.23,4.16,-0.68
590531,0.6863,0.6633,-0.5032,1.20,7.12,-3.38
590611,0.7107,0.6831,-0.4761,2.82,1.85,-0.79
590701,0.6741,0.6448,-0.4890,4.66,-1.85,2.84
590781,0.6514,0.6299,-0.5161,3.88,-1.64,0.52
590861,0.7053,0.6572,-0.4587,2.39,5.83,-5.66
590951,0.7168,0.7239,-0.4717,9.22,1.41,-3.68
591031,0.6650,0.6567,-0.4680,7.30,-3.66,5.24
591111,0.6785,0.6433,-0.4431,5.45,-10.12,3.97
591201,0.6772,0.6418,-0.5229,-2.30,-4.09,2.30
591281,0.6880,0.6768,-0.5474,-3.37,-4.02,2.54
591361,0.6904,0.6931,-0.4846,1.38,-5.17,4.92
591451,0.6729,0.6377,-0.5110,3.81,-7.96,5.97
591531,0.6655,0.6313,-0.5012,4.48,-6.59,3.56
591611,0.6721,0.6365,-0.5557,5.93,-6.33,2.59
591701,0.6838,0.6401,-0.5701,5.23,-4.41,3.07
591781,0.6716,0.6565,-0.5032,6.37,-5.20,1.05
591861,0.6672,0.6401,-0.5659,5.80,-7.24,4.20
591951,0.6631,0.6111,-0.5742,2.80,-4.06,3.51
592031,0.6611,0.6313,-0.5457,1.62,-2.15,0.44
592111,0.6562,0.6372,-0.5720,2.65,-4.23,0.70
592202,0.6746,0.6289,-0.5613,1.09,-0.59,0.79
592282,0.6506,0.6052,-0.5266,-0.78,4.27,-1.87
592362,0.6748,0.6760,-0.4971,3.76,-1.26,-2.86
592451,0.6748,0.6746,-0.5671,8.18,-5.80,2.84
592531,0.6682,0.6311,-0.5840,5.86,-2.10,3.77
592611,0.6479,0.5813,-0.5400,0.52,4.32,0.69
592701,0.6658,0.6501,-0.5215,1.75,1.85,-4.33
592781,0.6919,0.6855,-0.5491,6.55,-3.07,-1.16
592861,0.6575,0.6497,-0.5696,6.58,2.78,-0.24
592951,0.6536,0.6655,-0.5137,8.02,1.52,-0.93
593031,0.6541,0.6553,-0.5579,8.14,0.53,0.09
593111,0.6694,0.6609,-0.5493,7.35,2.99,0.62
593201,0.6606,0.6438,-0.5415,8.41,-0.06,3.10
593281,0.6533,0.6228,-0.5574,8.43,0.27,0.80
593361,0.6694,0.6414,-0.5415,5.96,-1.23,0.74
593451,0.6716,0.6494,-0.5298,6.20,-1.22,-0.59
593531,0.6638,0.6299,-0.5645,4.47,-3.66,0.88
593611,0.6514,0.6208,-0.5615,3.02,-5.39,0.12
593701,0.6423,0.6340,-0.5464,-0.20,-3.15,-0.93
593781,0.6555,0.6472,-0.5608,-0.79,-3.04,0.34
593861,0.6660,0.6672,-0.5544,3.03,-3.28,-0.09
593951,0.6553,0.6414,-0.5667,6.50,-5.88,1.57
594031,0.6382,0.6206,-0.5562,4.22,-0.49,-0.02
594111,0.6428,0.6453,-0.5613,4.55,0.34,-1.21
594201,0.6626,0.6626,-0.5537,6.42,-0.30,-0.97
594281,0.6499,0.6465,-0.5645,6.46,-0.39,-0.14
594361,0.6465,0.6414,-0.5696,4.90,-0.60,0.48
594451,0.6433,0.6260,-0.5745,3.75,0.09,-0.49
594531,0.6511,0.6562,-0.5493,4.14,2.05,-1.84
594611,0.6521,0.6680,-0.5500,6.55,0.40,0.40
594701,0.6545,0.6606,-0.5601,9.50,0.19,1.14
594781,0.6460,0.6243,-0.5645,9.91,0.94,1.23
594861,0.6477,0.6238,-0.5730,9.27,4.64,-0.83
594951,0.6594,0.6509,-0.5454,11.20,3.19,-0.08
595031,0.6597,0.6345,-0.5664,12.10,0.32,2.43
595111,0.6511,0.6169,-0.5715,8.79,2.45,0.39
595201,0.6494,0.6360,-0.5564,6.74,2.99,-1.66
595281,0.6604,0.6548,-0.5574,9.55,1.72,-1.16
595361,0.6553,0.6367,-0.5632,8.91,0.32,0.76
595451,0.6482,0.6340,-0.5544,6.19,1.11,-2.66
595531,0.6472,0.6636,-0.5325,7.48,-2.38,-1.64
595611,0.6504,0.6521,-0.5601,7.37,-7.59,3.40
595701,0.6223,0.6191,-0.5991,4.02,-7.95,3.30
595781,0.6360,0.6562,-0.5801,3.43,-7.94,2.26
595861,0.6218,0.6099,-0.6135,0.27,-2.78,2.66
595951,0.6277,0.6418,-0.5803,0.92,-0.24,-0.49
596031,0.6326,0.6553,-0.5789,6.09,-3.51,1.05
596111,0.6282,0.6255,-0.5847,5.91,-2.45,1.55
596201,0.6331,0.6299,-0.5872,5.52,-0.46,1.25
596281,0.6284,0.6274,-0.5894,4.98,2.36,1.79
596361,0.6423,0.6340,-0.5713,6.47,3.59,0.86
596451,0.6519,0.6106,-0.5859,7.84,1.70,1.48
596531,0.6567,0.6121,-0.5757,8.05,0.34,-0.93
596611,0.6431,0.6094,-0.5972,6.75,-1.08,-0.08
596701,0.6523,0.6323,-0.5688,6.29,0.78,-2.17
596781,0.6443,0.6177,-0.5752,8.97,-1.19,0.88
596861,0.6423,0.6187,-0.6016,5.36,1.04,-1.23
596951,0.6299,0.6377,-0.5840,4.44,-4.21,0.95
597031,0.6250,0.6343,-0.5979,4.14,-1.79,-0.32
597111,0.6277,0.6697,-0.5779,4.30,-1.80,0.86
597201,0.6230,0.6392,-0.5898,5.42,-0.10,3.84
597281,0.6201,0.6321,-0.5857,7.24,0.28,3.09
597361,0.6248,0.6289,-0.6045,8.67,0.43,1.80
597451,0.6279,0.6345,-0.5964,10.13,3.66,0.09
597531,0.6313,0.6421,-0.5930,10.45,1.30,1.17
597611,0.6353,0.6228,-0.6055,8.95,3.54,0.16
597701,0.6379,0.6382,-0.5664,8.75,4.01,-0.99
597781,0.6389,0.6379,-0.5737,10.52,3.20,-0.53
597861,0.6431,0.6445,-0.5942,9.91,-1.84,0.84
597951,0.6357,0.6106,-0.5825,7.56,-1.52,1.55
598031,0.6211,0.6064,-0.5862,4.55,-0.36,-0.91
598111,0.6384,0.6362,-0.5857,6.06,-3.67,-0.38
598201,0.6328,0.6145,-0.5969,5.65,-2.39,-0.61
598281,0.6230,0.6333,-0.5774,5.12,-4.57,-0.56
598361,0.6123,0.6147,-0.6130,5.59,-3.35,-0.09
598451,0.6211,0.6287,-0.5933,4.53,-1.62,0.12
598531,0.6206,0.6299,-0.6045,3.30,0.92,-1.80
598611,0.6069,0.6423,-0.6082,4.66,-0.42,0.24
598701,0.6055,0.6313,-0.6138,7.61,3.89,-2.07
598781,0.6240,0.6560,-0.6047,12.48,0.77,-0.05
598861,0.6348,0.6228,-0.6125,9.25,3.06,1.70
598951,0.6233,0.6382,-0.5681,7.56,0.54,4.45
599031,0.6365,0.6128,-0.5793,7.52,-3.66,3.41
599111,0.6272,0.6062,-0.6313,6.50,-3.19,3.15
599201,0.6101,0.6165,-0.6169,6.78,4.05,-0.99
599281,0.6394,0.6372,-0.5935,11.67,-2.98,0.25
599361,0.6147,0.6262,-0.6333,11.79,0.64,0.86
599451,0.6289,0.6311,-0.5986,7.92,3.77,-0.83
599531,0.6257,0.6111,-0.6099,8.77,5.00,-1.41
599611,0.6284,0.6284,-0.5984,9.27,2.18,0.58
599701,0.6184,0.6187,-0.6089,9.95,2.60,0.69
599781,0.6143,0.5896,-0.6497,8.64,2.98,0.39
599861,0.6343,0.6506,-0.5776,8.72,7.35,-5.91
599951,0.6265,0.6375,-0.5989,10.94,2.68,-1.70
600031,0.6382,0.6265,-0.5979,11.29,-1.12,0.97
600111,0.6199,0.6052,-0.6367,10.20,-3.30,2.35
600201,0.6216,0.6289,-0.5935,6.66,2.60,-2.20
600281,0.6306,0.6448,-0.5659,8.98,-4.14,2.16
600361,0.6184,0.5947,-0.6387,5.95,-6.77,4.49
600451,0.5977,0.5823,-0.6426,2.45,-3.66,1.68
600531,0.6128,0.6213,-0.6021,3.15,0.28,-1.34
600611,0.6169,0.6331,-0.6135,4.52,1.67,-0.59
600701,0.6172,0.6211,-0.6194,6.53,-1.07,0.21
600781,0.6133,0.6265,-0.6079,5.87,-1.01,1.49
600861,0.6172,0.6343,-0.6125,6.09,1.23,-0.38
600956,0.6147,0.6240,-0.6350,6.90,8.03,-3.79
601036,0.6167,0.6519,-0.5728,8.80,6.72,-2.22
601116,0.6323,0.6497,-0.5693,11.57,2.18,1.00
601201,0.6169,0.6270,-0.6096,10.64,-1.27,1.82
601281,0.6172,0.6140,-0.6248,5.97,2.41,0.52
601361,0.6184,0.6233,-0.6150,6.22,4.07,-1.67
601451,0.6309,0.6265,-0.5923,9.84,-1.80,2.02
601531,0.6089,0.6040,-0.6338,7.96,3.61,-0.70
601611,0.6201,0.6392,-0.5913,7.73,3.05,-0.86
601701,0.6238,0.6443,-0.6074,8.66,2.54,-0.31
601781,0.6216,0.6157,-0.5964,8.70,1.47,-0.70
601861,0.6194,0.6262,-0.5867,9.24,-1.01,-1.16
601951,0.6196,0.6423,-0.6079,8.77,0.93,-1.66
602031,0.6138,0.6277,-0.6162,6.42,-1.26,-0.85
602111,0.6023,0.6353,-0.6101,5.42,-2.42,-0.76
602202,0.6045,0.6394,-0.6084,5.19,-3.55,0.32
602282,0.6018,0.6389,-0.6013,4.55,-1.40,0.46
602362,0.6047,0.6348,-0.6135,3.87,0.35,-0.25
602451,0.6016,0.6221,-0.6206,5.73,1.75,-0.49
602531,0.6194,0.6580,-0.5601,7.98,0.94,-0.05
602611,0.6113,0.6116,-0.6277,7.65,-4.47,3.48
602701,0.6038,0.6211,-0.6516,6.17,1.73,-0.08
602781,0.6167,0.6377,-0.5586,6.88,-2.25,4.54
602861,0.6091,0.6125,-0.6414,6.93,-3.62,4.76
602951,0.6172,0.6267,-0.6187,5.40,0.80,2.26
603031,0.6121,0.6140,-0.6201,7.98,1.04,0.83
603111,0.6060,0.6133,-0.6277,9.27,3.43,-0.67
603201,0.5942,0.5867,-0.6855,9.90,5.15,0.02
603281,0.6216,0.6816,-0.5635,10.12,12.40,-6.86
603361,0.6250,0.6699,-0.5837,14.16,4.93,0.93
603451,0.6306,0.5964,-0.6416,12.70,3.04,2.21
603531,0.6140,0.6113,-0.6113,9.05,6.25,0.50
603611,0.6460,0.6101,-0.5703,10.91,1.18,0.55
603701,0.6226,0.5994,-0.6150,10.02,-0.59,-0.28
603781,0.6255,0.6016,-0.5967,7.86,0.96,-0.90
603861,0.6135,0.6396,-0.6052,11.41,-7.02,2.97
603951,0.6133,0.6162,-0.6443,4.29,-3.96,2.66
604031,0.6201,0.6584,-0.5967,0.77,1.03,-1.28
604111,0.6091,0.6350,-0.6089,6.34,-5.76,3.24
604201,0.5952,0.5889,-0.6506,5.09,-2.34,2.54
604281,0.6023,0.6162,-0.6340,4.10,3.13,-2.40
604361,0.6155,0.6218,-0.5989,7.89,1.38,0.04
604451,0.6157,0.6167,-0.6226,8.66,2.74,-1.12
604531,0.6160,0.6157,-0.6216,8.17,4.48,-1.07
604611,0.6140,0.6079,-0.6187,9.36,1.74,0.68
604701,0.6235,0.6235,-0.5803,9.16,2.31,0.49
604781,0.6152,0.6028,-0.6221,9.91,1.04,1.57
604861,0.5986,0.5847,-0.6677,7.03,5.42,-1.20
604951,0.6401,0.6436,-0.5984,8.17,2.38,-0.82
605031,0.6309,0.6218,-0.6067,7.80,1.18,2.26
605111,0.6177,0.5930,-0.5962,7.98,-0.26,0.25
605201,0.6072,0.6128,-0.6416,9.39,0.77,-0.49
605281,0.6169,0.6255,-0.6362,9.80,5.86,-0.22
605361,0.5984,0.6108,-0.6587,10.09,10.94,-2.83
605451,0.6172,0.6277,-0.6206,14.65,13.72,-5.73
605531,0.6292,0.6309,-0.5938,12.52,10.38,-3.50
605611,0.6458,0.6177,-0.5764,9.23,8.82,-1.60
605701,0.6399,0.6184,-0.5623,6.25,3.39,1.92
605781,0.6460,0.6187,-0.5764,4.66,-0.25,2.79
605861,0.6599,0.6201,-0.5798,2.73,0.23,2.20
605951,0.6396,0.6069,-0.5981,3.38,3.35,1.59
606031,0.6548,0.6270,-0.5876,7.49,2.17,1.62
606111,0.6614,0.6199,-0.5842,12.40,2.41,0.30
606201,0.6682,0.6106,-0.5754,12.38,2.12,0.70
606281,0.6643,0.6011,-0.5693,10.53,3.86,-0.21
606361,0.6580,0.5974,-0.5796,9.36,2.55,-0.67
606451,0.6682,0.6189,-0.5620,10.38,-1.18,-0.45
606531,0.6484,0.6084,-0.5916,8.73,-1.59,-0.39
606611,0.6448,0.6128,-0.5854,7.62,-2.91,0.45
606701,0.6409,0.6238,-0.5979,6.01,-0.50,1.16
606781,0.6399,0.6128,-0.6064,6.08,-1.00,1.77
606861,0.6428,0.6218,-0.5935,6.03,1.48,0.30
606951,0.6443,0.5994,-0.5806,8.41,2.95,-1.86
607031,0.6499,0.6313,-0.5752,9.48,-0.41,-0.08
607318,0.6379,0.6184,-0.5898,5.00,2.17,-2.34
607406,0.6377,0.6292,-0.5862,6.96,0.97,-0.63
607486,0.6460,0.6335,-0.5701,7.93,-0.67,0.35
607566,0.6365,0.5974,-0.6016,7.40,-1.39,1.16
607656,0.6404,0.6223,-0.5845,5.58,-0.82,-0.62
607736,0.6411,0.6213,-0.5901,5.35,-2.06,0.87
607816,0.6240,0.6079,-0.5925,4.07,0.59,0.18
607906,0.6292,0.6467,-0.5752,5.05,0.26,-0.27
607986,0.6404,0.6414,-0.6040,6.76,2.05,0.98
608066,0.6375,0.6348,-0.5938,9.09,3.47,1.23
608156,0.6343,0.6099,-0.5784,12.02,2.50,-0.23
608236,0.6301,0.6221,-0.6062,11.41,5.16,-2.31
608316,0.6555,0.6624,-0.5659,12.52,3.13,-1.18
608407,0.6494,0.6235,-0.5952,11.86,0.95,1.56
608487,0.6533,0.6169,-0.5806,8.73,0.51,1.29
608567,0.6416,0.6177,-0.6072,8.06,1.56,0.27
608657,0.6501,0.6272,-0.5886,9.98,-0.97,0.88
608737,0.6357,0.6106,-0.6104,6.95,1.80,-0.29
608817,0.6387,0.6077,-0.5984,6.28,1.31,-0.62
608907,0.6470,0.6292,-0.5586,8.11,-1.36,-1.49
608987,0.6367,0.6189,-0.6001,8.67,-5.16,0.12
609067,0.6301,0.6067,-0.5999,5.12,-3.66,0.10
609157,0.6172,0.6108,-0.5933,3.34,-1.97,-2.54
609237,0.6218,0.6284,-0.5994,3.53,-1.30,-0.98
609317,0.6238,0.6294,-0.6150,4.14,1.39,-1.38
609407,0.6260,0.6311,-0.5679,6.53,0.02,0.36
609487,0.6206,0.6099,-0.6028,7.49,-0.66,-0.86
609567,0.6165,0.6208,-0.6174,6.33,-1.40,0.64
609657,0.6240,0.6174,-0.6194,3.97,1.12,-0.30
609737,0.6250,0.6316,-0.6021,4.25,2.22,-0.45
609817,0.6267,0.6282,-0.5945,6.62,0.70,0.19
609907,0.6328,0.6384,-0.5876,8.26,2.48,-1.19
609987,0.6230,0.6392,-0.6077,10.07,2.87,-0.16
610067,0.6292,0.6387,-0.6016,9.96,3.12,1.06
610157,0.6228,0.6194,-0.5969,8.71,2.80,1.44
610237,0.6250,0.6301,-0.6077,8.62,3.49,1.03
610317,0.6309,0.6284,-0.5989,10.85,4.04,1.20
610407,0.6294,0.6147,-0.5986,11.17,2.78,1.90
610487,0.6362,0.6245,-0.5815,9.72,2.61,1.10
610567,0.6411,0.6230,-0.6050,8.34,-1.79,2.38
610657,0.6355,0.6077,-0.5952,4.89,-0.47,1.45
610737,0.6296,0.6104,-0.5967,3.66,-0.88,0.59
610817,0.6401,0.6194,-0.6011,4.78,-1.87,-0.52
610907,0.6404,0.6267,-0.5840,6.12,-2.48,-1.63
610987,0.6262,0.6167,-0.5913,6.83,-4.30,-0.20
611067,0.6167,0.6199,-0.6094,5.86,-3.79,0.44
611157,0.6174,0.6152,-0.6130,3.95,-0.84,-0.04
611237,0.6228,0.6328,-0.5981,5.13,-0.91,0.22
611317,0.6282,0.6152,-0.6145,5.79,-1.52,1.16
611414,0.6182,0.5920,-0.6138,4.84,0.78,-0.61
611494,0.6282,0.6113,-0.6008,5.00,2.29,-1.63
611574,0.6304,0.6257,-0.5999,6.67,1.23,-0.86
611664,0.6211,0.6157,-0.6055,6.08,1.50,0.88
611744,0.6396,0.6226,-0.6096,5.69,-1.55,1.98
611824,0.6299,0.5952,-0.6331,6.30,0.02,1.59
611914,0.6331,0.6096,-0.5908,6.70,2.58,-0.53
611994,0.6372,0.6094,-0.5984,9.21,1.19,-0.34
612074,0.6228,0.6082,-0.6218,8.99,2.36,-1.38
612164,0.6296,0.6189,-0.5889,8.34,0.30,-1.45
612244,0.6226,0.6279,-0.6038,7.59,0.14,-0.45
612324,0.6182,0.6316,-0.6028,6.20,1.08,0.20
612414,0.6270,0.6379,-0.5972,6.56,0.32,1.04
612494,0.6216,0.6230,-0.6086,8.15,0.59,1.72
612574,0.6228,0.6248,-0.6184,8.84,2.88,0.04
612664,0.6211,0.6257,-0.5896,9.32,0.66,-0.38
612744,0.6255,0.6135,-0.5969,7.77,-1.38,0.36
612824,0.6191,0.6218,-0.6184,6.81,-0.22,-1.02
612914,0.6201,0.6182,-0.6223,5.71,0.35,0.41
612994,0.6304,0.6235,-0.5857,6.40,-0.01,-0.91
613074,0.6201,0.6238,-0.5898,6.45,-1.97,-0.91
613164,0.6204,0.6318,-0.5918,6.10,-2.73,0.33
613244,0.6226,0.6155,-0.6331,5.34,-4.91,2.47
613324,0.6086,0.5813,-0.6396,1.73,0.91,0.53
613414,0.6257,0.6309,-0.5864,4.88,-0.73,-0.47
613494,0.6147,0.6099,-0.6294,6.94,0.55,-0.53
613574,0.6228,0.6311,-0.6150,7.04,1.90,-1.54
613664,0.6326,0.6240,-0.6067,7.30,-0.27,0.87
613744,0.6130,0.5833,-0.6326,5.44,2.55,0.59
613824,0.6277,0.6238,-0.5957,4.28,0.71,-1.48
613914,0.6279,0.6130,-0.6128,6.92,0.98,0.23
613994,0.6218,0.6194,-0.5979,9.16,2.54,0.14
614074,0.6316,0.6172,-0.6111,10.52,-0.02,1.93
614164,0.6138,0.5940,-0.6301,7.67,3.59,0.92
614244,0.6265,0.6096,-0.6223,6.36,2.34,-0.76
614324,0.6274,0.6082,-0.6128,8.27,4.09,-0.77
614414,0.6274,0.6267,-0.5950,9.98,0.84,0.15
614494,0.6204,0.5999,-0.6357,8.34,0.41,0.88
614574,0.6353,0.6077,-0.6042,5.78,1.89,-1.47
614664,0.6211,0.6221,-0.6011,8.26,1.00,-1.32
614744,0.6316,0.6348,-0.5996,10.89,0.02,-1.69
614824,0.6245,0.6301,-0.6067,9.84,-2.53,1.21
614914,0.5999,0.5938,-0.6326,4.09,-0.50,-0.43
614994,0.6028,0.6194,-0.6196,3.51,-0.60,-2.55
615074,0.6196,0.6353,-0.5854,4.58,-1.04,-2.58
615164,0.6016,0.6338,-0.6233,5.68,-4.55,1.47
615244,0.5862,0.6030,-0.6428,3.30,-4.00,1.59
615324,0.6003,0.6187,-0.6145,0.78,-1.97,-2.84
615414,0.6057,0.6543,-0.6006,4.60,-1.62,-2.50
615494,0.6028,0.6484,-0.6001,8.09,-4.32,0.97
615574,0.5869,0.6165,-0.6304,7.10,-4.61,1.77
615664,0.5989,0.6135,-0.6208,3.43,-0.24,-1.48
615744,0.5864,0.6548,-0.6133,5.74,1.62,-0.88
615824,0.6091,0.6450,-0.6167,9.65,-1.34,1.52
615914,0.5908,0.6104,-0.6304,8.20,-2.04,2.20
615994,0.5959,0.6030,-0.6296,5.18,0.27,0.41
616074,0.6042,0.6292,-0.6233,5.04,1.67,-1.88
616164,0.6074,0.6226,-0.6169,7.50,0.15,0.55
616244,0.5928,0.6060,-0.6433,7.25,-2.34,1.86
616324,0.5950,0.5906,-0.6458,4.49,0.30,0.55
616414,0.6113,0.6274,-0.6125,3.66,0.46,-1.45
616494,0.6047,0.6230,-0.6199,6.12,-1.01,0.24
616574,0.6021,0.6272,-0.6177,7.09,-1.62,0.77
616664,0.5981,0.6099,-0.6399,5.38,1.42,1.09
616744,0.5984,0.6211,-0.6165,5.40,2.45,-0.76
616824,0.5955,0.6377,-0.6201,7.56,1.92,-0.25
616914,0.6001,0.6367,-0.6157,7.62,2.20,0.51
616994,0.6003,0.6245,-0.6245,7.77,2.81,-0.37
617074,0.6179,0.6538,-0.5698,11.80,0.64,-1.59
617164,0.5833,0.6216,-0.6118,11.67,0.04,0.28
617244,0.6057,0.6416,-0.6426,9.62,-4.36,6.58
617324,0.5986,0.5996,-0.6555,6.58,-0.54,5.27
617414,0.5989,0.6104,-0.6077,5.02,1.34,2.02
617494,0.6108,0.6169,-0.6433,8.55,-1.35,2.22
617574,0.6072,0.6008,-0.6526,10.60,-1.80,2.48
617664,0.5981,0.5840,-0.6423,10.99,-0.37,0.27
617744,0.5913,0.6028,-0.6509,10.81,4.55,-2.67
617824,0.6145,0.6299,-0.6099,10.05,5.28,-3.05
617914,0.6106,0.6123,-0.6343,7.63,-0.92,2.41
617994,0.6125,0.6038,-0.6172,6.00,0.05,-0.04
618074,0.5967,0.5962,-0.6255,5.09,-1.02,1.16
618164,0.6008,0.5835,-0.6348,6.20,1.42,0.32
618248,0.6064,0.6057,-0.6406,7.32,0.04,0.41
618328,0.6067,0.5881,-0.6384,6.31,2.77,0.28
618414,0.6025,0.6033,-0.6365,6.65,0.07,1.12
618494,0.6035,0.5940,-0.6497,8.16,1.48,1.88
618574,0.6030,0.5923,-0.6404,8.34,2.38,-0.17
618664,0.6038,0.6094,-0.6396,7.42,1.36,-1.20
618744,0.6135,0.6309,-0.6299,8.55,0.95,-1.41
618824,0.6052,0.6160,-0.6431,8.88,-1.41,1.26
618914,0.5977,0.5908,-0.6377,6.23,0.45,0.80
618994,0.5969,0.6218,-0.6335,6.68,0.33,0.41
619074,0.5967,0.6145,-0.6479,7.85,1.03,2.10
619164,0.6045,0.6121,-0.6477,8.60,1.03,2.35
619244,0.5962,0.5994,-0.6440,9.02,3.41,0.68
619324,0.6150,0.6069,-0.6199,10.01,1.82,-0.28
619414,0.5967,0.5891,-0.6301,9.53,3.34,0.18
619494,0.6067,0.5999,-0.6458,8.90,0.25,0.59
619574,0.6155,0.6025,-0.6323,9.02,-0.37,0.72
619664,0.5989,0.5894,-0.6443,7.60,1.09,-0.73
619744,0.5999,0.6062,-0.6338,9.09,1.50,-1.20
619824,0.6086,0.5947,-0.6245,10.77,2.23,-0.69
619914,0.6016,0.6038,-0.6335,10.41,0.10,-0.14
619994,0.6069,0.5962,-0.6370,9.09,-2.72,0.83
620074,0.5996,0.6013,-0.6328,7.67,-0.70,0.75
620164,0.5918,0.6057,-0.6475,7.81,1.88,1.27
620244,0.5945,0.5999,-0.6497,7.88,2.51,0.98
620324,0.5999,0.5994,-0.6433,7.32,1.86,0.10
620414,0.5891,0.5957,-0.6577,7.60,2.56,-0.58
620494,0.6006,0.6111,-0.6355,9.47,1.63,-1.58
620574,0.5896,0.6096,-0.6533,9.60,2.91,0.07
620664,0.6140,0.6108,-0.6216,8.49,2.14,0.20
620744,0.5952,0.6074,-0.6523,8.70,-0.25,2.54
620824,0.5942,0.5964,-0.6570,6.69,2.12,0.53
620914,0.5959,0.6191,-0.6311,8.19,0.77,1.59
620994,0.5903,0.5986,-0.6577,8.90,2.88,1.26
621074,0.5994,0.5991,-0.6582,9.41,3.17,0.93
621164,0.6006,0.5928,-0.6445,10.66,4.11,0.12
621244,0.6008,0.5850,-0.6399,10.77,2.38,0.53
621324,0.5920,0.5784,-0.6572,8.96,3.21,-0.87
621414,0.6052,0.5977,-0.6584,8.23,1.75,-0.88
621494,0.6118,0.6042,-0.6133,8.55,0.78,0.44
621574,0.6003,0.5867,-0.6306,7.78,-1.36,0.70
621664,0.5952,0.5925,-0.6465,7.21,-2.08,-0.90
621744,0.6013,0.6077,-0.6362,7.03,-1.40,0.08
621824,0.5933,0.5981,-0.6536,7.26,1.41,-0.67
621914,0.5957,0.6145,-0.6267,8.34,1.57,-0.49
621994,0.5911,0.6086,-0.6367,10.20,2.77,-1.40
622074,0.5857,0.6057,-0.6494,9.62,0.51,-0.85
622164,0.5779,0.6072,-0.6643,8.65,1.66,-0.52
622244,0.5872,0.6228,-0.6384,7.53,3.34,0.48
622324,0.5850,0.6167,-0.6506,10.12,1.86,1.19
622414,0.5923,0.6091,-0.6401,10.19,2.38,0.86
622494,0.5945,0.6045,-0.6418,10.39,-0.90,2.42
622574,0.5845,0.5852,-0.6604,7.99,2.13,1.81
622664,0.5928,0.5933,-0.6462,7.84,4.57,-0.59
622744,0.6008,0.5969,-0.6482,9.78,2.89,-0.30
622824,0.5967,0.5918,-0.6482,9.27,2.60,-0.40
622914,0.5901,0.5881,-0.6370,8.45,3.59,-0.88
622994,0.6023,0.6033,-0.6377,9.33,0.84,-0.31
623074,0.6003,0.6077,-0.6370,7.61,1.09,-0.57
623164,0.5933,0.6118,-0.6406,7.69,0.88,-0.09
623244,0.5969,0.6143,-0.6262,8.44,-1.36,0.22
623324,0.5930,0.6047,-0.6541,7.83,-2.76,1.37
623414,0.5894,0.5979,-0.6541,5.65,-0.27,-0.66
623494,0.5884,0.6135,-0.6404,7.12,0.42,-0.98
623574,0.5791,0.6025,-0.6545,8.91,0.80,-0.42
623664,0.5796,0.6165,-0.6584,10.20,1.20,-1.00
623744,0.5742,0.6133,-0.6597,9.80,3.31,-0.32
623824,0.5874,0.6184,-0.6292,9.67,1.11,1.24
623914,0.5750,0.5923,-0.6792,7.72,0.95,2.78
623994,0.5806,0.5974,-0.6589,6.16,3.53,0.59
624074,0.5867,0.6162,-0.6399,9.76,3.38,0.70
624164,0.5955,0.6035,-0.6416,12.52,3.87,1.43
624244,0.5869,0.5784,-0.6541,10.54,2.94,0.53
624324,0.5928,0.5916,-0.6497,8.81,2.88,-1.23
624414,0.5996,0.6074,-0.6316,8.98,0.15,-0.85
624494,0.5823,0.5896,-0.6602,8.05,1.97,0.08
624574,0.5820,0.5764,-0.6667,6.73,1.32,0.38
624664,0.5872,0.6064,-0.6511,8.16,2.80,-1.12
624744,0.5955,0.6069,-0.6252,9.04,0.33,-0.73
624824,0.5789,0.5928,-0.6611,8.98,-1.10,-0.27
624914,0.5764,0.5923,-0.6624,6.45,1.25,-1.59
624994,0.5879,0.6230,-0.6460,6.16,1.03,0.17
625074,0.5798,0.6157,-0.6523,6.30,1.43,-1.09
625164,0.5708,0.6282,-0.6416,7.12,1.79,-0.66
625244,0.5737,0.6179,-0.6404,9.49,1.52,0.84
625324,0.5845,0.6130,-0.6555,10.45,-2.31,2.16
625414,0.5605,0.5874,-0.6831,7.99,0.69,2.02
625494,0.5742,0.5872,-0.6504,7.62,1.52,0.17
625574,0.5806,0.6016,-0.6521,8.95,1.60,-0.34
625664,0.5813,0.6055,-0.6548,10.34,2.13,-0.66
625744,0.5840,0.6089,-0.6450,11.29,0.16,0.67
625824,0.5671,0.6062,-0.6582,7.69,0.77,0.69
625914,0.5757,0.6006,-0.6609,5.30,1.64,-0.34
625994,0.5781,0.6255,-0.6350,5.37,1.95,0.06
626074,0.5750,0.6162,-0.6453,7.76,2.02,0.74
626164,0.5752,0.6147,-0.6350,9.76,1.87,1.47
626244,0.5850,0.6082,-0.6628,10.65,0.15,2.33
626324,0.5657,0.5859,-0.6787,9.35,4.33,0.95
626414,0.5759,0.6064,-0.6636,10.48,4.16,-0.84
626494,0.5906,0.6162,-0.6543,10.06,4.02,-0.77
626574,0.5876,0.6196,-0.6343,11.24,2.62,-0.23
626664,0.5825,0.5938,-0.6699,9.24,1.29,0.48
626744,0.5886,0.6035,-0.6389,7.18,2.66,-0.06
626824,0.5828,0.6006,-0.6470,7.98,2.93,-0.03
626914,0.5894,0.6052,-0.6426,9.46,1.40,0.23
626994,0.5842,0.5906,-0.6655,8.81,-0.35,1.31
627074,0.5894,0.5942,-0.6509,7.21,1.87,-0.84
627164,0.5803,0.6086,-0.6577,6.46,2.98,-1.47
627244,0.5845,0.6272,-0.6445,8.60,1.77,-1.25
627324,0.5864,0.6167,-0.6467,8.82,-0.84,1.03
627414,0.5789,0.5999,-0.6509,7.82,-0.30,0.36
627494,0.5735,0.5991,-0.6624,8.16,-0.10,-0.79
627574,0.5803,0.6091,-0.6553,8.74,2.02,-0.96
627664,0.5833,0.6243,-0.6396,8.04,-0.02,0.44
627744,0.5720,0.6023,-0.6677,7.26,-1.84,0.77
627824,0.5754,0.6067,-0.6467,4.28,-1.60,-0.44
627914,0.5728,0.6223,-0.6426,4.95,0.63,-0.80
627994,0.5718,0.6289,-0.6472,6.56,0.00,-0.14
628074,0.5723,0.6067,-0.6604,6.26,-1.75,2.02
628164,0.5649,0.6030,-0.6523,4.79,0.96,0.09
628244,0.5659,0.6084,-0.6692,5.24,2.28,-0.59
628324,0.5771,0.6262,-0.6521,6.43,3.00,-1.10
628414,0.5698,0.6204,-0.6475,8.28,2.46,0.93
628494,0.5728,0.6160,-0.6577,8.32,2.34,2.25
628574,0.5769,0.5962,-0.6716,9.37,3.86,2.10
628664,0.5845,0.6069,-0.6509,7.86,3.27,0.47
628744,0.5864,0.6084,-0.6455,10.26,2.68,0.44
628824,0.5806,0.6021,-0.6528,11.12,1.15,1.70
628914,0.5786,0.5928,-0.6714,8.55,2.40,-0.29
628994,0.5886,0.5908,-0.6633,6.73,2.57,-1.39
629074,0.5762,0.6099,-0.6367,10.52,1.46,-2.88
629164,0.5596,0.6238,-0.6626,11.84,3.65,-3.80
629244,0.5869,0.6406,-0.6462,11.18,-1.37,0.38
629324,0.5964,0.6108,-0.6301,5.27,-7.75,4.96
629414,0.5496,0.5886,-0.6682,-2.12,-8.02,4.35
629494,0.5833,0.6086,-0.6240,2.59,-21.31,3.87
629574,0.4851,0.5178,-0.8079,-0.02,-2.15,-5.55
629664,0.5796,0.7161,-0.5522,8.33,6.75,-2.89
629744,0.5723,0.5713,-0.6553,13.37,-9.69,-1.25
629824,0.4944,0.6147,-0.7874,9.96,-1.76,-3.16
629914,0.5261,0.6021,-0.7014,7.05,17.55,-11.71
629994,0.6497,0.7585,-0.5190,19.04,-6.16,1.55
630074,0.6663,0.7205,-0.7986,29.87,-34.08,25.05
630164,0.6792,0.6582,-1.1421,48.76,-41.00,55.80
630244,0.6257,0.4473,-1.1057,47.48,-9.98,63.36
630324,0.5632,0.2524,-0.9587,26.86,-2.97,47.02
630414,0.5540,0.2017,-0.8821,-0.02,1.95,21.34
630494,0.5581,0.2986,-0.8765,-11.64,-6.50,15.22
630574,0.5498,0.2820,-0.9058,-30.09,-6.63,-1.90
630664,0.5215,0.3589,-0.8328,-48.11,-4.35,-13.11
630744,0.4377,0.4619,-0.6323,-57.06,-0.13,-24.92
630824,0.4666,0.4727,-0.4819,-54.66,-16.23,-30.84
630914,0.3943,0.5073,-0.4263,-49.77,-28.54,-36.53
630994,0.3728,0.7158,-0.2668,-44.34,-57.27,-29.87
631074,0.2817,0.7395,-0.4089,-24.72,-94.17,-4.48
631164,0.2004,0.7568,-0.4507,-9.52,-110.40,3.82
631244,0.0930,0.7275,-0.6074,11.48,-128.74,14.55
631324,-0.0869,0.7170,-0.8579,26.39,-100.52,8.05
631414,-0.1328,0.8162,-0.7439,22.60,-50.48,-4.45
631494,-0.2026,0.9900,-0.7051,30.44,-55.73,19.41
631574,-0.3591,0.7610,-0.6487,27.12,-69.55,24.70
631664,-0.3228,0.7148,-0.6519,4.56,-58.30,17.34
631744,-0.3147,0.6968,-0.6436,-7.66,-41.94,16.34
631824,-0.3445,0.7610,-0.5938,-10.45,-33.12,21.05
631914,-0.3645,0.7346,-0.5667,-13.15,-34.35,21.52
631994,-0.3792,0.7153,-0.5398,-6.05,-38.35,19.66
632074,-0.3853,0.8103,-0.5645,5.09,-33.26,18.08
632164,-0.3391,0.8784,-0.4683,31.94,-42.88,31.01
632244,-0.2371,0.9016,-0.3496,32.73,-39.07,38.50
632324,-0.2085,0.9749,-0.6462,26.30,-3.65,23.10
632414,-0.1709,0.9846,-0.3721,17.60,10.54,14.97
632494,-0.1868,0.9817,-0.4104,17.59,3.82,23.98
632574,-0.1824,0.8948,-0.3765,11.10,7.80,21.19
632664,-0.1541,0.9011,-0.4111,15.01,3.28,18.97
632744,-0.1741,0.9373,-0.4431,26.05,4.77,20.83
632824,-0.1738,0.8909,-0.4597,34.69,-0.74,19.91
632914,-0.1440,0.8933,-0.4885,36.69,-3.95,15.96
632994,-0.1699,0.8889,-0.5181,37.35,-6.84,16.52
633074,0.0391,0.9373,-0.7798,47.86,7.98,39.30
633164,0.1328,0.6392,-0.7773,37.60,6.99,72.41
633244,0.1514,0.4517,-0.8669,9.97,57.01,39.84
633324,0.2351,0.5676,-0.7439,4.23,67.58,17.26
633414,0.2837,0.8494,-0.7290,14.98,91.47,6.20
633494,0.4553,1.0105,-0.2827,33.30,59.80,50.42
633574,0.3318,0.7578,-0.5051,25.99,47.80,61.83
633664,0.5400,0.7000,-0.2773,37.57,12.66,82.52
633744,0.5261,0.5046,-0.5217,46.86,2.12,78.11
633824,0.6387,0.2859,-0.8835,47.12,37.15,65.34
633914,0.6550,0.3281,-0.6714,31.02,82.89,24.95
633994,0.7437,0.3081,-0.5688,23.07,84.16,9.55
634078,0.8586,0.3713,-0.5820,20.52,93.52,-6.41
634164,1.0491,0.4453,-0.3208,13.07,90.06,-11.69
634244,1.1738,0.5181,-0.1482,21.15,59.35,-9.27
634324,1.2563,0.5203,-0.0920,24.58,21.23,-8.55
634414,1.2266,0.5369,-0.1548,35.32,-26.74,-5.03
634494,1.0754,0.4233,-0.3174,36.69,-54.73,-3.90
634574,0.9822,0.4658,-0.3074,40.27,-67.25,-15.69
634664,0.8271,0.4126,-0.4016,36.92,-91.70,-24.30
634744,0.6411,0.4236,-0.5325,25.05,-109.85,-37.43
634824,0.4478,0.4478,-0.6042,5.18,-119.17,-53.33
634914,0.2678,0.4446,-0.6812,-18.40,-116.02,-69.27
634994,0.1506,0.6775,-0.7974,-29.86,-103.81,-65.26
635074,0.0312,0.5981,-0.8323,-21.27,-89.54,-39.45
635164,-0.1235,0.4568,-0.9719,-19.66,-48.44,-52.73
635244,-0.1189,0.6001,-0.8538,-23.23,-7.92,-60.91
635324,-0.1636,0.6174,-0.7554,-20.69,9.42,-55.33
635414,-0.2317,0.6279,-0.7024,-20.11,26.77,-54.52
635494,-0.2783,0.6423,-0.6616,-33.84,27.67,-53.14
635574,-0.3494,0.7402,-0.6384,-43.93,23.45,-57.20
635664,-0.2827,0.8782,-0.5317,-35.30,9.88,-34.03
635744,-0.2712,0.8965,-0.7134,-28.60,7.80,-17.19
635824,-0.2280,0.9036,-0.6670,-22.41,32.45,-12.05
635914,-0.1758,0.9739,-0.3967,-20.42,52.34,-4.27
635994,-0.2083,0.9226,-0.3674,-5.88,29.19,6.95
636074,-0.2014,0.8914,-0.3848,-3.72,18.62,-6.71
636164,-0.1553,0.8882,-0.2659,0.78,10.38,-15.94
636244,-0.2148,0.9448,-0.6626,16.62,-5.58,-22.16
636324,-0.1724,0.8005,-0.4297,18.45,35.57,-33.41
636421,-0.2334,0.9758,-0.5740,22.18,10.21,-4.57
636501,-0.2998,0.7551,-0.5559,29.57,15.80,-4.00
636581,-0.3567,0.8323,-0.6033,21.23,20.95,-12.95
636671,-0.3020,0.7925,-0.5471,24.64,23.09,-5.41
636751,-0.3052,0.8042,-0.5857,18.03,26.82,0.79
636831,-0.3069,0.7871,-0.5869,15.48,31.88,6.77
636921,-0.2581,0.7595,-0.6306,13.21,38.71,9.27
637001,-0.2322,0.7375,-0.6914,11.96,43.88,-1.66
637081,-0.1118,1.0686,-0.7336,34.36,47.02,8.59
637171,-0.0791,0.6816,-0.9893,13.58,33.84,-2.15
637251,0.0942,0.6355,-0.6799,-4.24,70.52,-18.38
637532,0.2659,0.7517,-0.4766,11.00,4.93,6.44
637616,0.1519,0.7747,-0.8123,19.70,-11.10,17.01
637696,0.1003,0.8186,-0.6853,18.35,17.90,30.98
637776,0.0720,0.6990,-0.7388,12.35,17.47,27.59
637866,0.2280,0.5769,-0.7803,-8.87,24.97,3.59
637946,0.3821,0.8625,-0.5286,9.30,13.40,38.74
638026,0.2881,0.7405,-0.6321,39.58,32.34,29.21
638116,0.4045,0.6589,-0.6250,31.68,33.09,45.45
638196,0.4070,0.6252,-0.5813,30.47,24.28,45.63
638276,0.4297,0.7771,-0.4978,34.99,18.23,60.89
638366,0.5144,0.6848,-0.6567,37.10,12.55,73.71
638446,0.5972,0.4927,-0.7476,44.47,24.33,78.29
638526,0.6172,0.2070,-0.9180,58.91,55.45,71.38
638616,0.7180,0.0737,-0.6528,42.97,62.03,65.92
638696,0.8140,-0.0813,-0.5894,34.80,47.71,39.23
638776,0.8860,0.0825,-0.5190,21.49,32.41,33.18
638866,0.9265,0.0325,-0.5105,20.85,29.38,23.23
638946,0.9573,0.0613,-0.4316,21.05,18.75,25.13
639026,0.9844,-0.0447,-0.4934,23.69,9.70,26.44
639116,0.9492,-0.0991,-0.5386,21.00,5.10,18.40
639196,0.9636,-0.1411,-0.5024,17.44,6.46,8.58
639276,0.9255,-0.1477,-0.4690,19.85,4.95,0.84
639366,0.9241,-0.1750,-0.4734,24.57,2.76,-1.91
639446,0.9380,-0.1023,-0.5171,26.43,4.35,-2.97
639526,0.9319,-0.0815,-0.4636,21.27,1.15,3.35
639616,0.8784,-0.1228,-0.5249,13.72,8.62,4.18
639696,0.9631,-0.0183,-0.3694,14.13,4.84,15.83
639776,0.9248,-0.1606,-0.5300,4.52,18.17,17.32
639866,0.9304,-0.1836,-0.2908,9.13,7.16,25.41
639946,0.8196,-0.2671,-0.3811,3.31,1.41,21.49
640026,0.8594,-0.2715,-0.4353,-1.95,-2.61,13.14
640116,0.8481,-0.3159,-0.3789,-2.13,16.75,-1.30
640196,0.8582,-0.2583,-0.3372,3.91,5.02,3.95
640276,0.8035,-0.2925,-0.4700,1.17,22.34,-10.45
640366,0.9275,-0.1641,-0.2314,-0.47,18.63,-2.72
640446,0.9800,-0.2090,-0.3713,-8.57,9.12,10.58
640526,1.0581,-0.1917,-0.2825,0.02,1.89,16.22
640617,1.0750,-0.2676,-0.4609,3.79,-13.52,18.53
640697,0.9634,-0.3188,-0.4761,3.97,-6.77,8.26
640777,0.9285,-0.2800,-0.4277,8.99,-1.09,-1.30
640867,0.8901,-0.2441,-0.3669,15.84,14.00,-12.29
640947,0.8657,-0.1829,-0.3616,20.54,13.83,-10.78
641027,0.8518,-0.1975,-0.3215,24.79,1.48,-13.93
641117,0.8469,-0.1997,-0.4202,26.95,2.90,-25.27
641197,0.9163,-0.1001,-0.3445,26.47,-13.85,-16.05
641277,0.8787,-0.1404,-0.3894,22.78,5.80,-7.24
641367,1.1169,-0.1460,-0.3164,18.02,3.96,-7.31
641447,1.0854,-0.1196,-0.3762,18.49,7.66,4.30
641527,0.9114,-0.1606,-0.4319,10.23,20.06,21.48
641617,0.7207,-0.3472,-0.1707,4.60,6.25,5.66
641697,0.8635,-0.2769,-0.2461,-4.91,-4.10,-24.20
641777,1.0425,-0.0276,-0.2625,2.89,-20.37,-21.29
641867,0.9165,-0.1343,-0.4661,16.59,-1.09,-8.21
641947,1.0732,-0.2024,-0.3845,15.91,3.05,-10.59
642027,1.0896,-0.0669,-0.3159,19.52,-16.19,0.95
642117,0.9651,-0.2666,-0.6675,13.91,-24.20,1.63
642197,0.9280,-0.2444,-0.4709,8.80,-16.49,-18.47
642277,0.9363,-0.1780,-0.4707,8.66,-30.02,-22.70
642367,0.9287,-0.1238,-0.5222,-1.30,-27.49,-28.05
642447,0.9175,-0.1365,-0.5234,-4.10,-43.48,-28.27
642527,0.7988,-0.1316,-0.5771,-13.59,-51.54,-39.05
642617,0.7380,-0.0508,-0.6099,-28.29,-45.92,-55.34
642697,0.7151,0.1299,-0.7263,-42.88,-36.62,-66.83
642777,0.6936,0.3086,-0.8018,-48.65,-20.03,-78.22
642867,0.5273,0.4990,-0.6069,-37.49,11.20,-88.17
642947,0.5376,0.6670,-0.5784,-28.53,2.98,-68.98
643027,0.4717,0.5779,-0.5066,-19.27,-1.73,-61.53
643117,0.4648,0.7014,-0.4685,-14.99,-18.34,-53.41
643197,0.4509,0.7117,-0.4929,-5.78,-30.93,-42.45
643277,0.3899,0.7075,-0.6267,7.91,-30.82,-31.32
643367,0.3428,0.7046,-0.7466,38.96,-25.50,-1.99
643447,0.2485,0.7661,-0.8643,54.37,42.39,22.16
643527,0.1548,0.6814,-0.7888,54.72,103.27,26.67
643619,0.2437,0.7358,-0.6536,72.34,87.64,50.34
643699,0.4597,0.6060,-0.5361,79.67,99.20,62.25
643779,0.7170,0.3650,-0.4661,70.07,76.90,84.25
643869,0.7104,0.0037,-0.6443,49.24,75.70,54.06
643949,0.9421,0.0830,-0.4912,29.98,81.62,27.27
644029,0.9976,0.1326,-0.3601,10.09,71.54,4.39
644119,1.0991,0.2104,-0.2642,-5.32,49.50,-2.42
644199,1.1897,0.2188,-0.2507,-10.88,25.13,4.28
644279,1.1187,0.2576,-0.2419,-9.93,16.20,-1.40
644369,1.0500,0.2524,-0.1807,-8.18,-7.41,10.08
644449,1.0171,0.2034,-0.1914,-4.41,-15.05,12.30
644529,0.9692,0.1487,-0.2898,-4.07,-7.33,8.62
644619,1.0039,0.1455,-0.2949,-4.85,3.13,6.12
644699,1.0378,0.1384,-0.2634,-0.34,8.02,6.52
644779,1.0354,0.1318,-0.2300,3.66,9.77,3.23
644869,1.0854,0.1091,-0.2034,8.80,-4.41,5.83
644949,1.0571,0.0645,-0.2395,9.15,-4.50,-1.56
645029,1.0698,0.0940,-0.2527,7.41,-14.23,-6.51
645119,1.0955,0.1204,-0.3027,4.92,-24.07,-13.04
645199,1.0945,0.1711,-0.3313,3.71,-39.05,-19.05
645279,1.0283,0.1882,-0.4084,3.26,-58.74,-23.41
645369,0.9299,0.2249,-0.4924,-1.12,-72.94,-35.05
645449,0.7783,0.3237,-0.4951,-6.93,-87.40,-43.67
645529,0.6206,0.3569,-0.5745,-18.38,-104.80,-46.02
645619,0.4507,0.4285,-0.6699,-34.84,-104.67,-51.07
645699,0.3201,0.5337,-0.7192,-40.08,-102.73,-50.86
645779,0.2273,0.6218,-0.7224,-47.60,-91.45,-48.30
645869,0.0808,0.8381,-0.7280,-37.52,-81.95,-38.24
645949,-0.0527,0.8071,-0.7302,-22.65,-75.02,-4.67
646029,-0.0686,0.4802,-0.8193,-27.02,-53.70,-4.50
646119,-0.1318,0.7119,-0.7561,-39.12,-19.03,-28.73
646199,-0.1882,0.7820,-0.6538,-46.66,-1.80,-36.76
646279,-0.1687,0.8538,-0.6609,-39.90,13.13,-29.77
646369,-0.1904,1.1204,-0.6016,-27.04,47.69,-18.69
646449,-0.2229,0.8640,-0.5098,-25.95,51.55,-27.38
646529,-0.1729,0.9795,-0.3171,-29.70,54.82,-33.88
646619,-0.1262,0.9629,-0.2412,-18.07,35.85,-34.84
646699,-0.1812,0.9338,-0.2668,-3.01,16.35,-35.54
646779,-0.2078,0.9644,-0.2429,0.54,2.36,-34.25
646869,-0.2300,1.0024,-0.2529,1.92,-14.06,-29.81
646949,-0.3159,0.9700,-0.4180,4.84,-11.57,-24.20
647029,-0.3342,0.9727,-0.4558,1.45,10.19,-21.49
647119,-0.3789,0.9194,-0.3938,2.77,20.16,-14.48
647199,-0.4204,0.8613,-0.3545,2.84,28.36,-13.29
647279,-0.4404,0.9219,-0.3225,1.19,18.37,-13.49
647369,-0.4202,0.9016,-0.3306,2.61,10.18,-9.70
647449,-0.4272,0.8992,-0.3574,7.52,11.66,-1.57
647529,-0.4263,0.8862,-0.3838,11.38,9.35,2.59
647619,-0.4324,0.8721,-0.3875,14.97,7.92,4.13
647699,-0.4077,0.8533,-0.4045,14.86,6.44,4.09
647779,-0.4106,0.8591,-0.4231,13.46,7.69,3.78
647869,-0.3794,0.8674,-0.3994,15.17,9.64,4.27
647949,-0.3721,0.8799,-0.3623,17.54,5.42,6.27
648029,-0.3801,0.8928,-0.4167,19.00,1.25,7.12
648119,-0.3596,0.9028,-0.4026,15.80,-0.09,4.35
648199,-0.3560,0.8914,-0.3997,14.20,-2.41,5.61
648279,-0.3066,0.8865,-0.4849,14.84,-2.29,3.73
648369,-0.2847,0.8833,-0.4407,14.59,4.55,3.03
648449,-0.2834,0.9128,-0.4290,16.48,6.70,4.49
648529,-0.2600,0.8071,-0.4753,16.68,12.19,2.18
648619,-0.2590,0.8896,-0.3904,19.34,14.00,-9.75
648699,-0.3118,0.8799,-0.4827,14.66,6.32,7.71
648779,-0.2917,0.9348,-0.4631,22.83,-2.58,2.72
648869,-0.3491,0.8328,-0.5000,17.12,3.15,-0.24
648949,-0.2834,0.7908,-0.5039,12.86,5.05,-8.18
649029,-0.2778,0.8953,-0.4785,16.94,0.14,-1.49
649119,-0.3579,0.8994,-0.5012,11.72,7.44,-10.73
649199,-0.3726,0.8533,-0.4561,7.86,-2.46,-4.06
649279,-0.3096,0.8523,-0.4758,11.38,-13.59,-2.27
649369,-0.3149,0.8733,-0.4846,8.00,-13.45,3.20
649449,-0.3635,0.8601,-0.4900,11.09,-9.90,8.39
649529,-0.3774,0.8315,-0.4575,11.05,-11.73,9.82
649619,-0.3718,0.8484,-0.4553,7.64,-11.18,7.58
649699,-0.3811,0.8933,-0.4526,5.74,-9.38,10.90
649779,-0.3621,0.8613,-0.4521,6.66,-13.13,10.70
649869,-0.3562,0.8518,-0.4272,11.22,-13.16,12.68
649949,-0.3662,0.8677,-0.4468,11.52,-10.86,10.99
650029,-0.3591,0.8818,-0.4121,10.48,-8.19,5.07
650119,-0.3574,0.8713,-0.3909,12.86,-11.87,4.04
650208,-0.3381,0.9646,-0.4482,4.88,-9.36,7.52
650288,-0.3545,0.8054,-0.3772,13.76,-13.67,-4.02
650369,-0.2642,0.9509,-0.3843,23.23,9.31,1.72
650449,-0.3054,0.9551,-0.3862,15.25,-4.22,-0.12
650529,-0.3699,0.8945,-0.4058,14.12,-4.81,-0.80
650619,-0.3516,0.8926,-0.3896,11.47,-0.07,-3.31
650699,-0.3796,0.9033,-0.4458,9.54,2.55,-3.12
650779,-0.4121,0.8955,-0.4026,11.73,1.76,4.10
650869,-0.3860,0.8625,-0.4155,10.22,1.92,7.36
650949,-0.3660,0.8743,-0.3999,9.33,1.64,9.51
651029,-0.3616,0.8892,-0.4072,8.22,2.57,10.12
651119,-0.3494,0.8979,-0.4072,9.62,1.49,10.51
651199,-0.3376,0.9033,-0.4019,10.69,0.42,10.35
651279,-0.3103,0.9236,-0.3999,14.73,2.82,10.67
651369,-0.2622,0.8733,-0.4062,18.76,5.24,7.37
651449,-0.2646,0.8960,-0.4148,19.51,3.80,3.71
651529,-0.2910,0.9221,-0.4241,18.16,2.10,-0.30
651619,-0.2896,0.9016,-0.4023,15.98,0.45,-4.23
651699,-0.2905,0.8962,-0.4519,15.84,0.84,-4.83
651779,-0.3044,0.9099,-0.4382,14.37,2.47,-4.28
651869,-0.3076,0.9006,-0.4282,11.41,1.20,-3.96
651949,-0.3167,0.8955,-0.4216,10.77,2.07,-1.62
652029,-0.3232,0.9143,-0.4421,9.59,1.76,-0.52
652119,-0.3206,0.8984,-0.4514,11.04,4.00,1.94
652199,-0.2881,0.9004,-0.4648,14.31,7.87,7.16
652279,-0.3030,0.9011,-0.4539,13.67,9.86,7.89
652369,-0.2935,0.8889,-0.4695,13.99,10.02,5.95
652449,-0.2676,0.8828,-0.4622,12.72,11.16,4.11
652529,-0.2554,0.8965,-0.4675,12.45,9.32,2.48
652619,-0.2588,0.8953,-0.4731,12.80,9.65,1.79
652699,-0.2649,0.9060,-0.4880,16.19,13.92,2.02
652779,-0.2324,0.8943,-0.4285,20.18,9.71,-1.10
652869,-0.2097,0.8735,-0.5000,15.20,-1.55,-6.01
652949,-0.2461,0.8745,-0.4995,12.91,-0.65,-7.42
653029,-0.2646,0.8794,-0.4929,14.34,-5.44,-6.04
653119,-0.2793,0.8755,-0.5015,11.72,-6.55,-6.66
653199,-0.2898,0.8667,-0.5132,9.99,-4.67,-6.41
653279,-0.3135,0.8667,-0.5098,9.91,-3.80,-6.00
653369,-0.3210,0.8562,-0.5029,8.66,-4.98,-3.73
653449,-0.3330,0.8467,-0.4841,6.66,-2.16,-3.24
653529,-0.3347,0.8506,-0.4565,6.38,-2.03,-1.42
653619,-0.3362,0.8462,-0.4724,3.50,-7.30,-1.82
653699,-0.3606,0.8782,-0.4524,4.65,5.12,-0.99
653779,-0.3835,0.8999,-0.4021,6.44,4.15,1.99
653869,-0.3604,0.8713,-0.4392,7.67,6.25,5.12
653949,-0.3367,0.8870,-0.4307,7.89,8.41,2.00
654029,-0.3357,0.9004,-0.4209,8.52,8.09,0.60
654119,-0.3362,0.8855,-0.4468,8.87,7.61,-2.36
654199,-0.3184,0.8816,-0.4380,9.03,9.47,-3.93
654279,-0.3081,0.8762,-0.4482,8.57,9.92,-6.74
654369,-0.3079,0.8928,-0.4546,6.76,12.38,-8.45
654449,-0.3206,0.8975,-0.4226,4.99,13.04,-8.08
654529,-0.3135,0.9028,-0.4043,2.54,11.60,-8.49
654619,-0.3262,0.8962,-0.4270,4.29,12.52,-6.74
654699,-0.3381,0.8958,-0.3943,6.36,11.62,-7.37
654779,-0.3398,0.9048,-0.4048,7.03,8.12,-7.05
654869,-0.3542,0.8938,-0.4104,9.90,6.91,-6.12
654949,-0.3582,0.8987,-0.4263,13.23,6.05,-2.77
655029,-0.3696,0.8716,-0.4382,12.75,2.29,-3.85
655119,-0.3833,0.8691,-0.4653,11.03,0.88,-3.73
655199,-0.3831,0.8579,-0.4607,11.73,3.15,-3.63
655279,-0.3848,0.8652,-0.4570,11.96,1.12,-2.06
655369,-0.3752,0.8193,-0.4436,12.25,0.82,-1.57
655449,-0.3853,0.8345,-0.4595,12.67,1.50,-1.88
655529,-0.4053,0.8679,-0.4534,11.28,2.07,-1.62
655619,-0.4019,0.8447,-0.4524,10.74,2.60,-1.05
655699,-0.3989,0.8462,-0.4644,11.92,9.62,-0.02
655779,-0.3845,0.8752,-0.4336,17.84,9.89,1.20
655869,-0.3638,0.8367,-0.4688,15.68,4.85,2.41
655949,-0.3706,0.8325,-0.4810,13.75,5.27,2.20
656029,-0.3635,0.8484,-0.4697,13.23,6.87,2.98
656119,-0.3533,0.8430,-0.4712,12.55,3.23,2.28
656199,-0.3496,0.8574,-0.4692,10.92,2.84,1.12
656279,-0.3511,0.8516,-0.4844,10.40,1.86,1.24
656369,-0.3452,0.8613,-0.4771,9.42,2.41,0.55
656449,-0.3579,0.8660,-0.4712,8.59,2.23,0.42
656529,-0.3499,0.8533,-0.4634,9.07,1.66,0.08
656619,-0.3511,0.8494,-0.4590,9.49,0.79,-0.41
656699,-0.3496,0.8567,-0.4719,10.42,1.20,0.10
656779,-0.3555,0.8545,-0.4705,10.20,1.48,-0.24
656869,-0.3552,0.8518,-0.4690,10.98,1.23,0.09
656949,-0.3577,0.8557,-0.4817,11.48,0.86,0.93
657029,-0.3579,0.8489,-0.4636,10.84,0.99,0.31
657119,-0.3625,0.8472,-0.4744,8.74,-1.34,-0.95
657199,-0.3533,0.8701,-0.4856,7.04,-0.97,-1.77
657279,-0.3770,0.8652,-0.4517,8.85,2.27,1.49
657369,-0.3767,0.8572,-0.4600,7.16,1.05,1.53
657449,-0.3699,0.8696,-0.4480,5.87,1.62,-0.05
657529,-0.3679,0.8625,-0.4246,6.66,1.80,-0.54
657619,-0.3794,0.8713,-0.4246,7.79,2.07,-1.21
657699,-0.3828,0.8635,-0.4177,8.91,1.88,-2.25
657779,-0.3892,0.8713,-0.4253,9.83,2.02,-1.18
657869,-0.3916,0.8740,-0.4177,10.37,3.47,-1.79
657949,-0.3906,0.8640,-0.4355,10.82,1.98,-1.03
658029,-0.3804,0.8677,-0.4397,12.24,1.78,0.67
658119,-0.3792,0.8608,-0.4395,13.38,-0.28,2.02
658199,-0.3833,0.8521,-0.4434,13.06,2.40,2.23
658279,-0.3760,0.8711,-0.4333,12.16,0.17,2.25
658369,-0.3770,0.8628,-0.4424,11.59,1.03,2.79
658449,-0.3723,0.8621,-0.4453,10.67,1.47,1.66
658529,-0.3743,0.8633,-0.4355,9.19,2.15,1.36
658619,-0.3762,0.8630,-0.4360,8.38,2.20,0.80
658699,-0.3655,0.8782,-0.4387,8.34,4.23,0.49
658779,-0.3770,0.8645,-0.4282,8.26,3.57,0.04
658869,-0.3721,0.8789,-0.4324,9.62,4.50,1.15
658949,-0.3701,0.8696,-0.4424,11.82,4.30,1.45
659029,-0.3616,0.8738,-0.4431,11.99,3.41,1.42
659119,-0.3569,0.8682,-0.4512,12.82,3.86,1.55
659199,-0.3613,0.8640,-0.4390,11.64,2.59,1.43
659279,-0.3611,0.8696,-0.4341,10.06,2.67,1.71
659369,-0.3582,0.8862,-0.4292,8.98,1.90,0.05
659449,-0.3701,0.8735,-0.4160,8.72,1.45,0.51
659529,-0.3613,0.8843,-0.4307,9.12,1.24,1.80
659619,-0.3616,0.8821,-0.4102,9.75,0.04,2.40
659699,-0.3550,0.8779,-0.4265,9.81,0.72,1.60
659779,-0.3596,0.8958,-0.4143,9.67,0.80,1.91
659869,-0.3584,0.8794,-0.4092,8.96,-1.12,0.95
659949,-0.3540,0.8855,-0.4211,8.53,1.56,0.84
660029,-0.3667,0.8770,-0.4038,9.81,2.61,0.16
660119,-0.3701,0.8765,-0.4058,10.02,4.73,-0.71
660199,-0.3579,0.8843,-0.4104,11.86,5.43,-0.58
660279,-0.3774,0.8828,-0.4038,11.89,5.05,-0.91
660369,-0.3699,0.8862,-0.4087,11.23,4.50,-0.73
660449,-0.3508,0.8936,-0.4160,11.16,4.71,-1.35
660529,-0.3533,0.8838,-0.4163,11.82,4.36,0.22
660619,-0.3606,0.8894,-0.4104,12.75,5.25,0.30
660699,-0.3538,0.8835,-0.4211,12.29,3.20,0.46
660779,-0.3564,0.8870,-0.4282,13.05,3.45,0.72
660869,-0.3538,0.8835,-0.4248,13.73,2.10,0.39
660949,-0.3572,0.8689,-0.4211,14.70,0.71,-0.30
661029,-0.3494,0.8875,-0.4272,14.17,-0.17,1.38
661119,-0.3533,0.8586,-0.4524,11.48,2.12,-1.95
661199,-0.3547,0.8831,-0.4224,13.57,0.57,-0.83
661279,-0.3682,0.8586,-0.4551,10.89,1.52,-1.32
661369,-0.3735,0.8857,-0.4338,10.18,1.03,0.27
661449,-0.3704,0.8564,-0.4609,8.00,3.02,-1.08
661529,-0.3684,0.8716,-0.4446,8.09,5.41,-3.61
661626,-0.3660,0.8669,-0.4417,9.14,10.51,-2.34
661706,-0.3735,0.8718,-0.4385,9.08,13.24,-5.03
661786,-0.3713,0.8787,-0.4363,7.40,14.34,-5.88
661876,-0.3569,0.8818,-0.4624,8.23,16.59,-0.93
661956,-0.3533,0.8374,-0.4863,4.70,24.94,-2.98
662036,-0.3281,0.8381,-0.4712,-1.88,29.38,-9.17
662126,-0.3240,0.8765,-0.4585,-8.19,25.32,-10.59
662206,-0.3477,0.8584,-0.4612,-12.41,28.47,-13.50
662286,-0.3416,0.8940,-0.4243,-11.88,27.35,-13.09
662376,-0.3467,0.8994,-0.4185,-8.56,24.28,-12.34
662456,-0.3450,0.9038,-0.4055,-4.04,20.73,-10.27
662536,-0.3457,0.8943,-0.4058,1.45,21.26,-7.65
662626,-0.3298,0.9004,-0.4045,6.38,14.06,-7.61
662706,-0.3306,0.8796,-0.4038,12.55,9.55,-5.90
662786,-0.3574,0.9023,-0.4133,23.12,-0.09,-6.18
662876,-0.4009,0.8525,-0.4258,32.79,-15.10,6.80
662956,-0.4102,0.8093,-0.4885,32.45,-16.79,4.79
663036,-0.3894,0.8225,-0.4819,31.68,-21.62,5.98
663126,-0.3872,0.8704,-0.5242,27.90,-19.53,8.77
663206,-0.3748,0.8347,-0.4702,30.47,-19.20,15.55
663286,-0.3879,0.8545,-0.5144,31.26,-24.16,18.41
663376,-0.3391,0.7971,-0.5254,35.57,-30.40,18.55
663456,-0.3555,0.7800,-0.5098,31.83,-27.12,14.11
663536,-0.3677,0.7986,-0.5364,27.55,-28.21,13.97
663626,-0.3940,0.7979,-0.5444,22.98,-18.74,11.04
663706,-0.3945,0.8262,-0.5339,19.67,-15.45,11.22
663786,-0.3867,0.8025,-0.5540,12.25,-8.05,8.15
663876,-0.3794,0.8130,-0.5276,10.07,-2.75,6.41
663956,-0.3713,0.8074,-0.5098,9.12,1.42,5.55
664036,-0.3748,0.8237,-0.5000,7.05,4.70,3.16
664126,-0.3853,0.8430,-0.4910,5.50,6.27,3.03
664206,-0.3716,0.8525,-0.4783,4.79,5.91,4.11
664286,-0.3647,0.8438,-0.4563,3.48,4.17,4.04
664376,-0.3625,0.8511,-0.4666,3.97,4.87,3.08
664456,-0.3623,0.8689,-0.4565,4.27,5.09,2.53
664536,-0.3533,0.8638,-0.4604,6.73,3.10,3.05
664626,-0.3447,0.8765,-0.4656,8.66,3.66,4.41
664706,-0.3447,0.8652,-0.4578,10.35,2.80,3.76
664786,-0.3352,0.8657,-0.4600,10.89,2.67,4.18
664876,-0.3345,0.8643,-0.4622,10.92,3.45,3.12
664956,-0.3284,0.8701,-0.4670,10.20,3.12,2.27
665036,-0.3232,0.8696,-0.4714,10.23,3.25,1.98
665126,-0.3188,0.8694,-0.4685,10.16,3.58,1.10
665206,-0.3215,0.8665,-0.4727,8.95,4.23,-0.55
665286,-0.3159,0.8760,-0.4617,7.79,3.88,-1.61
665376,-0.3154,0.8699,-0.4604,6.13,2.74,-2.73
665456,-0.3191,0.8770,-0.4546,5.02,0.12,-4.14
665536,-0.3235,0.8826,-0.4509,5.16,-0.09,-4.03
665626,-0.3271,0.8826,-0.4392,5.73,0.05,-4.09
665706,-0.3433,0.8918,-0.4333,8.58,-0.60,-2.88
665786,-0.3591,0.8809,-0.4468,9.19,-2.68,-2.50
665876,-0.3787,0.8459,-0.4326,3.09,6.04,-6.96
665956,-0.3662,0.8896,-0.4038,3.16,10.17,-7.59
666036,-0.3606,0.8943,-0.4250,-0.21,11.24,-9.51
666128,-0.3723,0.9077,-0.3804,3.85,4.98,-6.34
666208,-0.3633,0.9426,-0.4060,5.74,4.19,-6.61
666288,-0.3916,0.8813,-0.4019,6.06,5.59,-2.53
666376,-0.3865,0.8767,-0.4287,8.35,2.27,-4.09
666456,-0.4023,0.8879,-0.3843,10.59,1.18,-1.99
666536,-0.4080,0.8704,-0.4099,13.15,-0.42,-0.26
666627,-0.3950,0.8896,-0.3984,15.21,-0.44,-1.67
666707,-0.3936,0.9207,-0.3872,18.55,1.30,3.62
666787,-0.3967,0.8938,-0.3977,22.59,-1.86,7.52
666877,-0.3765,0.9001,-0.3997,31.13,-8.14,15.62
666957,-0.3589,0.8950,-0.4182,40.30,-15.12,23.91
667037,-0.3762,0.8240,-0.4609,47.71,-21.83,28.12
667127,-0.3806,0.7744,-0.5090,42.85,-24.12,20.56
667207,-0.3596,0.8267,-0.5737,33.69,-15.75,16.17
667287,-0.3416,0.8521,-0.5486,32.42,-9.80,17.27
667377,-0.2930,0.8018,-0.5032,44.25,-14.52,28.16
667457,-0.2708,0.6853,-0.5286,47.57,-15.97,25.69
667746,-0.3892,0.6509,-0.8044,10.61,9.46,-7.42
667830,-0.3425,0.7549,-0.8364,-4.84,47.82,-19.23
667910,-0.3601,0.7158,-0.8223,-30.80,87.04,-38.19
667990,-0.3867,0.6934,-0.7698,-57.47,128.16,-61.95
668080,-0.2864,0.7629,-0.5007,-66.37,144.36,-66.82
668160,-0.2217,0.7476,-0.4587,-57.23,136.02,-58.36
668240,-0.1453,0.7573,-0.3694,-52.15,128.01,-54.23
668330,-0.1836,0.9080,-0.3071,-50.09,106.08,-62.98
668410,-0.1428,1.1821,-0.2368,-35.03,65.71,-43.10
668490,-0.1216,1.1592,-0.3013,-18.97,27.77,-17.02
668580,-0.1108,1.1201,-0.2920,12.78,1.48,2.08
668660,-0.1548,1.0874,-0.2771,44.55,-23.69,11.45
668740,-0.1470,1.0317,-0.2749,68.87,-55.67,26.62
668830,-0.1345,0.8486,-0.3052,97.24,-89.73,45.85
668910,-0.1560,0.7231,-0.4512,100.99,-106.95,54.41
668990,-0.2336,0.7761,-0.5271,91.70,-116.33,62.70
669080,-0.3093,0.6108,-0.7444,79.39,-107.16,53.30
669160,-0.3315,0.6992,-0.8091,69.16,-90.15,45.09
669240,-0.3606,0.6353,-0.8604,50.18,-62.79,33.00
669330,-0.3362,0.6345,-0.8269,26.25,-31.01,18.59
669410,-0.3362,0.6472,-0.7810,8.68,-9.56,8.65
669490,-0.3516,0.6687,-0.7876,-6.02,7.19,-1.77
669580,-0.3657,0.7063,-0.7717,-20.13,25.00,-7.70
669660,-0.3503,0.7080,-0.7334,-33.76,38.36,-12.33
669740,-0.3276,0.7129,-0.6873,-45.81,52.88,-19.14
669832,-0.2656,0.7100,-0.5723,-49.46,64.84,-23.81
669912,-0.2024,0.7451,-0.4790,-48.45,65.72,-21.94
669992,-0.1760,0.7869,-0.4834,-42.55,62.02,-21.05
670082,-0.1743,0.9253,-0.4937,-36.55,53.36,-21.27
670162,-0.2190,0.9287,-0.5186,-33.38,62.95,-24.42
670242,-0.1775,1.0100,-0.3491,-26.70,49.76,-24.49
670332,-0.1775,0.9871,-0.3860,-10.09,35.74,-19.15
670412,-0.1650,0.9900,-0.3677,3.38,23.64,-13.15
670492,-0.1589,0.9871,-0.3618,16.30,5.48,-5.78
670582,-0.1780,0.9631,-0.3796,27.86,-12.18,2.01
670662,-0.1960,0.9709,-0.4126,34.40,-22.60,5.80
670742,-0.2136,0.9409,-0.4365,38.05,-31.59,8.34
670832,-0.2366,0.8943,-0.4573,38.23,-38.41,7.68
670912,-0.2698,0.8699,-0.4817,38.23,-42.38,6.11
670992,-0.3066,0.8296,-0.5054,32.88,-43.99,2.09
671082,-0.3269,0.8008,-0.5457,24.26,-40.66,-1.83
671162,-0.3652,0.7869,-0.5369,18.30,-34.41,-1.02
671242,-0.3962,0.7693,-0.5549,13.02,-27.16,-1.27
671332,-0.4231,0.8271,-0.5371,1.27,-17.00,-3.72
671412,-0.4158,0.8665,-0.5049,-3.88,-12.64,-2.95
671492,-0.3965,0.8425,-0.4890,-2.09,-5.37,2.27
671582,-0.3728,0.8936,-0.4924,2.48,8.66,8.37
671662,-0.3411,0.8501,-0.4292,11.16,18.52,11.16
671742,-0.2981,0.9309,-0.3213,13.38,28.25,14.38
671832,-0.2966,0.9907,-0.3540,18.40,3.55,21.66
671912,-0.2644,0.8145,-0.3447,18.20,-1.18,12.71
671992,-0.3054,0.9080,-0.6379,21.70,-4.12,6.67
672082,-0.3008,0.8645,-0.4517,18.84,4.09,2.24
672162,-0.2747,0.9424,-0.5203,8.10,6.74,-1.02
672242,-0.3032,0.9202,-0.4585,0.53,11.71,-3.23
672332,-0.2808,0.9194,-0.4238,1.98,5.30,0.99
672412,-0.2622,0.9080,-0.3953,8.05,-1.19,6.38
672492,-0.2422,0.9072,-0.4390,11.81,-4.46,9.05
672582,-0.2617,0.9102,-0.4578,11.49,-11.02,9.16
672662,-0.2812,0.8926,-0.4922,8.24,-2.97,6.40
672742,-0.3057,0.8672,-0.4839,1.23,18.09,-5.75
672832,-0.2859,0.9048,-0.4033,-2.45,21.30,-14.51
672912,-0.2996,0.9121,-0.4043,-3.80,24.73,-17.71
672992,-0.2874,0.9443,-0.3835,-2.48,23.13,-18.88
673082,-0.2842,0.9319,-0.3538,2.64,15.20,-12.81
673162,-0.2920,0.9429,-0.3335,10.00,0.90,-4.32
673242,-0.3049,0.9102,-0.3997,15.95,-3.81,1.38
673332,-0.3416,0.9260,-0.3740,20.03,-11.14,4.16
673412,-0.3140,0.9363,-0.3906,25.62,-16.52,8.37
673492,-0.3169,0.9060,-0.4094,30.84,-20.99,13.23
673582,-0.3298,0.8999,-0.4309,33.42,-24.70,15.78
673662,-0.3325,0.8882,-0.4641,32.79,-25.93,16.70
673742,-0.3171,0.8708,-0.4739,32.55,-24.78,15.83
673832,-0.3018,0.8552,-0.5010,28.84,-19.16,13.48
673912,-0.3123,0.8579,-0.5225,23.84,-11.84,9.93
673992,-0.3044,0.8621,-0.5083,19.17,-6.46,7.73
674082,-0.3057,0.8630,-0.5085,15.23,-0.45,5.85
674162,-0.3071,0.8579,-0.4998,11.47,1.87,2.95
674242,-0.3149,0.8660,-0.4976,8.45,4.18,-0.57
674332,-0.3289,0.8716,-0.4849,7.35,8.73,-2.45
674412,-0.3044,0.8635,-0.4773,8.82,9.27,-1.28
674492,-0.2942,0.8635,-0.4690,12.90,6.48,1.21
674582,-0.2791,0.8926,-0.4885,17.84,2.62,5.88
674662,-0.2976,0.8533,-0.4890,16.38,1.27,3.81
674742,-0.2915,0.8777,-0.5000,15.33,-2.21,4.94
674832,-0.2871,0.8894,-0.4885,14.84,-5.45,5.92
674912,-0.2883,0.8755,-0.4790,17.95,-8.98,9.45
674992,-0.2864,0.8594,-0.5159,18.32,-9.41,8.67
675082,-0.2969,0.8462,-0.5210,17.37,-5.65,7.10
675162,-0.3013,0.8433,-0.5232,13.41,-0.09,2.29
675242,-0.2881,0.8547,-0.5137,11.65,1.60,0.73
675332,-0.2896,0.8584,-0.5176,9.96,2.38,-0.91
675412,-0.2915,0.8591,-0.5044,9.55,4.09,-2.08
675492,-0.2896,0.8655,-0.5129,9.59,4.28,-2.18
675582,-0.2915,0.8704,-0.5051,10.33,3.86,-0.85
675662,-0.2749,0.8855,-0.5039,12.76,3.18,2.45
675742,-0.2864,0.8687,-0.4983,15.34,0.23,4.62
675832,-0.2854,0.8545,-0.5149,16.42,-1.79,4.74
675912,-0.2815,0.8550,-0.5347,15.74,-1.23,4.48
675992,-0.2749,0.8574,-0.5339,14.82,-0.38,4.23
676082,-0.2764,0.8447,-0.5422,12.41,1.06,2.58
676162,-0.2786,0.8425,-0.5381,10.55,1.91,0.93
676242,-0.2810,0.8428,-0.5474,9.03,4.16,-0.16
676332,-0.2732,0.8442,-0.5461,7.78,3.89,-0.20
676412,-0.2690,0.8430,-0.5356,7.48,5.87,-1.30
676492,-0.2705,0.8477,-0.5354,7.23,5.73,-1.92
676582,-0.2788,0.8550,-0.5327,7.08,5.99,-2.02
676662,-0.2708,0.8616,-0.5278,7.20,6.44,-2.77
676742,-0.2734,0.8596,-0.5278,7.98,6.74,-2.90
676832,-0.2683,0.8599,-0.5234,7.54,4.70,-2.64
676912,-0.2712,0.8613,-0.5144,8.05,5.12,-3.34
676992,-0.2720,0.8638,-0.5132,7.98,5.95,-3.33
677082,-0.2766,0.8613,-0.5112,8.70,5.81,-2.98
677162,-0.2739,0.8660,-0.5117,9.26,5.41,-2.34
677242,-0.2759,0.8767,-0.5122,11.48,3.53,-0.27
677332,-0.2834,0.8635,-0.5112,12.16,2.86,0.00
677412,-0.2798,0.8564,-0.5190,11.82,2.24,-0.21
677492,-0.2856,0.8530,-0.5203,11.08,2.52,-0.45
677582,-0.2839,0.8621,-0.5183,10.34,2.81,-0.94
677662,-0.2876,0.8582,-0.5156,9.85,2.59,-1.24
677742,-0.2903,0.8472,-0.5100,8.68,3.15,-2.64
677832,-0.3049,0.8484,-0.5105,6.02,3.40,-5.28
677912,-0.3071,0.8567,-0.5020,4.51,1.34,-7.18
677992,-0.3232,0.8567,-0.4983,2.23,1.02,-9.46
678082,-0.3318,0.8630,-0.4744,1.72,0.46,-9.23
678162,-0.3467,0.8684,-0.4692,1.69,-0.34,-9.19
678242,-0.3601,0.8635,-0.4565,0.96,-3.48,-9.29
678332,-0.3547,0.8594,-0.4460,-1.17,-2.09,-9.92
678412,-0.3713,0.8545,-0.4385,-1.36,-5.44,-9.98
678492,-0.3767,0.8623,-0.4280,-0.73,-2.51,-9.65
678582,-0.4099,0.8745,-0.4197,2.30,1.70,-7.67
678662,-0.4136,0.8884,-0.4075,6.30,5.48,-2.50
678742,-0.4224,0.8835,-0.3923,11.56,9.03,2.14
678832,-0.4062,0.8674,-0.4045,13.62,10.22,3.09
678912,-0.4070,0.8679,-0.4043,12.55,12.10,2.66
678992,-0.3965,0.8687,-0.4211,9.55,12.30,0.09
679082,-0.3950,0.8765,-0.4221,8.26,12.82,-1.23
679162,-0.3774,0.8677,-0.4065,11.40,12.09,1.04
679242,-0.3677,0.8777,-0.4246,13.10,8.95,2.22
679332,-0.3640,0.8677,-0.4451,13.26,6.56,1.92
679412,-0.3574,0.8481,-0.4482,13.00,5.72,1.61
679492,-0.3506,0.8611,-0.4480,11.55,4.32,0.70
679582,-0.3564,0.8677,-0.4463,10.17,4.68,0.02
679662,-0.3633,0.8701,-0.4417,9.00,4.05,-0.77
679742,-0.3728,0.8745,-0.4429,7.99,2.80,-1.32
679832,-0.3735,0.8716,-0.4358,8.94,2.02,-0.66
679912,-0.3640,0.8794,-0.4395,10.43,1.87,0.02
679992,-0.3752,0.8765,-0.4346,11.98,2.20,1.94
680082,-0.3657,0.8694,-0.4426,13.06,0.25,2.84
680162,-0.3608,0.8691,-0.4475,12.82,0.20,2.60
680242,-0.3718,0.8638,-0.4377,11.33,0.19,1.80
680332,-0.3701,0.8623,-0.4443,10.03,-0.55,-0.65
680412,-0.3645,0.8730,-0.4438,9.55,0.80,-1.34
680492,-0.3640,0.8757,-0.4412,10.07,3.13,-1.40
680582,-0.3733,0.8679,-0.4314,10.34,3.15,-0.94
680662,-0.3704,0.8655,-0.4399,10.64,4.25,-1.05
680742,-0.3774,0.8699,-0.4424,11.83,4.68,-0.78
680832,-0.3684,0.8669,-0.4431,12.38,4.49,0.31
680912,-0.3630,0.8499,-0.4446,12.12,3.54,0.45
680992,-0.3689,0.8477,-0.4417,9.11,2.86,-1.70
681082,-0.3811,0.8467,-0.4507,4.74,3.42,-3.82
681162,-0.3882,0.8708,-0.4473,1.62,4.76,-6.19
681242,-0.3877,0.8723,-0.4382,2.68,6.47,-6.02
681332,-0.3840,0.8689,-0.4292,5.70,7.54,-3.20
681412,-0.3899,0.8740,-0.4246,7.84,7.69,-1.61
681492,-0.3823,0.8801,-0.4341,10.45,8.89,0.16
681582,-0.3713,0.8845,-0.4294,14.79,10.71,2.99
681662,-0.3843,0.8696,-0.4041,14.82,4.79,2.64
681742,-0.3628,0.8640,-0.4368,14.34,0.69,3.47
681832,-0.3672,0.8657,-0.4373,17.51,1.30,6.23
681912,-0.3535,0.8723,-0.4404,18.91,-1.70,8.18
681992,-0.3494,0.8618,-0.4565,19.80,-3.06,9.51
682082,-0.3538,0.8523,-0.4622,16.98,-4.29,7.99
682162,-0.3550,0.8606,-0.4739,13.77,-3.46,6.39
682245,-0.3538,0.8591,-0.4666,10.41,-3.42,4.77
682332,-0.3442,0.8777,-0.4619,7.93,-0.82,3.56
682412,-0.3608,0.8887,-0.4602,6.57,0.88,3.62
682492,-0.3489,0.8906,-0.4495,5.08,4.27,3.80
682582,-0.3291,0.9014,-0.4490,4.12,7.26,5.18
682662,-0.3315,0.8994,-0.4626,2.68,12.24,4.41
682742,-0.3401,0.9255,-0.4827,0.75,18.54,4.77
682832,-0.2749,0.9548,-0.4399,4.80,23.80,8.50
682912,-0.2166,0.9209,-0.4138,8.61,30.88,9.18
682992,-0.1704,0.8271,-0.3140,14.55,26.29,14.30
683082,-0.1648,0.7893,-0.4702,15.12,19.71,4.69
683162,-0.1926,0.9341,-0.6077,13.34,36.17,-9.14
683242,-0.2708,0.9275,-0.3838,-1.89,35.95,-23.64
683332,-0.2271,1.0017,-0.3989,10.58,7.43,-13.87
683412,-0.2085,0.8726,-0.4387,11.34,0.40,-14.34
683492,-0.2139,0.8792,-0.4417,14.16,-10.52,-10.48
683582,-0.2554,0.8667,-0.4741,13.66,-7.27,-16.96
683662,-0.2747,0.8796,-0.4812,10.41,-4.85,-16.50
683742,-0.3044,0.8679,-0.4956,11.97,1.23,-19.52
683832,-0.3416,0.8464,-0.4844,14.74,9.05,-21.67
683912,-0.3550,0.8501,-0.4995,16.95,9.73,-21.11
683992,-0.3723,0.8416,-0.5037,18.85,8.89,-18.62
684082,-0.3777,0.8298,-0.5342,20.34,9.80,-12.72
684162,-0.3889,0.8208,-0.5261,17.17,9.99,-9.01
684242,-0.3921,0.7913,-0.5579,11.73,8.54,-8.18
684332,-0.3911,0.7710,-0.5510,9.57,11.08,-8.43
684412,-0.3975,0.7756,-0.5479,10.02,9.02,-7.27
684492,-0.4053,0.7446,-0.5762,9.05,10.84,-7.69
684582,-0.4297,0.7434,-0.6489,11.01,22.44,-15.01
684662,-0.4055,0.7104,-0.6313,9.29,36.47,-25.82
684742,-0.4080,0.7144,-0.6211,10.82,47.66,-33.38
684832,-0.3799,0.7246,-0.6123,6.95,44.26,-29.38
684912,-0.3740,0.7249,-0.5706,3.03,28.48,-19.69
684992,-0.3657,0.7156,-0.6108,0.28,10.56,-10.47
685082,-0.3645,0.7214,-0.6050,5.15,-3.54,-0.48
685162,-0.3804,0.7092,-0.6235,7.66,-15.26,5.66
685242,-0.3914,0.7180,-0.6255,7.09,-21.30,12.06
685332,-0.4089,0.6978,-0.5938,9.12,-30.27,15.77
685412,-0.4141,0.7571,-0.5859,11.36,-41.80,24.23
685492,-0.4492,0.7581,-0.5610,11.41,-47.38,32.24
685582,-0.4541,0.7236,-0.5801,9.23,-46.06,29.55
685662,-0.4817,0.7383,-0.5649,11.84,-37.42,25.57
685742,-0.4709,0.7754,-0.5271,6.42,-26.95,23.47
685832,-0.4519,0.7881,-0.4866,6.49,-22.35,18.95
685912,-0.4529,0.8147,-0.4653,13.91,-22.39,17.16
685992,-0.4675,0.7947,-0.4595,11.15,-17.62,15.19
686082,-0.4297,0.8364,-0.4810,7.93,-11.70,9.70
686162,-0.4084,0.8633,-0.4365,13.68,-11.05,14.09
686242,-0.4014,0.8293,-0.4446,18.23,-9.38,14.88
686332,-0.3865,0.8479,-0.4458,16.36,-3.88,11.79
686412,-0.3889,0.8506,-0.4214,12.80,-5.48,10.05
686492,-0.3867,0.8706,-0.4419,10.39,-7.55,9.07
686582,-0.3806,0.8647,-0.4397,9.86,-8.87,10.15
686662,-0.3677,0.8579,-0.4426,9.01,-6.20,9.32
686742,-0.3679,0.8740,-0.4470,7.49,-3.30,8.55
686840,-0.3506,0.8918,-0.4255,5.31,2.02,7.09
686920,-0.3457,0.8931,-0.4082,5.45,4.13,6.13
687000,-0.3308,0.8916,-0.4189,4.81,3.57,3.85
687089,-0.3264,0.8958,-0.4080,5.56,5.41,4.44
687169,-0.3213,0.8992,-0.4119,4.94,3.10,1.67
687249,-0.3169,0.9077,-0.4138,5.07,3.01,0.10
687339,-0.3169,0.9041,-0.4041,6.71,2.46,-0.09
687419,-0.3206,0.9053,-0.4036,7.85,3.00,-0.84
687499,-0.3225,0.9033,-0.4070,8.66,1.98,-1.60
687589,-0.3240,0.9045,-0.4033,9.09,1.81,-1.70
687669,-0.3296,0.9019,-0.4001,9.86,1.24,-2.00
687749,-0.3376,0.9021,-0.4023,10.22,0.73,-2.21
687839,-0.3430,0.9004,-0.4138,11.27,-0.09,-2.19
687919,-0.3416,0.9011,-0.4077,11.09,-0.45,-1.31
687999,-0.3530,0.8936,-0.4038,10.58,-2.26,-1.36
688089,-0.3564,0.8872,-0.4009,10.71,-1.60,-1.37
688169,-0.3601,0.8936,-0.4099,10.40,-0.48,-0.88
688249,-0.3599,0.8926,-0.4060,10.62,-1.19,-0.74
688339,-0.3730,0.9016,-0.4065,12.74,1.89,1.57
688419,-0.3723,0.8765,-0.3916,12.94,1.42,-0.55
688499,-0.3425,0.8850,-0.4099,10.59,-1.83,-3.14
688589,-0.3660,0.8833,-0.4167,10.05,-1.80,-3.19
688669,-0.3870,0.8882,-0.3916,11.99,-1.10,-1.55
688749,-0.3887,0.8745,-0.4072,10.71,-2.48,-2.52
688841,-0.3838,0.8760,-0.4128,9.30,-1.27,-2.48
688921,-0.3911,0.8806,-0.4082,8.56,-0.05,-2.90
689001,-0.3899,0.8772,-0.3931,8.13,0.52,-3.15
689091,-0.3958,0.8872,-0.3877,10.11,-0.66,-0.96
689171,-0.3958,0.8933,-0.4036,12.61,-0.62,1.41
689251,-0.4131,0.8687,-0.4026,17.14,5.91,5.29
689341,-0.4062,0.8899,-0.3459,17.62,-0.84,0.26
689421,-0.3662,0.8792,-0.3870,14.29,-11.70,0.54
689501,-0.3953,0.8401,-0.4351,15.70,-12.84,-1.04
689591,-0.4265,0.8464,-0.4211,13.70,-10.98,-4.84
689671,-0.4304,0.8494,-0.4185,12.73,-4.37,-7.03
689751,-0.4417,0.8794,-0.3967,13.15,-2.24,-6.71
689841,-0.4453,0.8552,-0.4080,17.27,0.12,-0.58
689921,-0.4490,0.8474,-0.4109,15.23,0.43,-0.95
690001,-0.4443,0.8535,-0.4146,13.80,4.48,1.50
690091,-0.4292,0.8093,-0.4402,10.85,4.21,-0.10
690171,-0.4167,0.8408,-0.4058,10.34,9.48,0.27
690251,-0.4241,0.8318,-0.3840,12.30,-0.34,0.34
690341,-0.4407,0.8286,-0.4824,4.87,2.08,-1.70
690421,-0.4868,0.8123,-0.4436,4.95,14.55,-5.58
690501,-0.4434,0.8596,-0.4172,4.95,16.92,-5.12
690591,-0.4380,0.8303,-0.4504,5.58,23.34,0.45
690671,-0.4216,0.8401,-0.4329,5.76,26.66,-1.33
690751,-0.3892,0.8723,-0.4409,10.60,23.91,2.09
690841,-0.4236,0.8711,-0.4297,17.38,16.66,9.75
690921,-0.3586,0.8982,-0.4790,26.82,10.41,13.09
691001,-0.3799,0.7751,-0.4915,36.16,5.09,13.98
691091,-0.3445,0.7068,-0.5735,30.77,-0.38,8.15
691171,-0.3391,0.7234,-0.5869,15.93,7.71,-0.69
691251,-0.3606,0.7419,-0.5735,-2.81,8.74,-9.95
691341,-0.3689,0.7612,-0.5413,-12.25,7.29,-16.38
691421,-0.3687,0.8257,-0.5244,-10.17,1.08,-10.80
691501,-0.3787,0.9043,-0.5010,5.02,-12.55,5.92
691591,-0.3423,0.8687,-0.4961,15.50,-28.66,26.60
691671,-0.3496,0.8433,-0.5098,18.60,-25.06,29.20
691751,-0.3643,0.8838,-0.4954,15.09,-25.65,31.97
691841,-0.3401,0.8645,-0.5396,11.05,-19.44,27.35
691921,-0.3262,0.8279,-0.4431,4.98,-9.27,20.09
692001,-0.2695,0.9519,-0.4148,1.43,-3.98,15.57
692091,-0.3015,0.9077,-0.3960,6.00,3.27,12.17
692171,-0.2407,0.9902,-0.3621,13.07,-8.31,13.86
692251,-0.1948,0.9668,-0.3850,17.71,-14.64,19.06
692341,-0.2356,1.0012,-0.2861,25.52,-16.36,21.14
692421,-0.2859,0.9351,-0.3132,16.38,-25.37,16.66
692501,-0.2166,0.9285,-0.2500,14.75,-37.19,4.71
692591,-0.3191,0.9502,-0.4353,26.18,-41.65,-1.44
692671,-0.2834,0.9768,-0.5337,36.88,-30.88,4.71
692751,-0.2424,0.8979,-0.4839,32.36,-9.26,14.35
692841,-0.2393,0.8909,-0.4351,22.69,-1.59,11.75
692921,-0.2493,0.8677,-0.4968,25.20,-2.59,5.53
693001,-0.2651,0.8843,-0.4832,23.93,-4.15,0.18
693091,-0.2898,0.8918,-0.5029,30.37,-7.93,5.67
693171,-0.2773,0.8394,-0.5498,33.41,-8.41,13.61
693251,-0.2598,0.8716,-0.5688,32.65,-1.38,16.28
693341,-0.2151,0.8162,-0.5481,28.23,0.41,12.30
693421,-0.2278,0.8005,-0.5732,23.47,-4.15,2.51
693501,-0.2563,0.8210,-0.5776,26.81,-7.70,2.24
693591,-0.2617,0.8303,-0.6282,33.70,-13.41,7.35
693671,-0.2678,0.7585,-0.6331,30.93,-10.09,4.43
693751,-0.2786,0.7747,-0.5913,18.34,-11.30,1.59
693841,-0.2922,0.7764,-0.6179,3.75,-13.83,-2.05
693921,-0.2925,0.7815,-0.6145,-4.28,-10.62,-6.91
694001,-0.3159,0.7852,-0.5730,-7.05,-6.23,-9.58
694091,-0.3462,0.7820,-0.5564,-4.80,-4.39,-7.83
694171,-0.3557,0.7629,-0.5613,-4.75,3.09,-11.30
694251,-0.3801,0.8257,-0.5437,-6.28,7.88,-13.25
694341,-0.3960,0.7927,-0.5037,-6.27,9.92,-13.73
694421,-0.4238,0.7834,-0.5098,-13.28,11.92,-19.84
694501,-0.4392,0.8042,-0.4946,-18.19,16.19,-22.11
694591,-0.4612,0.8357,-0.4607,-17.69,19.26,-20.56
694671,-0.4761,0.7764,-0.4395,-15.15,17.12,-20.87
694751,-0.4644,0.8630,-0.4287,-13.51,18.48,-22.52
694841,-0.4509,0.8545,-0.4258,-10.17,22.30,-16.90
694921,-0.4839,0.8887,-0.3652,-1.97,22.23,-11.14
695001,-0.4478,0.8721,-0.3672,5.67,17.02,-3.70
695091,-0.4348,0.8677,-0.3679,10.44,11.61,2.90
695171,-0.4197,0.8767,-0.3767,10.41,11.12,5.92
695251,-0.4197,0.8674,-0.3701,10.44,10.70,8.77
695341,-0.4097,0.8796,-0.3623,10.40,9.31,10.94
695421,-0.3977,0.8762,-0.3750,10.38,7.08,11.14
695501,-0.3904,0.8640,-0.3748,8.80,6.36,8.08
695591,-0.3716,0.9014,-0.3916,7.02,2.64,7.87
695671,-0.3489,0.8606,-0.4275,3.90,4.05,4.40
695751,-0.3633,0.8936,-0.4053,1.99,15.40,-0.86
695841,-0.3613,0.9534,-0.3975,7.88,18.55,3.28
695921,-0.3218,0.9365,-0.4331,19.62,22.60,15.06
696001,-0.2832,0.8784,-0.4966,26.02,33.38,20.17
696091,-0.2559,0.8701,-0.4656,12.84,38.36,14.16
696171,-0.2161,0.9175,-0.4133,-0.64,34.89,6.50
696251,-0.2134,0.9927,-0.3621,-5.48,29.47,6.13
696341,-0.1919,0.9949,-0.3123,0.87,14.52,9.94
696421,-0.1531,0.9604,-0.3203,17.08,3.83,15.62
696501,-0.1052,0.9663,-0.4058,35.15,-5.73,21.64
696591,-0.0469,0.8911,-0.5256,62.59,-1.14,27.38
696671,-0.0913,0.7510,-0.5457,46.98,-4.00,10.86
696751,-0.1333,0.9070,-0.6294,24.57,-5.52,-1.76
696841,-0.1130,0.8435,-0.6260,14.02,3.66,-4.77
696921,-0.1340,0.8762,-0.6165,12.79,5.80,-0.23
697004,-0.0925,0.8511,-0.6208,14.30,8.93,3.71
697091,-0.0876,0.8552,-0.6108,13.82,12.05,3.86
697171,-0.0894,0.8767,-0.5808,7.28,10.72,-0.89
697251,-0.0251,0.7991,-0.5447,4.58,0.26,-4.62
697341,-0.0454,0.8108,-0.5769,-1.73,-13.53,-20.16
697421,-0.1504,0.8772,-0.5339,-14.86,-29.02,-34.19
697501,-0.1582,0.8262,-0.5552,-6.98,-16.38,-26.39
697591,-0.0674,0.6128,-0.3762,8.05,6.24,-7.66
697671,-0.2092,0.9912,-0.4583,17.92,-0.31,7.72
697960,-0.1646,0.9102,-0.6052,32.60,37.20,32.30
698050,-0.0410,0.8408,-0.5823,35.91,34.23,32.15
698130,0.0100,0.7998,-0.6292,35.59,30.56,30.54
698210,0.0647,0.9609,-0.7839,31.64,21.12,25.74
698300,0.0999,0.7407,-0.6711,20.06,14.55,12.38
698380,0.2056,0.5745,-0.5427,14.10,3.20,3.19
698460,0.1306,0.7363,-0.6704,11.89,-0.19,-2.34
698550,0.1221,0.7698,-0.7439,11.93,0.54,-1.80
698630,0.1064,0.8018,-0.6892,11.01,6.62,-2.16
698710,0.1062,0.7935,-0.6914,12.85,7.98,-1.77
698800,0.0898,0.8015,-0.6660,13.76,0.70,0.96
698880,0.0996,0.7998,-0.7322,13.51,1.14,3.56
698960,0.0955,0.8289,-0.6655,17.64,1.66,7.77
699050,0.0422,0.7615,-0.6763,23.38,6.91,16.81
699130,0.1694,0.7053,-0.7383,33.14,11.09,26.95
699210,0.2356,0.6899,-0.7830,28.13,11.16,23.20
699300,0.1982,0.6985,-0.7939,19.62,16.27,10.81
699380,0.2593,0.6753,-0.7483,16.21,14.97,7.49
699460,0.2537,0.6760,-0.7603,12.90,6.12,1.66
699550,0.2600,0.6890,-0.7634,13.24,3.00,2.69
699630,0.2754,0.6533,-0.7849,12.35,4.64,-0.27
699710,0.2844,0.6436,-0.7742,4.26,-5.59,-10.18
699800,0.2185,0.7224,-0.7478,-7.93,-14.48,-25.81
699880,0.1494,0.7507,-0.7422,-6.66,-17.42,-22.30
699960,0.1167,0.7698,-0.7493,11.26,0.03,-5.42
700050,0.1541,0.6670,-0.7185,29.29,26.00,11.91
700130,0.2295,0.6531,-0.6963,32.96,38.29,16.06
700210,0.2598,0.7117,-0.7603,29.50,26.05,14.48
700300,0.3015,0.6680,-0.7898,21.12,18.50,9.52
700380,0.3193,0.6418,-0.7798,13.20,6.96,4.36
700460,0.3066,0.6433,-0.7771,8.02,0.31,0.10
700550,0.3008,0.6453,-0.7751,7.63,-2.19,0.54
700630,0.2915,0.6255,-0.7708,9.61,1.38,1.29
700710,0.3025,0.6345,-0.7737,11.10,4.40,2.70
700800,0.3188,0.6355,-0.7776,12.05,5.36,3.74
700880,0.3196,0.6375,-0.7747,11.16,6.27,2.62
700960,0.3213,0.6431,-0.7744,9.88,6.41,0.94
701050,0.3252,0.6404,-0.7571,9.05,3.66,0.77
701130,0.3286,0.6404,-0.7566,9.99,3.02,1.08
701210,0.3293,0.6423,-0.7561,11.29,2.37,1.82
701300,0.3289,0.6448,-0.7646,10.48,2.63,1.65
701380,0.3279,0.6448,-0.7693,9.84,1.66,1.75
701460,0.3223,0.6458,-0.7688,9.03,1.38,1.01
701550,0.3247,0.6467,-0.7705,8.30,2.59,1.11
701630,0.3215,0.6484,-0.7532,7.51,1.67,0.45
701710,0.3206,0.6592,-0.7576,7.12,2.72,0.65
701800,0.3301,0.6611,-0.7607,7.36,2.37,0.99
701880,0.3269,0.6604,-0.7476,7.38,0.88,0.38
701960,0.3198,0.6699,-0.7336,7.93,0.22,1.15
702050,0.3262,0.6714,-0.7512,11.34,1.93,4.92
702130,0.3325,0.6521,-0.7341,12.82,2.86,6.70
702210,0.3489,0.6475,-0.7585,10.80,4.56,4.82
702300,0.3433,0.6675,-0.7554,9.47,1.50,1.97
702380,0.3386,0.6550,-0.7661,8.48,3.17,-0.02
702460,0.3455,0.6611,-0.7502,8.33,4.39,-1.07
702550,0.3428,0.6702,-0.7659,7.28,2.62,-3.30
702630,0.3433,0.6843,-0.7476,4.07,-3.20,-8.02
702710,0.3284,0.6963,-0.7463,-0.54,-13.77,-13.99
702800,0.2749,0.7192,-0.7478,-8.88,-24.68,-22.94
702880,0.2163,0.7344,-0.7166,-15.10,-35.93,-31.88
702960,0.1199,0.7490,-0.6794,-20.52,-46.87,-40.10
703050,0.0010,0.7771,-0.6438,-21.83,-52.23,-43.65
703130,-0.0579,0.7744,-0.6379,-25.22,-52.12,-43.16
703210,-0.1360,0.7812,-0.5798,-25.80,-43.05,-40.05
703300,-0.2144,0.8474,-0.5356,-16.15,-32.89,-28.35
703380,-0.2480,0.8682,-0.5391,-5.21,-27.67,-15.73
703460,-0.3037,0.8892,-0.5178,2.55,-24.08,-8.66
703550,-0.3411,0.8699,-0.5051,4.02,-22.77,-4.83
703630,-0.3804,0.8628,-0.4570,5.78,-22.29,-0.79
703710,-0.3789,0.8665,-0.5042,5.40,-17.77,-3.21
703800,-0.3799,0.8730,-0.4915,9.05,-5.98,-0.73
703880,-0.3813,0.8669,-0.4651,11.80,-0.21,-1.70
703960,-0.3992,0.8472,-0.4375,14.23,3.41,-3.53
704050,-0.3584,0.8635,-0.4709,18.27,4.94,0.99
704130,-0.3591,0.8562,-0.4763,19.37,6.61,7.21
704210,-0.3525,0.8396,-0.5005,20.52,8.38,8.09
704300,-0.3562,0.8210,-0.5056,17.89,10.57,6.46
704380,-0.3352,0.8250,-0.5259,13.70,14.83,1.12
704460,-0.3240,0.8467,-0.5186,10.72,17.74,-1.12
704550,-0.3291,0.8242,-0.5007,9.48,16.88,-1.59
704630,-0.3262,0.8223,-0.4949,8.00,12.65,-3.09
704710,-0.3237,0.8279,-0.5161,5.36,11.12,-5.70
704800,-0.3369,0.8452,-0.4966,3.80,9.89,-8.77
704880,-0.3267,0.8308,-0.5042,3.23,7.48,-8.55
704960,-0.3350,0.8386,-0.5122,2.53,5.48,-8.76
705050,-0.3396,0.8542,-0.5195,1.95,6.03,-8.62
705130,-0.3486,0.8477,-0.4844,2.72,6.02,-8.03
705210,-0.3425,0.8564,-0.4993,1.58,7.23,-6.05
705300,-0.3535,0.8477,-0.4966,2.65,9.77,-3.93
705380,-0.3350,0.8467,-0.5068,2.70,13.25,-1.30
705460,-0.3247,0.8396,-0.5513,1.30,27.29,2.66
705550,-0.3035,0.9048,-0.5957,-6.06,56.74,5.08
705630,-0.3071,0.8772,-0.3582,-7.88,68.05,0.49
705710,-0.3826,1.0344,-0.2681,1.65,36.34,1.02
705800,-0.2883,0.8667,-0.3992,9.90,25.54,-0.15
705880,-0.2395,0.9180,-0.3279,11.56,20.37,-5.94
705960,-0.2820,0.9050,-0.3652,17.53,8.16,-13.98
706050,-0.3071,0.8657,-0.4868,30.29,6.01,-19.32
706130,-0.1697,0.9082,-0.6174,47.43,3.80,-4.78
706210,-0.1846,0.8979,-0.6689,50.77,4.92,-4.02
706300,-0.1223,0.6199,-0.7534,47.00,4.95,-7.85
706380,-0.2371,0.6055,-0.8188,31.65,18.71,-25.34
706460,-0.2751,0.6340,-0.7017,13.69,21.01,-33.27
706550,-0.3086,0.6638,-0.7051,-0.16,24.81,-33.22
706630,-0.3147,0.6611,-0.6816,-8.34,28.12,-31.02
706710,-0.3308,0.6475,-0.6785,-14.95,32.12,-28.23
706800,-0.3809,0.5950,-0.6509,-19.66,31.83,-26.79
706880,-0.3652,0.6013,-0.6833,-22.34,29.73,-21.73
706960,-0.3623,0.6072,-0.7249,-22.07,33.27,-14.13
707050,-0.4038,0.6260,-0.8088,-22.03,37.98,-20.03
707130,-0.2954,1.0715,-0.9229,-21.87,58.28,-11.41
707210,-0.0776,0.9761,-0.8259,-26.86,77.37,-8.46
707300,0.0950,1.0337,-0.1440,-27.35,87.81,-9.84
707380,0.0747,0.9902,-0.2671,-20.60,40.02,12.75
707460,0.0115,0.9888,-0.3904,-0.87,24.34,7.52
707550,0.0454,0.9524,-0.3618,21.23,15.10,12.90
707630,0.1023,0.9116,-0.4114,43.86,5.69,17.07
707710,0.1460,0.9392,-0.4753,64.77,-3.41,29.96
707800,0.0862,0.7632,-0.7251,74.49,2.58,39.47
707880,0.1868,0.6943,-0.8464,66.71,43.55,45.05
707960,0.1377,0.5085,-0.7236,64.48,74.74,43.45
708050,0.1960,0.4731,-0.5408,51.77,81.90,20.37
708130,0.2705,0.5195,-0.5615,41.88,66.07,20.25
708210,0.5242,0.5708,-0.5222,41.48,38.42,37.47
708300,0.4290,0.3330,-0.6868,18.24,31.16,20.34
708380,0.5508,0.5269,-0.6565,-3.29,11.42,15.74
708460,0.6250,0.4939,-0.7468,-3.23,-2.97,10.98
708550,0.6448,0.5166,-0.7700,-13.77,0.99,-1.78
708630,0.6414,0.4526,-0.6846,-20.24,-1.49,-14.06
708710,0.6833,0.5667,-0.6052,-20.34,-14.60,-23.75
708800,0.6379,0.7319,-0.6860,-21.34,-35.59,-26.77
708880,0.5762,0.8103,-0.8257,-27.03,-47.66,-29.86
708960,0.4524,0.8582,-0.8599,-31.58,-38.86,-33.23
709050,0.3979,0.9697,-0.8936,-32.91,-16.92,-27.08
709130,0.3347,0.9312,-0.7017,-18.66,-5.86,-13.71
709210,0.2695,0.7581,-0.5273,-5.95,3.30,-15.38
709300,0.2446,0.8132,-0.5039,11.85,-6.39,-5.15
709380,0.2925,0.8433,-0.6304,18.73,5.66,-3.73
709460,0.2754,0.8811,-0.6196,26.52,5.47,0.79
709550,0.2554,0.7815,-0.6631,23.55,7.67,2.95
709630,0.2563,0.7410,-0.6292,20.65,6.55,-2.51
709710,0.2515,0.7944,-0.6160,19.70,5.48,-5.65
709800,0.2830,0.8354,-0.6243,17.30,-5.05,-4.38
709880,0.2698,0.8022,-0.6787,18.28,-7.30,-1.84
709960,0.2493,0.7786,-0.6699,15.72,-9.54,-1.62
710050,0.2251,0.7437,-0.6667,14.05,-7.65,-8.68
710130,0.2080,0.7441,-0.7056,16.39,-11.90,-11.27
710210,0.1780,0.7656,-0.7278,14.51,-8.84,-12.88
710300,0.1401,0.7600,-0.7341,11.52,-7.54,-12.26
710380,0.1199,0.7456,-0.7188,10.36,-3.59,-11.33
710460,0.0925,0.7234,-0.7346,8.80,0.48,-9.96
710550,0.0701,0.7686,-0.7107,5.57,5.36,-8.74
710630,0.0835,0.7969,-0.6890,4.16,5.73,-10.20
710710,0.0671,0.8291,-0.7031,5.37,5.80,-8.31
710800,0.0757,0.8354,-0.6931,8.61,5.09,-4.04
710880,0.0615,0.8013,-0.6921,10.32,6.76,-1.68
710960,0.0688,0.7917,-0.6545,7.10,7.79,1.27
711050,0.0974,0.7881,-0.6948,5.73,7.19,3.18
711130,0.1006,0.8342,-0.6313,8.55,8.51,1.27
711210,0.1084,0.8193,-0.6694,14.13,4.34,4.48
711300,0.1025,0.7964,-0.6665,20.72,12.71,1.62
711380,0.1213,0.8015,-0.6799,28.28,14.08,4.23
711460,0.1477,0.7439,-0.6985,15.71,11.41,3.46
711550,0.1636,0.8079,-0.6873,6.39,16.82,-0.63
711630,0.1736,0.7900,-0.6494,14.47,7.35,3.70
711710,0.1721,0.7644,-0.6816,15.30,3.52,2.86
711800,0.1694,0.7729,-0.7000,12.78,3.16,1.83
711880,0.1721,0.7783,-0.7061,12.55,2.62,1.77
711960,0.1802,0.7649,-0.7063,13.02,2.31,2.15
712056,0.1685,0.7522,-0.7065,12.47,2.15,1.52
712136,0.1726,0.7510,-0.7156,12.64,2.69,1.54
712216,0.1724,0.7571,-0.7173,11.41,5.98,0.49
712306,0.1838,0.7517,-0.7056,11.54,6.05,-0.56
712386,0.1765,0.7705,-0.7073,11.77,5.27,-0.79
712466,0.1814,0.7615,-0.7058,11.51,4.02,-0.14
712556,0.1714,0.7681,-0.7056,10.30,3.45,-0.44
712636,0.1765,0.7661,-0.7097,11.28,2.80,0.42
712716,0.1763,0.7566,-0.6987,12.56,3.30,1.11
712806,0.1780,0.7466,-0.7017,11.22,3.17,0.59
712886,0.1672,0.7488,-0.6948,9.85,4.13,-1.16
712966,0.1697,0.7651,-0.7061,8.84,2.48,-2.22
713056,0.1711,0.8000,-0.7036,6.96,3.45,-4.59
713139,0.1560,0.7927,-0.7056,8.09,-0.87,-0.85
713219,0.1489,0.7854,-0.6743,8.53,0.95,-1.22
713306,0.1519,0.7854,-0.6951,12.35,1.55,0.13
713386,0.1448,0.7725,-0.6978,14.21,3.43,1.37
713466,0.1567,0.7751,-0.7065,14.02,6.15,1.41
713556,0.1628,0.7700,-0.6982,13.60,7.39,0.89
713636,0.1687,0.7593,-0.6873,11.82,6.69,-0.31
713716,0.1660,0.7598,-0.6797,11.02,5.20,-2.31
713806,0.1655,0.7888,-0.6980,11.02,3.23,-2.15
713886,0.1570,0.7871,-0.6980,11.43,2.65,-1.39
713966,0.1689,0.7788,-0.6902,10.87,0.75,-2.28
714058,0.1355,0.7822,-0.6777,13.34,0.49,0.09
714138,0.1472,0.7671,-0.6992,13.47,-0.53,1.69
714218,0.1440,0.7690,-0.7100,10.80,1.70,-0.55
714308,0.1387,0.7893,-0.6885,10.86,0.44,-1.32
714388,0.1238,0.7759,-0.7000,10.99,-1.02,-0.71
714468,0.1213,0.7820,-0.7073,9.95,0.80,-1.60
714558,0.1152,0.7803,-0.7021,10.90,0.79,0.12
714638,0.1147,0.7727,-0.7026,11.49,2.73,0.99
714718,0.1169,0.7778,-0.7102,10.52,5.33,0.97
714808,0.1177,0.7861,-0.6914,9.50,6.04,0.73
714888,0.1382,0.7798,-0.6897,8.12,6.41,-1.18
714968,0.1184,0.7935,-0.6677,5.75,6.85,-3.59
715058,0.1204,0.8103,-0.6626,11.19,2.90,-0.78
715138,0.1272,0.8157,-0.6809,13.42,3.02,1.42
715218,0.1274,0.7903,-0.6802,12.88,6.49,1.13
715308,0.1365,0.7854,-0.6709,12.81,7.89,0.25
715388,0.1421,0.8013,-0.6682,13.49,5.23,1.13
715468,0.1431,0.8000,-0.6748,14.27,5.02,-0.07
715558,0.1353,0.7742,-0.6841,15.86,2.45,1.25
715638,0.1384,0.7800,-0.6921,15.32,1.98,0.14
715718,0.1335,0.7754,-0.7024,13.30,4.29,-1.19
715808,0.1235,0.7771,-0.6936,12.41,3.09,-0.82
715888,0.1248,0.7874,-0.6958,12.61,3.49,-0.52
715968,0.1255,0.7778,-0.7034,12.46,2.97,-0.30
716058,0.1238,0.7864,-0.7056,11.52,4.11,0.36
716138,0.1272,0.7747,-0.6941,11.34,4.91,0.16
716218,0.1243,0.7712,-0.7051,10.89,3.94,-0.08
716308,0.1265,0.7920,-0.6885,10.38,4.70,0.62
716388,0.1294,0.7996,-0.6855,11.98,3.95,1.54
716468,0.1260,0.7842,-0.7004,13.52,4.59,2.22
716558,0.1379,0.7732,-0.6956,13.82,5.05,2.88
716638,0.1433,0.7786,-0.6790,13.92,5.21,2.94
716718,0.1448,0.7559,-0.7017,13.27,5.83,1.12
716808,0.1497,0.7732,-0.6882,11.09,4.91,-0.29
716888,0.1443,0.7830,-0.6921,10.27,5.53,-1.00
716968,0.1516,0.7871,-0.6934,11.04,3.70,0.65
717058,0.1431,0.7844,-0.6809,13.59,4.70,1.94
717138,0.1550,0.7644,-0.7004,14.19,5.75,1.70
717218,0.1531,0.7629,-0.7036,12.19,3.89,0.75
717308,0.1548,0.7795,-0.6970,9.70,5.00,-1.67
717388,0.1465,0.7864,-0.6899,9.43,2.84,-1.83
717468,0.1536,0.7876,-0.7051,11.40,1.03,0.04
717558,0.1416,0.7896,-0.6929,10.84,2.70,1.39
717638,0.1475,0.7742,-0.6860,10.66,3.62,1.37
717718,0.1543,0.7822,-0.6755,11.61,2.95,1.87
717808,0.1543,0.7891,-0.7014,11.25,2.63,0.84
717888,0.1548,0.7878,-0.6863,11.61,2.53,1.52
717968,0.1550,0.7834,-0.6897,12.02,3.30,1.08
718058,0.1575,0.7837,-0.6826,11.41,3.01,1.95
718138,0.1521,0.7935,-0.6816,12.16,3.05,1.70
718218,0.1580,0.7786,-0.6787,13.38,1.86,2.78
718308,0.1577,0.7878,-0.6997,13.20,2.84,1.59
718388,0.1628,0.7708,-0.6877,13.77,3.19,1.81
718468,0.1628,0.7764,-0.6992,13.73,3.45,1.14
718558,0.1667,0.7651,-0.7017,13.41,4.83,0.88
718638,0.1738,0.7625,-0.7009,12.80,5.30,-0.41
718718,0.1775,0.7664,-0.6812,12.08,5.45,-0.98
718808,0.1736,0.7725,-0.7073,10.98,3.61,-2.23
718888,0.1802,0.7944,-0.6970,10.48,3.09,-1.67
718968,0.1672,0.7854,-0.6921,11.33,2.30,-0.61
719058,0.1621,0.7729,-0.6797,11.84,1.44,0.70
719138,0.1643,0.7666,-0.6912,11.60,1.51,0.40
719218,0.1699,0.7759,-0.7078,12.41,1.34,0.82
719308,0.1672,0.7642,-0.7031,12.36,2.96,0.62
719388,0.1704,0.7578,-0.6951,11.97,2.78,-0.06
719468,0.1711,0.7688,-0.6909,11.19,3.26,-1.41
719558,0.1653,0.7686,-0.6931,10.98,2.80,-2.08
719638,0.1575,0.7683,-0.6978,10.24,2.59,-1.84
719718,0.1555,0.7773,-0.7043,11.26,1.91,-0.66
719808,0.1650,0.7710,-0.7034,12.31,1.33,-0.08
719888,0.1643,0.7612,-0.6931,12.19,1.08,-0.13
719968,0.1616,0.7527,-0.7036,11.29,1.56,-1.03
720058,0.1577,0.7756,-0.7097,10.27,1.59,-1.05
720138,0.1536,0.7668,-0.7119,11.64,0.81,-0.77
720218,0.1514,0.7637,-0.7017,10.66,1.41,-1.48
720308,0.1470,0.7666,-0.7002,10.70,1.43,-0.95
720388,0.1602,0.7805,-0.7185,9.40,0.35,-0.54
720468,0.1450,0.7717,-0.6973,7.12,-1.00,-0.28
720558,0.1394,0.7761,-0.7012,8.50,-0.07,-0.75
720638,0.1326,0.7812,-0.7000,10.77,0.70,0.39
720718,0.1384,0.7634,-0.6980,11.08,2.34,1.35
720808,0.1541,0.7725,-0.6965,9.09,4.03,-1.23
720888,0.1375,0.7878,-0.6882,10.23,1.98,-1.95
720968,0.1384,0.7764,-0.6899,10.33,1.73,-0.47
721058,0.1426,0.7815,-0.6992,7.96,1.52,0.02
721138,0.1353,0.7917,-0.6814,8.03,2.62,0.24
721218,0.1392,0.7722,-0.7014,8.66,1.65,-0.07
721308,0.1304,0.7937,-0.6819,9.20,1.04,-0.55
721388,0.1272,0.7961,-0.6980,9.66,1.33,-2.47
721468,0.1165,0.7937,-0.6851,11.20,0.08,-2.43
721558,0.1135,0.7937,-0.6873,14.36,0.66,-0.06
721638,0.1165,0.7771,-0.7180,18.10,3.82,2.17
721718,0.1238,0.7622,-0.7053,16.32,7.12,3.90
721808,0.1426,0.7666,-0.6987,14.02,6.44,1.36
721888,0.1396,0.7581,-0.7031,12.18,4.27,1.23
721968,0.1423,0.7708,-0.7073,11.36,1.88,0.18
722058,0.1348,0.7646,-0.7241,12.33,1.02,1.90
722138,0.1409,0.7568,-0.7102,11.16,2.85,1.59
722218,0.1436,0.7612,-0.7012,13.00,2.81,1.70
722308,0.1511,0.7483,-0.7146,12.59,2.70,1.33
722388,0.1433,0.7463,-0.7075,11.13,2.67,0.22
722468,0.1455,0.7632,-0.7139,9.20,3.56,-1.80
722558,0.1313,0.8091,-0.7129,4.74,1.30,0.55
722638,0.1587,0.7773,-0.7461,-1.23,6.43,0.83
722718,0.1406,0.8013,-0.6226,11.91,10.20,-3.97
722808,0.1672,0.8647,-0.6128,40.34,-8.09,13.39
722888,0.1299,0.6921,-0.8391,56.71,-1.59,28.33
722968,0.0969,0.7563,-0.7434,42.62,23.68,15.29
723058,0.1807,0.7310,-0.8218,54.16,18.45,31.88
723138,0.2083,0.6123,-0.8464,50.76,35.28,21.45
723218,0.2390,0.5527,-0.8933,46.78,37.38,17.02
723308,0.3701,0.2664,-1.0261,-0.23,66.08,-31.79
723388,0.3840,0.4993,-0.6179,12.31,36.49,-28.41
723468,0.4045,0.4333,-0.8193,15.77,29.77,-39.11
723558,0.3984,0.5586,-0.8054,9.38,52.80,-41.01
723638,0.4316,0.5952,-0.7415,10.63,54.20,-27.68
723718,0.5220,0.5439,-0.7537,14.30,56.02,-22.18
723808,0.6694,0.6448,-0.6694,26.27,57.51,3.10
723888,0.6687,0.3887,-0.6089,21.78,39.09,8.79
723968,0.6667,0.4600,-0.5657,15.14,34.00,-2.95
724058,0.7266,0.4946,-0.6338,3.88,29.73,-3.07
724138,0.7898,0.5601,-0.4636,2.66,26.89,-2.88
724218,0.7283,0.5010,-0.5713,2.91,9.31,3.62
724308,0.7407,0.5330,-0.5330,1.43,13.70,0.09
724388,0.7524,0.5562,-0.5356,2.73,11.66,1.18
724468,0.7422,0.5613,-0.5051,4.68,12.89,-1.22
724558,0.7654,0.5923,-0.5159,7.34,12.99,-1.87
724638,0.7561,0.5801,-0.5283,10.59,8.73,1.14
724718,0.7561,0.5920,-0.4487,13.81,9.37,-0.22
724808,0.7725,0.5613,-0.4680,14.41,6.60,-0.34
724888,0.7507,0.5449,-0.4956,12.73,0.14,2.32
724968,0.7466,0.5474,-0.4932,10.13,0.47,0.05
725058,0.7693,0.5732,-0.5173,7.92,-1.54,3.12
725138,0.7722,0.5547,-0.5264,7.62,-3.38,4.25
725218,0.7695,0.5493,-0.5422,9.03,-0.47,3.77
725308,0.7432,0.5547,-0.5425,11.27,-0.32,4.41
725388,0.7637,0.5322,-0.5059,12.11,-0.52,3.08
725468,0.7537,0.5232,-0.5422,11.01,-0.29,2.75
725558,0.7590,0.5437,-0.4912,10.69,0.97,0.87
725638,0.7346,0.5244,-0.5403,9.73,-0.65,2.14
725718,0.7549,0.5330,-0.5146,7.20,3.12,-0.09
725808,0.7700,0.5388,-0.5322,6.77,-0.50,2.43
725888,0.7590,0.5359,-0.5156,4.60,-0.66,2.59
725968,0.7690,0.5154,-0.5356,5.32,-2.34,4.48
726058,0.7620,0.5359,-0.5386,5.16,-0.07,1.71
726138,0.7812,0.5425,-0.5337,6.80,-0.03,1.37
726218,0.7512,0.5110,-0.5298,6.38,3.88,-0.10
726308,0.7644,0.5403,-0.5044,9.17,1.18,-0.50
726388,0.7710,0.5342,-0.5093,10.51,-3.64,0.19
726468,0.7578,0.5212,-0.5422,12.07,-6.41,0.76
726558,0.7329,0.5220,-0.5535,11.20,-4.41,-0.64
726638,0.7507,0.5427,-0.5669,11.38,-1.26,-0.80
726718,0.7485,0.5393,-0.5732,12.59,-1.84,-0.85
726808,0.7573,0.5801,-0.5220,20.72,-19.70,4.12
726888,0.7014,0.4702,-0.5754,22.16,-32.19,6.25
726968,0.6724,0.4229,-0.6501,15.94,-28.85,2.56
727058,0.6624,0.4695,-0.6746,9.78,-18.22,0.15
727138,0.6355,0.4744,-0.6990,7.66,-14.70,-1.74
727218,0.5771,0.4734,-0.6560,6.05,-21.91,-4.12
727308,0.5901,0.4773,-0.8250,12.73,-30.12,-3.61
727388,0.5803,0.4392,-0.9026,11.45,-16.18,-9.66
727468,0.5137,0.5286,-0.7573,4.40,-4.52,-17.56
727558,0.4805,0.5464,-0.7510,-11.20,-2.20,-14.96
727638,0.5518,0.6042,-0.7612,-29.26,9.88,-23.62
727718,0.4897,0.6519,-0.6494,-37.98,24.39,-20.45
727808,0.5796,0.7708,-0.4993,-10.77,17.55,6.25
727888,0.6147,0.6694,-0.5044,2.61,-9.08,40.70
728174,0.4812,0.6858,-0.5190,0.84,-68.16,19.90
728262,0.3699,0.6931,-0.7771,3.91,-80.61,18.16
728342,0.3232,0.7415,-0.7930,7.65,-76.05,18.68
728422,0.2351,0.6147,-0.8206,9.84,-69.25,21.12
728512,0.1890,0.5195,-0.8491,8.77,-45.42,16.12
728592,0.2073,0.5391,-0.8779,2.73,-25.76,13.62
728672,0.2141,0.5767,-0.8579,-4.87,-7.34,7.35
728762,0.2000,0.6292,-0.8418,-2.96,1.59,4.05
728842,0.2112,0.6750,-0.7952,1.95,5.41,-4.14
728922,0.1882,0.6855,-0.7937,0.68,-1.55,-10.89
729012,0.1694,0.7283,-0.7456,0.60,-3.88,-9.88
729092,0.1777,0.7173,-0.7417,2.17,-5.94,-6.68
729172,0.1628,0.6978,-0.7708,3.16,-7.19,-3.20
729262,0.1772,0.6855,-0.8123,-0.63,-0.68,-4.14
729342,0.1267,0.7791,-0.6750,2.33,5.82,-3.46
729422,0.1265,0.6858,-0.7749,-1.48,7.05,0.26
729512,0.1333,0.7056,-0.6682,-13.27,7.47,-6.71
729592,0.1204,0.8228,-0.6401,-9.77,3.84,-7.82
729672,0.1145,0.8418,-0.6934,-5.38,-3.30,-7.46
729762,0.1580,0.8232,-0.6929,8.16,-10.28,-6.53
729842,0.1528,0.7500,-0.6802,6.66,-7.73,-7.43
729922,0.1184,0.7585,-0.6792,7.52,-2.57,-7.30
730012,0.0728,0.7993,-0.6167,10.91,-3.07,-5.69
730092,0.0566,0.8081,-0.6553,6.54,-5.55,-6.16
730172,0.0645,0.8218,-0.7009,3.69,0.70,-5.08
730263,0.0657,0.8413,-0.6636,8.38,-0.29,1.94
730343,0.0898,0.8040,-0.6472,13.36,2.61,5.20
730428,0.0874,0.8044,-0.5996,13.38,5.20,2.78
730513,0.0818,0.8005,-0.6565,11.59,3.23,0.63
730593,0.0886,0.8643,-0.6790,10.35,1.98,0.28
730673,0.0686,0.8113,-0.6484,9.22,1.26,-1.00
730763,0.0684,0.8164,-0.6326,9.84,1.38,-0.34
730843,0.0732,0.8459,-0.6680,12.12,1.24,1.27
730923,0.0754,0.8340,-0.6436,13.23,1.59,1.17
731013,0.0771,0.8069,-0.6467,12.54,0.48,1.27
731093,0.0862,0.8054,-0.6685,12.36,1.06,1.77
731173,0.0825,0.8044,-0.6499,9.62,1.92,-0.14
731263,0.0818,0.8018,-0.6494,7.95,2.19,-2.05
731343,0.0789,0.8396,-0.6377,8.12,0.73,-2.59
731423,0.0659,0.8330,-0.6545,11.30,-0.69,-1.02
731513,0.0720,0.8438,-0.6487,11.34,1.90,-0.65
731593,0.0710,0.8281,-0.6399,10.12,1.27,-0.71
731673,0.0586,0.8223,-0.6458,8.66,0.73,-1.15
731763,0.0505,0.8464,-0.6355,10.35,0.31,0.91
731843,0.0630,0.8335,-0.6550,13.20,4.01,1.53
731923,0.0764,0.8291,-0.6387,12.53,5.61,1.33
732013,0.0759,0.8289,-0.6389,11.74,4.60,0.56
732093,0.0803,0.8374,-0.6418,12.67,3.63,0.27
732173,0.0864,0.8291,-0.6477,13.80,2.57,1.57
732263,0.0747,0.8250,-0.6453,13.16,2.75,1.32
732343,0.0774,0.8301,-0.6550,13.14,2.23,1.98
732423,0.0820,0.8210,-0.6543,13.40,2.38,3.45
732513,0.0813,0.8228,-0.6692,13.46,4.12,3.49
732593,0.0913,0.8313,-0.6692,14.29,7.29,4.66
732673,0.1150,0.8010,-0.6675,13.44,7.36,4.43
732763,0.1221,0.7939,-0.6470,10.00,4.33,0.82
732843,0.1001,0.8201,-0.6543,12.70,5.39,1.33
732923,0.1309,0.8328,-0.6782,13.72,7.26,2.21
733013,0.1389,0.8152,-0.6677,12.10,5.95,3.01
733093,0.1423,0.7952,-0.6487,12.68,7.42,2.81
733173,0.1538,0.7900,-0.6658,10.32,7.40,0.79
733263,0.1567,0.8098,-0.6455,11.15,4.91,0.53
733343,0.1643,0.8057,-0.6667,11.91,5.34,0.80
733423,0.1570,0.8152,-0.6562,11.48,4.06,-0.26
733513,0.1594,0.7913,-0.6621,12.88,3.29,-0.39
733593,0.1719,0.8120,-0.6765,13.40,2.54,-0.13
733673,0.1604,0.8032,-0.6804,13.88,2.17,0.23
733763,0.1641,0.7920,-0.6650,12.88,2.60,-0.80
733843,0.1592,0.7822,-0.6733,11.20,2.87,-1.97
733923,0.1543,0.7891,-0.6685,10.62,1.20,-1.48
734013,0.1521,0.8047,-0.6785,10.59,0.40,-1.13
734093,0.1555,0.8086,-0.6787,10.34,1.62,-1.90
734173,0.1511,0.7905,-0.6560,10.88,-0.18,-0.61
734264,0.1370,0.7844,-0.6675,10.33,-3.43,0.84
734344,0.1348,0.8162,-0.6865,9.25,-1.50,0.18
734424,0.1289,0.7791,-0.6658,8.81,-0.48,-0.34
734513,0.1260,0.7964,-0.6558,9.42,-2.54,-1.05
734593,0.1135,0.8271,-0.6868,8.47,0.37,-3.67
734673,0.1208,0.8315,-0.6831,10.44,0.82,-0.84
734763,0.1184,0.8018,-0.6404,10.25,-0.86,-0.59
734843,0.1060,0.8035,-0.6509,9.27,-3.23,-1.97
734923,0.1094,0.8293,-0.6658,9.38,-2.40,-1.59
735013,0.1082,0.8208,-0.6731,10.58,-1.62,0.90
735093,0.0923,0.8157,-0.6582,12.24,-2.12,1.47
735173,0.0989,0.8044,-0.6787,11.72,1.70,0.18
735263,0.1030,0.8049,-0.6665,10.86,4.60,-0.38
735343,0.1062,0.8147,-0.6458,9.52,4.70,-1.89
735423,0.1011,0.8376,-0.6426,6.97,2.74,-2.55
735513,0.0969,0.8438,-0.6472,9.97,-0.10,0.20
735593,0.1030,0.8296,-0.6479,13.62,-1.87,3.46
735673,0.1001,0.8083,-0.6455,12.34,0.60,2.25
735763,0.0955,0.8213,-0.6616,11.90,0.34,2.21
735843,0.0964,0.8210,-0.6628,10.74,1.49,0.83
735923,0.0952,0.8137,-0.6582,11.32,1.21,0.89
736013,0.0977,0.8157,-0.6411,13.95,0.93,1.44
736093,0.0977,0.8262,-0.6592,17.02,1.22,2.91
736173,0.0969,0.8257,-0.6709,18.46,1.13,4.77
736263,0.1023,0.8059,-0.6726,18.02,2.09,5.41
736343,0.1101,0.7949,-0.6807,18.05,2.77,6.91
736423,0.1157,0.7952,-0.6772,18.91,5.45,6.42
736513,0.1499,0.7241,-0.7681,12.96,7.94,2.87
736593,0.1428,0.7593,-0.6760,8.79,13.37,-4.13
736673,0.1536,0.8044,-0.6333,12.00,8.62,-2.42
736763,0.1631,0.7874,-0.6958,13.65,3.24,-0.11
736843,0.1558,0.7996,-0.6792,12.60,2.30,0.20
736923,0.1558,0.7832,-0.6646,13.08,0.78,0.58
737013,0.1533,0.7668,-0.6865,13.03,-1.09,0.67
737093,0.1472,0.7720,-0.6970,12.91,0.16,-0.01
737173,0.1458,0.7786,-0.6938,13.60,0.29,-0.45
737270,0.1326,0.7778,-0.6963,13.32,1.21,-0.93
737350,0.1387,0.7798,-0.7039,12.68,2.45,-1.16
737430,0.1377,0.7820,-0.7026,13.20,1.39,-0.88
737519,0.1304,0.7722,-0.6958,12.62,1.67,-1.33
737599,0.1372,0.7664,-0.7031,12.34,0.96,-3.28
737679,0.1375,0.7615,-0.7144,12.34,0.97,-4.39
737769,0.1096,0.7859,-0.6931,14.23,0.97,-6.16
737849,0.1047,0.7659,-0.7129,16.14,1.00,-4.96
737929,0.1184,0.7671,-0.7100,13.37,2.05,-6.44
738019,0.1252,0.7783,-0.6870,17.47,-4.73,-2.05
738099,0.0776,0.7266,-0.7861,18.09,-9.91,9.59
738179,0.0725,0.6907,-0.7588,1.66,13.95,-2.98
738269,0.0835,0.7566,-0.6968,6.21,13.95,-3.23
738349,0.0693,0.7524,-0.7668,11.59,19.42,-5.65
738429,0.1250,0.7856,-0.6855,12.74,19.43,-4.81
738519,0.1396,0.7698,-0.6692,13.60,12.77,-1.77
738599,0.1499,0.7773,-0.6831,11.41,4.99,0.99
738679,0.1426,0.7993,-0.7051,10.99,2.43,1.34
738769,0.0984,0.7747,-0.6926,17.20,-0.98,2.47
738849,0.1318,0.7480,-0.7102,15.30,-3.18,-1.92
738929,0.1074,0.7419,-0.7153,12.43,-5.64,-3.13
739019,0.1033,0.7607,-0.7195,13.84,-0.56,-1.82
739099,0.1169,0.7493,-0.7290,15.50,-3.32,3.43
739179,0.1248,0.7263,-0.7214,15.16,-4.12,3.87
739269,0.0889,0.7512,-0.7686,8.05,-3.18,-0.26
739349,0.0737,0.7659,-0.6943,6.93,-4.83,-1.52
739429,0.0845,0.7354,-0.8000,-0.89,-1.33,-2.28
739519,0.0742,0.7532,-0.6729,-5.16,4.98,-4.84
739599,0.0591,0.7498,-0.6741,-0.89,7.46,-4.94
739679,0.0701,0.8176,-0.6516,10.44,9.85,-3.88
739769,0.0979,0.8152,-0.6931,16.80,9.23,0.02
739849,0.1262,0.8191,-0.7046,24.80,2.95,-0.16
739929,0.0642,0.7297,-0.7053,20.82,4.27,-2.05
740019,0.0962,0.7380,-0.6750,11.47,8.38,-7.79
740099,0.0908,0.7869,-0.6846,5.74,-1.48,-12.16
740179,0.0437,0.8503,-0.6667,4.79,-10.11,-10.41
740269,0.0161,0.8210,-0.7488,11.95,-9.13,-2.46
740349,0.0137,0.7917,-0.7493,16.26,1.47,4.69
740429,0.0461,0.7114,-0.7280,23.29,12.44,8.91
740519,0.0469,0.6750,-0.6760,19.09,12.02,3.02
740599,0.0586,0.7646,-0.7371,10.34,7.29,-0.05
740679,0.0757,0.8101,-0.7261,11.91,7.46,2.25
740769,0.0774,0.7036,-0.7578,11.06,3.11,9.59
740849,0.0713,0.7336,-0.7153,5.98,8.50,9.20
740929,0.0959,0.7649,-0.7161,-0.28,6.60,10.42
741019,0.1377,0.7935,-0.6934,5.92,3.51,10.98
741099,0.1401,0.7615,-0.7385,11.16,2.59,6.48
741179,0.1296,0.7664,-0.7180,9.53,2.40,3.20
741269,0.1357,0.7512,-0.6963,7.09,8.54,-4.28
741349,0.1333,0.7830,-0.7053,8.77,6.77,-4.56
741429,0.1287,0.7927,-0.6880,8.48,7.66,-2.32
741519,0.1448,0.7964,-0.6614,7.48,5.82,-1.90
741599,0.1455,0.8042,-0.6711,8.30,2.53,-0.85
741679,0.1421,0.8188,-0.6582,10.59,0.92,1.91
741769,0.1379,0.7971,-0.6802,15.88,-1.44,6.70
741849,0.1494,0.7688,-0.7009,15.90,0.74,7.97
741929,0.1367,0.7500,-0.7151,12.76,4.37,4.66
742019,0.1475,0.7786,-0.7078,10.16,7.48,-0.84
742099,0.1555,0.7830,-0.6843,11.45,2.89,0.70
742179,0.1479,0.7754,-0.6943,12.23,3.02,-0.98
742269,0.1599,0.7803,-0.6997,12.20,2.84,0.56
742349,0.1560,0.7742,-0.7053,12.59,5.48,1.39
742429,0.1675,0.7800,-0.6936,12.23,6.55,2.41
742519,0.1755,0.7705,-0.6941,12.37,4.77,2.76
742599,0.1836,0.7566,-0.6936,13.44,4.22,2.24
742679,0.1809,0.7578,-0.7029,11.47,4.09,0.09
742769,0.1763,0.7732,-0.6860,10.62,2.70,-0.70
742849,0.1780,0.7844,-0.6985,11.40,-0.11,0.36
742929,0.1804,0.7837,-0.7080,13.13,0.95,0.24
743019,0.1599,0.7537,-0.7180,14.84,1.88,1.31
743099,0.1709,0.7681,-0.6841,18.84,-1.40,3.46
743179,0.1753,0.7207,-0.7251,18.99,-3.34,0.99
743269,0.1628,0.7251,-0.7461,12.44,0.97,-2.48
743349,0.1257,0.7820,-0.7373,10.23,7.38,-0.94
743429,0.1689,0.7505,-0.7188,12.78,11.10,3.69
743519,0.2097,0.7466,-0.7051,9.20,7.83,4.08
743599,0.1897,0.7476,-0.7129,10.10,1.42,6.78
743679,0.1877,0.7607,-0.7048,12.16,4.27,7.66
743769,0.2158,0.7395,-0.7454,12.91,5.27,3.71
743849,0.2036,0.7463,-0.7234,11.41,6.61,3.17
743929,0.2231,0.7290,-0.6921,10.26,8.48,1.33
744019,0.2405,0.7505,-0.7009,9.27,5.72,-1.77
744099,0.2256,0.7620,-0.6914,10.49,3.23,-1.09
744179,0.2268,0.7622,-0.7009,11.30,4.80,-1.02
744269,0.2334,0.7500,-0.7065,12.28,2.62,0.61
744349,0.2417,0.7271,-0.6970,11.71,2.12,-2.06
744429,0.2100,0.7698,-0.6919,12.76,0.13,-1.67
744519,0.2095,0.7471,-0.7087,11.98,1.71,-0.34
744599,0.2183,0.7749,-0.7104,11.62,1.99,-1.22
744679,0.2151,0.7693,-0.7158,14.36,0.88,0.59
744769,0.2151,0.7432,-0.7141,14.16,1.91,-0.48
744849,0.2131,0.7378,-0.7043,13.88,2.07,-0.34
744929,0.2100,0.7344,-0.7202,12.76,2.80,-2.26
745019,0.2117,0.7031,-0.7227,7.95,2.44,-5.68
745099,0.1763,0.8191,-0.6812,1.80,5.19,-9.13
745179,0.2249,0.8223,-0.7705,1.80,4.51,-9.00
745269,0.1946,0.7351,-0.6423,25.15,4.51,-0.54
745349,0.1838,0.7029,-0.6284,41.16,-1.20,4.34
745429,0.1345,0.7488,-0.7578,49.02,2.47,8.62
745519,0.1785,0.6902,-0.7747,39.44,2.96,7.19
745599,0.2002,0.6697,-0.8481,30.66,3.48,7.27
745679,0.1934,0.6055,-0.7920,27.70,1.72,5.17
745769,0.2341,0.5457,-0.8660,16.77,-4.18,5.60
745849,0.1882,0.6140,-0.8359,13.73,5.43,1.26
745929,0.2148,0.5542,-0.8298,10.15,0.65,2.29
746019,0.2300,0.5574,-0.8359,5.23,0.98,6.80
746099,0.2095,0.5798,-0.8103,-0.95,2.92,4.02
746179,0.2107,0.6316,-0.8181,-1.69,0.17,5.16
746264,0.2090,0.6567,-0.8096,-10.18,4.43,0.35
746346,0.1926,0.7319,-0.7576,-8.88,1.28,7.16
746426,0.2175,0.6870,-0.7700,-10.06,6.88,2.55
746514,0.2212,0.7637,-0.6819,-0.65,3.79,6.03
746594,0.2368,0.7151,-0.7637,12.18,0.21,11.67
746674,0.2683,0.6301,-0.7517,10.87,7.88,4.22
746764,0.2664,0.6880,-0.6868,10.76,7.01,-5.41
746844,0.2795,0.6807,-0.7317,9.79,0.04,-2.59
746924,0.2627,0.7068,-0.7026,5.63,-0.81,-2.70
747014,0.2434,0.7356,-0.7126,3.01,-4.01,1.89
747094,0.2371,0.7676,-0.7361,-0.75,-4.10,-0.84
747174,0.2319,0.7761,-0.7131,-0.66,-5.04,0.98
747264,0.2136,0.7527,-0.6816,-0.18,-2.82,0.50
747344,0.2043,0.7622,-0.6812,3.32,-2.59,1.13
747424,0.2117,0.7629,-0.7095,9.84,-1.45,3.30
747514,0.2207,0.7634,-0.7080,17.44,2.67,2.71
747594,0.2317,0.7354,-0.7068,19.09,6.55,-1.02
747674,0.2363,0.7422,-0.7053,18.09,4.83,-2.09
747764,0.2219,0.7549,-0.7139,16.16,5.24,-4.13
747844,0.2231,0.7478,-0.7334,14.76,4.78,-2.41
747924,0.2205,0.7517,-0.7053,11.93,3.93,-1.84
748014,0.2146,0.7285,-0.7163,11.71,0.30,0.98
748094,0.2144,0.7290,-0.7356,10.97,0.67,0.72
748174,0.2146,0.7192,-0.7390,11.19,3.01,0.29
748264,0.2166,0.7168,-0.7317,12.60,3.79,-0.74
748344,0.2156,0.7217,-0.7207,11.45,4.18,-2.02
748424,0.2144,0.7195,-0.7485,12.48,3.09,-1.54
748514,0.2114,0.7432,-0.7114,11.40,2.50,-1.75
748594,0.2068,0.7271,-0.7334,13.30,1.19,0.14
748674,0.2034,0.7212,-0.7429,12.46,2.45,0.91
748764,0.2065,0.7197,-0.7446,13.51,2.85,1.02
748844,0.2065,0.7085,-0.7454,13.16,4.69,0.21
748924,0.2141,0.7090,-0.7485,12.80,5.41,-0.98
749014,0.2188,0.7205,-0.7378,11.17,6.20,-2.46
749094,0.2251,0.7222,-0.7354,11.83,4.16,-0.97
749174,0.2175,0.7256,-0.7349,12.25,2.68,-0.23
749264,0.2126,0.7239,-0.7273,11.49,1.75,0.78
749344,0.2124,0.7095,-0.7437,11.06,1.33,0.92
749424,0.2078,0.7188,-0.7388,10.05,1.34,0.81
749514,0.2061,0.7170,-0.7458,10.05,0.68,1.36
749594,0.2078,0.7178,-0.7432,9.80,1.98,0.92
749674,0.2041,0.7148,-0.7385,10.09,2.49,0.75
749764,0.2100,0.7063,-0.7368,9.73,4.52,-0.04
749844,0.2134,0.7168,-0.7373,10.62,3.73,0.30
749924,0.2229,0.7202,-0.7393,9.89,4.08,-0.26
750014,0.2192,0.7253,-0.7261,10.01,2.54,1.16
750094,0.2202,0.7224,-0.7322,10.36,2.70,1.30
750174,0.2207,0.7212,-0.7341,10.16,2.17,1.62
750264,0.2241,0.7170,-0.7395,10.38,2.25,1.16
750344,0.2253,0.7178,-0.7375,10.14,2.67,0.53
750424,0.2217,0.7085,-0.7371,9.12,4.00,-0.84
750514,0.2202,0.7219,-0.7241,11.66,3.52,0.31
750594,0.2266,0.7095,-0.7451,12.78,4.25,0.52
750674,0.2185,0.7346,-0.7385,14.37,5.69,0.95
750764,0.2290,0.7217,-0.7417,15.41,7.75,0.39
750844,0.2263,0.6948,-0.7588,14.13,6.16,-0.07
750924,0.2324,0.7178,-0.7332,13.24,6.20,-0.55
751014,0.2439,0.7124,-0.7483,12.77,5.88,-0.12
751094,0.2446,0.7063,-0.7400,13.34,5.80,0.12
751174,0.2505,0.7080,-0.7620,15.15,4.66,2.34
751264,0.2429,0.6753,-0.7400,13.76,4.70,0.86
751344,0.2412,0.6948,-0.7534,15.26,3.08,3.32
751424,0.2522,0.6882,-0.7722,15.54,2.91,2.92
751514,0.2615,0.6860,-0.7595,10.62,7.89,-1.88
751594,0.2639,0.6846,-0.7346,10.87,3.83,-0.46
751674,0.2446,0.6987,-0.7510,11.43,0.65,1.95
751764,0.2595,0.6846,-0.7502,11.58,2.16,2.84
751844,0.2556,0.6733,-0.7822,11.53,0.67,2.38
751924,0.2561,0.6667,-0.7810,9.97,0.13,0.56
752014,0.2515,0.6548,-0.7576,6.30,5.12,-6.09
752094,0.2593,0.7271,-0.6953,8.09,1.70,-1.02
752174,0.2417,0.6826,-0.7686,5.92,3.70,2.08
752264,0.2441,0.6982,-0.7634,10.33,7.59,1.88
752344,0.2615,0.6997,-0.7476,13.16,6.72,1.02
752424,0.2620,0.6982,-0.7224,12.20,5.00,0.66
752514,0.2710,0.6880,-0.7356,12.45,2.66,1.86
752594,0.2671,0.7036,-0.7441,11.50,2.45,1.27
752674,0.2700,0.6921,-0.7410,11.98,2.01,1.43
752764,0.2676,0.6919,-0.7385,11.44,1.33,0.50
752844,0.2676,0.6858,-0.7517,11.49,2.18,1.05
752924,0.2688,0.6870,-0.7478,11.33,3.70,-0.72
753014,0.2673,0.6936,-0.7505,12.05,3.66,-0.20
753094,0.2688,0.6938,-0.7480,11.60,4.26,-0.69
753174,0.2720,0.6956,-0.7395,11.16,3.51,-0.58
753264,0.2683,0.6814,-0.7468,11.33,2.30,-0.27
753344,0.2642,0.6917,-0.7490,11.89,1.98,0.94
753424,0.2585,0.6763,-0.7537,12.23,2.62,-0.03
753514,0.2659,0.6860,-0.7546,12.62,2.71,0.56
753594,0.2683,0.6882,-0.7498,12.08,3.75,-0.20
753674,0.2678,0.6821,-0.7493,11.54,3.16,0.01
753764,0.2649,0.6865,-0.7458,11.45,1.70,0.55
753844,0.2668,0.6853,-0.7488,11.67,1.88,1.09
753924,0.2666,0.6863,-0.7551,10.99,1.48,0.60
754014,0.2644,0.6882,-0.7458,10.45,1.27,0.91
754094,0.2571,0.6858,-0.7446,10.67,0.80,0.96
754174,0.2656,0.6760,-0.7581,10.62,1.46,0.82
754264,0.2617,0.6948,-0.7458,10.50,1.71,0.08
754344,0.2556,0.6909,-0.7458,10.36,0.82,0.57
754424,0.2527,0.6838,-0.7532,10.04,1.39,0.55
754514,0.2454,0.7017,-0.7351,10.85,6.02,-1.91
754594,0.2869,0.7085,-0.7141,15.80,-4.43,1.66
754674,0.2656,0.6853,-0.7598,15.01,-13.63,5.02
754764,0.2371,0.6926,-0.7771,11.93,-13.32,9.47
754844,0.2361,0.6636,-0.7649,11.31,-14.55,13.88
754924,0.2273,0.6311,-0.8149,11.16,-6.78,6.42
755014,0.2224,0.6252,-0.7969,10.52,2.56,-1.26
755094,0.2234,0.6521,-0.7908,10.36,0.53,-1.25
755174,0.2253,0.6812,-0.7664,11.96,0.63,-1.85
755264,0.2124,0.6714,-0.7803,11.00,0.27,-2.94
755344,0.2026,0.6885,-0.8047,13.16,2.11,-1.39
755424,0.2063,0.6543,-0.7795,12.40,4.73,-1.38
755514,0.1992,0.6589,-0.7676,12.14,-0.02,0.05
755594,0.2046,0.6628,-0.8105,10.66,1.15,-0.40
755674,0.1897,0.6553,-0.7869,10.21,2.20,-0.70
755764,0.1924,0.6580,-0.7678,8.90,2.89,-0.55
755844,0.1985,0.6655,-0.7881,10.30,1.46,-0.45
755924,0.1936,0.6814,-0.7874,12.14,1.09,0.37
756014,0.1833,0.6355,-0.8262,7.68,0.38,6.07
756094,0.2119,0.6567,-0.7410,6.84,7.30,-1.11
756174,0.2095,0.7034,-0.7944,9.45,5.97,-2.89
756264,0.2063,0.6843,-0.7761,13.20,8.21,0.45
756344,0.2200,0.6670,-0.7776,12.62,7.77,-0.34
756424,0.2087,0.6475,-0.7869,11.45,8.56,-2.69
756514,0.2285,0.6887,-0.7627,10.28,8.02,-2.16
756594,0.2344,0.6724,-0.7751,11.70,5.97,-0.53
756674,0.2407,0.6770,-0.7678,10.66,6.12,0.23
756764,0.2417,0.6702,-0.7717,10.38,5.14,0.80
756844,0.2417,0.6621,-0.7644,9.81,4.59,-0.45
756924,0.2454,0.6592,-0.7686,9.74,4.62,-2.52
757014,0.2419,0.6880,-0.7468,11.59,0.87,-0.17
757094,0.2415,0.6714,-0.7742,12.52,0.66,1.41
757174,0.2395,0.6687,-0.7732,10.76,2.05,0.58
757264,0.2395,0.6726,-0.7625,10.43,2.73,-0.47
757344,0.2344,0.6719,-0.7698,10.67,0.55,0.11
757424,0.2300,0.6768,-0.7632,11.30,0.12,0.73
757514,0.2310,0.6711,-0.7678,10.95,0.58,0.62
757594,0.2241,0.6763,-0.7771,11.03,0.16,1.35
757674,0.2251,0.6755,-0.7761,10.66,1.58,-0.35
757764,0.2209,0.6780,-0.7654,10.73,1.83,-0.98
757844,0.2175,0.6711,-0.7734,10.95,1.29,-0.26
757924,0.2207,0.6758,-0.7695,10.05,2.03,-0.78
758014,0.2175,0.6758,-0.7712,10.39,2.29,-0.82
758094,0.2183,0.6785,-0.7737,9.92,1.82,-0.84
758388,0.2139,0.6785,-0.7700,10.16,2.05,0.27
758474,0.2124,0.6831,-0.7761,9.80,2.36,-0.08
758554,0.2117,0.6719,-0.7712,9.35,2.94,-0.53
758634,0.2124,0.6797,-0.7639,10.59,2.87,-0.35
758724,0.2146,0.6746,-0.7756,10.48,3.07,0.27
758804,0.2026,0.6909,-0.7639,10.42,3.92,1.25
758884,0.2217,0.6750,-0.7683,9.03,4.60,-0.03
758974,0.2234,0.6868,-0.7695,9.59,2.68,0.28
759054,0.2249,0.6853,-0.7673,10.34,2.67,1.09
759134,0.2207,0.6770,-0.7676,11.43,2.67,0.97
759224,0.2200,0.6799,-0.7688,10.41,3.29,0.97
759304,0.2246,0.6907,-0.7717,10.53,3.92,1.11
759384,0.2251,0.6790,-0.7659,10.65,4.14,0.45
759475,0.2263,0.6816,-0.7581,10.36,3.12,0.33
759555,0.2268,0.6863,-0.7632,10.24,3.34,0.92
759635,0.2271,0.6819,-0.7554,10.57,2.57,0.99
759725,0.2312,0.6841,-0.7563,10.46,1.90,1.47
759805,0.2261,0.6787,-0.7639,10.12,2.27,0.99
759885,0.2263,0.6821,-0.7634,10.68,2.21,0.84
759975,0.2344,0.6702,-0.7637,10.38,2.32,0.01
760055,0.2261,0.6921,-0.7583,10.62,2.42,-0.99
760135,0.2236,0.6836,-0.7654,11.06,2.64,1.14
760225,0.2280,0.6921,-0.7603,10.62,2.73,0.82
760305,0.2253,0.6873,-0.7637,10.61,3.58,0.87
760385,0.2312,0.6829,-0.7693,11.36,3.28,0.85
760475,0.2344,0.6870,-0.7629,11.55,4.15,0.51
760555,0.2327,0.6804,-0.7627,11.69,3.98,-0.12
760635,0.2366,0.6838,-0.7585,11.61,3.26,-0.10
760725,0.2332,0.6846,-0.7590,11.24,3.13,0.50
760805,0.2371,0.6877,-0.7593,11.11,2.43,0.88
760885,0.2344,0.6848,-0.7642,9.98,2.47,0.52
760975,0.2349,0.6833,-0.7593,9.90,2.48,0.59
761055,0.2349,0.6736,-0.7632,9.81,2.70,0.05
761135,0.2378,0.6917,-0.7617,8.74,3.48,-1.09
761225,0.2397,0.6956,-0.7559,9.73,2.45,0.34
761305,0.2351,0.6965,-0.7629,10.29,2.41,0.26
761385,0.2371,0.6875,-0.7517,9.74,2.27,0.59
761475,0.2395,0.6880,-0.7522,10.14,1.70,0.49
761555,0.2368,0.6919,-0.7546,10.36,2.06,0.49
761635,0.2302,0.6880,-0.7593,11.23,2.52,0.49
761725,0.2336,0.6921,-0.7507,11.01,4.19,-0.22
761805,0.2344,0.6814,-0.7603,10.92,3.45,-0.36
761885,0.2329,0.6921,-0.7478,10.16,3.70,-1.19
761975,0.2363,0.6794,-0.7556,10.81,2.30,0.27
762055,0.2366,0.6970,-0.7537,10.98,2.49,0.65
762135,0.2317,0.6909,-0.7542,10.66,2.96,0.51
762225,0.2339,0.6831,-0.7563,10.57,3.27,0.26
762305,0.2334,0.6836,-0.7598,11.09,2.23,0.53
762385,0.2327,0.6865,-0.7568,10.99,2.78,0.38
762475,0.2358,0.6943,-0.7546,10.87,3.25,-0.13
762555,0.2322,0.6858,-0.7546,11.09,2.74,0.16
762635,0.2297,0.6890,-0.7529,10.45,3.28,-0.17
762725,0.2366,0.6865,-0.7585,10.64,2.49,0.14
762805,0.2388,0.6892,-0.7617,10.80,1.85,0.23
762885,0.2339,0.6836,-0.7544,10.91,1.96,0.89
762975,0.2356,0.6887,-0.7500,10.88,2.77,0.12
763055,0.2363,0.6831,-0.7615,11.09,2.51,-0.27
763135,0.2280,0.6885,-0.7524,11.00,2.70,-0.30
763225,0.2327,0.6926,-0.7566,11.17,3.02,-0.28
763305,0.2292,0.6936,-0.7529,11.48,4.00,0.05
763385,0.2236,0.6960,-0.7649,10.95,3.61,0.37
763475,0.2351,0.6860,-0.7644,10.46,3.30,-0.10
763555,0.2310,0.6953,-0.7595,11.60,3.55,0.39
763636,0.2378,0.6877,-0.7549,11.43,4.08,-0.16
763725,0.2317,0.6892,-0.7585,11.48,4.71,0.14
763805,0.2368,0.6963,-0.7554,11.58,5.03,0.37
763885,0.2410,0.6899,-0.7583,11.18,4.17,-0.19
763975,0.2412,0.6829,-0.7573,10.84,4.15,-0.51
764055,0.2417,0.6934,-0.7600,11.45,4.05,0.34
764135,0.2495,0.6804,-0.7595,11.48,4.40,-0.38
764225,0.2461,0.6948,-0.7471,12.74,2.96,1.20
764305,0.2546,0.6545,-0.7712,10.34,2.12,1.06
764385,0.2461,0.6875,-0.7629,8.97,4.02,-2.09
764475,0.2512,0.6858,-0.7466,12.47,3.41,-1.62
764555,0.2478,0.6895,-0.7405,11.33,2.65,-2.69
764635,0.2366,0.6821,-0.7532,11.19,1.57,-1.83
764725,0.2385,0.6887,-0.7656,11.26,2.31,0.23
764805,0.2402,0.6929,-0.7524,10.73,2.30,1.36
764885,0.2329,0.6946,-0.7500,10.57,1.84,0.56
764975,0.2334,0.6890,-0.7485,10.39,2.29,-0.04
765055,0.2336,0.6812,-0.7668,10.72,2.06,-0.09
765135,0.2351,0.6926,-0.7520,11.06,2.60,-0.39
765225,0.2412,0.6870,-0.7485,11.16,2.17,-1.00
765305,0.2314,0.7014,-0.7561,11.41,2.22,-0.85
765385,0.2241,0.6897,-0.7600,11.50,2.89,0.75
765475,0.2317,0.6885,-0.7615,11.20,2.91,0.71
765555,0.2319,0.6909,-0.7598,11.67,2.94,0.23
765635,0.2361,0.6814,-0.7600,12.05,3.25,0.08
765725,0.2378,0.6841,-0.7539,11.82,3.05,-0.52
765805,0.2415,0.6992,-0.7563,12.22,4.16,-0.34
765885,0.2388,0.6909,-0.7600,12.01,5.00,-0.41
765975,0.2375,0.6812,-0.7576,11.03,2.71,0.80
766055,0.2354,0.6938,-0.7546,10.21,2.49,1.03
766135,0.2285,0.6895,-0.7627,10.51,2.45,2.05
766225,0.2266,0.6755,-0.7656,9.27,4.90,1.81
766305,0.2478,0.6785,-0.7488,10.61,3.58,-0.21
766385,0.2761,0.6731,-0.7456,12.07,1.25,-1.57
766475,0.2195,0.7297,-0.7512,12.88,2.73,-0.98
766555,0.2339,0.6624,-0.7590,14.60,5.91,2.45
766635,0.2698,0.6904,-0.7559,9.27,3.89,-5.59
766725,0.2122,0.7080,-0.7673,10.67,1.05,2.40
766805,0.2437,0.6589,-0.7583,14.14,7.95,4.12
766885,0.2700,0.6885,-0.7544,7.49,5.68,-2.67
766975,0.2246,0.7109,-0.7500,12.50,3.26,2.53
767055,0.2615,0.6606,-0.7634,12.57,4.45,0.53
767135,0.2617,0.6921,-0.7471,10.70,0.45,-0.91
767225,0.2339,0.6924,-0.7437,11.42,2.22,1.56
767305,0.2576,0.6677,-0.7512,9.02,3.57,-1.72
767385,0.2493,0.6921,-0.7493,8.78,0.66,-0.06
767475,0.2434,0.6992,-0.7476,11.48,2.05,1.87
767555,0.2542,0.6912,-0.7461,10.20,1.88,0.21
767635,0.2407,0.6917,-0.7488,10.31,-0.19,0.11
767725,0.2314,0.6885,-0.7507,12.60,2.42,1.19
767805,0.2478,0.6780,-0.7615,9.73,2.91,-2.23
767885,0.2302,0.7029,-0.7646,9.55,-0.05,-0.99
767975,0.2129,0.6853,-0.7544,13.54,6.50,-3.70
768055,0.2495,0.7085,-0.7500,10.48,6.04,-3.66
768135,0.2380,0.6980,-0.7493,8.98,2.88,-1.80
768225,0.2290,0.7273,-0.7234,11.82,3.62,0.76
768305,0.2419,0.6948,-0.7576,10.74,4.19,-0.86
768385,0.2351,0.7095,-0.7419,10.09,2.43,0.05
768475,0.2261,0.6946,-0.7498,13.77,3.63,1.26
768555,0.2363,0.6794,-0.7585,13.07,5.03,-1.09
768635,0.2319,0.6997,-0.7529,13.47,4.77,-1.20
768725,0.2366,0.6936,-0.7454,13.73,5.68,-1.56
768805,0.2336,0.6973,-0.7612,12.97,4.66,-0.91
768885,0.2366,0.7046,-0.7480,12.96,5.28,-0.33
768975,0.2434,0.6914,-0.7454,12.20,5.20,0.27
769055,0.2410,0.6990,-0.7483,11.44,4.07,0.44
769135,0.2424,0.6885,-0.7490,12.70,4.04,0.80
769225,0.2527,0.6790,-0.7483,12.28,3.33,-0.65
769305,0.2473,0.7051,-0.7471,13.03,2.33,-1.66
769385,0.2388,0.6899,-0.7593,13.30,3.02,1.23
769475,0.2463,0.6941,-0.7422,11.68,3.13,-0.20
769555,0.2429,0.7012,-0.7483,11.27,1.19,0.13
769635,0.2417,0.6863,-0.7539,12.12,0.74,2.03
769725,0.2434,0.6958,-0.7427,11.24,2.34,0.29
769805,0.2400,0.6929,-0.7502,11.31,1.23,-0.07
769885,0.2280,0.6892,-0.7617,11.05,0.52,3.13
769975,0.2275,0.6948,-0.7463,10.41,3.36,1.98
770055,0.2397,0.6858,-0.7690,12.07,6.43,0.14
770135,0.2427,0.6982,-0.7478,13.49,8.20,-1.41
770225,0.2419,0.7056,-0.7236,12.34,5.96,-3.74
770305,0.2419,0.7104,-0.7488,12.69,1.90,-0.34
770385,0.2463,0.7036,-0.7563,10.36,2.81,0.90
770475,0.2471,0.7029,-0.7371,9.52,3.48,1.08
770555,0.2600,0.7087,-0.7361,7.60,1.27,0.93
770635,0.2410,0.6892,-0.7517,5.90,2.27,2.34
770725,0.2419,0.7034,-0.7354,8.94,0.68,2.13
770805,0.2524,0.7122,-0.7417,8.80,1.98,2.17
770885,0.2515,0.7144,-0.7229,9.49,1.66,1.51
770975,0.2463,0.7153,-0.7344,9.54,-0.97,4.51
771055,0.2417,0.6807,-0.7581,8.74,1.82,2.94
771135,0.2407,0.6831,-0.7371,9.77,1.84,-0.66
771225,0.2444,0.7205,-0.7349,13.69,4.98,-4.11
771305,0.2778,0.7395,-0.6970,12.77,2.38,-1.54
771385,0.2646,0.7209,-0.7222,12.74,-0.20,0.58
771475,0.2358,0.6809,-0.7620,12.09,0.37,-0.17
771555,0.2312,0.7102,-0.7585,14.52,-0.84,-0.78
771635,0.2322,0.7029,-0.7415,14.73,0.97,-1.55
771725,0.2388,0.6882,-0.7458,13.98,3.55,0.06
771805,0.2305,0.6760,-0.7617,12.84,3.67,1.94
771885,0.2417,0.6907,-0.7783,10.47,4.93,2.27
771975,0.2305,0.6934,-0.7427,8.64,4.95,1.63
772055,0.2439,0.7163,-0.7537,8.80,3.85,3.74
772135,0.2625,0.6843,-0.7600,7.30,6.97,3.05
772225,0.2505,0.6853,-0.7375,8.51,6.37,2.05
772305,0.2573,0.6970,-0.7471,8.72,6.11,-0.01
772385,0.2661,0.7087,-0.7344,9.54,5.58,-0.85
772475,0.2781,0.7114,-0.7109,10.83,3.00,-0.05
772555,0.2759,0.7161,-0.7180,11.23,0.48,1.04
772635,0.2688,0.7056,-0.7344,12.08,-0.45,1.03
772725,0.2585,0.6929,-0.7500,12.23,-0.54,1.65
772805,0.2454,0.6707,-0.7537,15.09,0.17,-0.34
772885,0.2705,0.6919,-0.7324,14.31,1.70,-5.32
772975,0.2449,0.6892,-0.7759,13.44,-0.29,-3.52
773055,0.2251,0.6914,-0.7664,11.85,7.15,-2.45
773135,0.2410,0.6875,-0.7502,10.66,6.05,-1.35
773225,0.2419,0.6829,-0.7605,9.89,1.39,-2.83
773305,0.1812,0.6663,-0.7712,11.88,-0.16,-11.38
773385,0.2734,0.8159,-0.6660,14.23,-2.55,-2.64
773475,0.2207,0.6562,-0.7407,16.14,-9.67,5.22
773555,0.2180,0.6787,-0.7849,9.66,-2.37,6.09
773635,0.2017,0.6409,-0.8503,9.88,-0.47,6.58
773725,0.2002,0.6626,-0.7634,8.76,8.62,0.10
773805,0.2065,0.6650,-0.7307,12.79,7.73,-4.46
773885,0.2271,0.6885,-0.7849,12.27,5.05,-2.50
773975,0.2397,0.7053,-0.7468,11.24,7.55,-4.98
774055,0.1948,0.7107,-0.7690,8.91,6.88,0.58
774135,0.2148,0.6902,-0.7522,6.34,7.07,3.16
774225,0.2378,0.7136,-0.7480,11.55,2.80,1.41
774305,0.2505,0.6812,-0.7546,13.47,4.24,2.55
774385,0.2532,0.6702,-0.7693,11.59,3.81,0.89
774475,0.2437,0.6692,-0.7700,12.63,6.12,-1.56
774555,0.2434,0.6860,-0.7515,12.08,6.30,-1.75
774635,0.2522,0.6875,-0.7500,10.88,4.55,-1.22
774725,0.2576,0.7004,-0.7454,10.48,3.47,-0.82
774805,0.2485,0.6853,-0.7507,11.87,0.40,1.20
774885,0.2515,0.6831,-0.7549,11.80,0.73,1.23
774975,0.2468,0.6824,-0.7507,12.01,-0.98,1.74
775055,0.2410,0.6721,-0.7654,11.29,1.10,1.38
775135,0.2375,0.6943,-0.7568,11.42,1.20,1.05
775225,0.2432,0.6890,-0.7666,11.64,3.02,0.60
775305,0.2375,0.6870,-0.7659,11.96,3.23,0.45
775385,0.2397,0.6902,-0.7651,11.48,3.29,-0.35
775475,0.2383,0.6863,-0.7578,11.31,3.79,-0.73
775555,0.2424,0.6824,-0.7590,11.88,3.58,0.68
775635,0.2424,0.6814,-0.7668,11.76,4.62,0.17
775725,0.2427,0.6819,-0.7539,11.34,4.20,0.20
775805,0.2451,0.6738,-0.7625,12.13,3.10,0.64
775885,0.2517,0.6755,-0.7590,11.59,3.15,-0.88
775975,0.2463,0.6760,-0.7573,11.49,2.11,0.09
776055,0.2432,0.6719,-0.7688,11.71,3.45,-0.15
776135,0.2444,0.6799,-0.7571,10.56,2.95,0.88
776225,0.2471,0.6724,-0.7722,9.23,3.64,0.52
776305,0.2498,0.6846,-0.7483,8.85,4.95,-0.42
776385,0.2551,0.6855,-0.7490,9.34,2.27,0.48
776475,0.2539,0.6858,-0.7522,9.59,2.28,-0.09
776555,0.2512,0.6812,-0.7507,9.93,2.09,-0.35
776635,0.2544,0.6838,-0.7585,10.26,0.59,-0.10
776725,0.2566,0.6934,-0.7515,10.27,1.09,-0.76
776805,0.2417,0.6892,-0.7544,10.16,0.53,-1.02
776885,0.2419,0.6917,-0.7544,9.80,0.87,-1.12
776975,0.2415,0.6985,-0.7524,9.75,-0.41,-0.18
777055,0.2385,0.6919,-0.7551,10.24,0.07,-0.13
777135,0.2339,0.6853,-0.7615,10.93,0.44,-0.08
777225,0.2312,0.6726,-0.7627,11.11,2.05,0.55
777305,0.2354,0.6848,-0.7637,11.09,3.05,0.14
777385,0.2454,0.6775,-0.7639,11.36,2.55,0.17
777475,0.2319,0.6841,-0.7603,10.33,2.54,-0.09
777555,0.2356,0.6794,-0.7664,10.37,2.12,0.36
777635,0.2363,0.6833,-0.7590,9.97,2.34,0.48
777725,0.2356,0.6807,-0.7644,10.07,2.55,0.87
777805,0.2400,0.6858,-0.7654,9.96,3.02,0.10
777885,0.2346,0.6775,-0.7612,10.03,2.72,0.45
777975,0.2410,0.6765,-0.7603,10.19,3.39,0.03
778055,0.2397,0.6843,-0.7488,9.84,3.15,1.05
778135,0.2412,0.6770,-0.7573,9.27,3.53,-0.05
778225,0.2415,0.6924,-0.7529,9.91,1.64,1.39
778305,0.2402,0.6770,-0.7634,10.60,1.77,1.10
778385,0.2400,0.6780,-0.7527,10.88,2.90,0.48
778475,0.2388,0.6711,-0.7720,11.68,2.55,0.55
778555,0.2358,0.6882,-0.7556,10.93,3.05,-0.34
778635,0.2385,0.6785,-0.7627,11.04,3.51,-0.52
778725,0.2363,0.6855,-0.7463,10.87,3.01,-0.10
778805,0.2402,0.6729,-0.7693,11.22,2.75,0.31
778885,0.2368,0.6809,-0.7588,11.28,2.16,0.41
778975,0.2363,0.6799,-0.7603,10.71,2.86,0.41
779055,0.2332,0.6782,-0.7688,10.62,3.66,0.14
779135,0.2397,0.6843,-0.7617,10.94,3.01,0.51
779225,0.2397,0.6802,-0.7644,11.32,3.29,0.20
779305,0.2415,0.6770,-0.7639,10.93,3.58,0.16
779385,0.2407,0.6750,-0.7605,11.06,2.98,0.37
779475,0.2373,0.6785,-0.7546,11.10,3.30,0.23
779557,0.2363,0.6755,-0.7617,10.89,3.52,0.09
779637,0.2402,0.6831,-0.7612,11.12,2.68,0.37
779725,0.2373,0.6790,-0.7620,10.99,3.42,0.02
779805,0.2380,0.6809,-0.7559,10.93,3.65,-0.05
779885,0.2417,0.6824,-0.7646,10.98,3.16,0.03
779975,0.2383,0.6807,-0.7576,11.07,3.15,-0.12
780055,0.2405,0.6824,-0.7585,10.63,2.66,0.09
780135,0.2400,0.6831,-0.7615,10.52,2.00,-0.07
780225,0.2341,0.6853,-0.7654,9.90,2.70,-0.25
780305,0.2405,0.6738,-0.7673,10.34,2.23,-0.03
780385,0.2371,0.6953,-0.7576,10.07,2.02,-0.27
780475,0.2339,0.6821,-0.7585,9.93,2.07,-0.25
780555,0.2393,0.6824,-0.7615,9.63,1.57,-0.33
780635,0.2332,0.6914,-0.7612,9.77,1.75,-0.38
780725,0.2297,0.6804,-0.7625,10.49,2.14,-0.57
780805,0.2314,0.6831,-0.7603,10.55,2.86,0.04
780885,0.2351,0.6877,-0.7527,11.12,3.20,-0.14
780975,0.2280,0.6882,-0.7598,10.57,3.81,-0.26
781055,0.2417,0.6841,-0.7705,10.38,2.59,0.45
781135,0.2297,0.6946,-0.7561,10.48,2.54,-0.10
781225,0.2317,0.6829,-0.7622,10.43,1.93,0.60
781305,0.2292,0.6836,-0.7654,10.58,1.24,1.28
781385,0.2249,0.6814,-0.7622,9.89,1.67,0.55
781475,0.2241,0.6841,-0.7646,10.31,2.40,0.56
781555,0.2263,0.6841,-0.7634,10.34,2.60,0.52
781635,0.2266,0.6860,-0.7607,10.00,3.20,0.40
781725,0.2275,0.6848,-0.7571,10.18,3.19,0.53
781805,0.2310,0.6904,-0.7505,10.26,3.27,0.77
781885,0.2314,0.6748,-0.7681,10.38,3.37,0.79
781975,0.2336,0.6858,-0.7600,11.07,2.70,1.24
782055,0.2327,0.6885,-0.7527,11.23,3.06,0.37
782135,0.2307,0.6899,-0.7522,10.89,3.87,0.10
782225,0.2341,0.6917,-0.7520,11.41,2.91,0.40
782305,0.2319,0.6907,-0.7542,11.11,3.81,0.28
782385,0.2307,0.6870,-0.7581,10.95,3.73,0.47
782475,0.2373,0.6831,-0.7620,10.83,3.34,0.79
782555,0.2412,0.6875,-0.7700,10.99,2.94,0.52
782635,0.2383,0.6868,-0.7620,11.46,3.11,0.69
782725,0.2344,0.6877,-0.7610,10.74,3.70,-0.37
782805,0.2380,0.6880,-0.7651,10.55,3.72,-0.31
782885,0.2388,0.6899,-0.7576,10.43,3.66,0.49
782975,0.2415,0.6873,-0.7515,10.44,3.61,0.86
783055,0.2407,0.6829,-0.7583,10.65,3.59,1.41
783135,0.2412,0.6924,-0.7517,10.25,3.53,0.90
783225,0.2417,0.6794,-0.7544,10.69,3.18,0.64
783305,0.2429,0.6843,-0.7515,11.02,3.94,0.21
783385,0.2405,0.6858,-0.7478,11.39,3.74,-0.08
783475,0.2451,0.6704,-0.7595,10.86,3.43,-0.07
783555,0.2427,0.6960,-0.7468,10.92,2.11,0.28
783635,0.2412,0.6868,-0.7532,10.52,1.93,0.52
783725,0.2415,0.6860,-0.7563,10.27,2.02,0.87
783805,0.2410,0.6853,-0.7573,10.85,1.84,0.92
783885,0.2405,0.6877,-0.7573,11.01,2.29,0.02
783975,0.2412,0.6865,-0.7603,10.90,2.84,-0.71
784055,0.2383,0.6902,-0.7549,10.92,2.82,-0.55
784135,0.2405,0.6941,-0.7637,10.44,2.64,-0.70
784225,0.2422,0.7021,-0.7546,10.12,1.95,0.45
784305,0.2344,0.6926,-0.7620,9.96,2.62,0.15
784385,0.2385,0.6919,-0.7502,9.76,3.27,-0.15
784475,0.2400,0.6895,-0.7568,10.63,2.35,-0.08
784555,0.2415,0.6873,-0.7529,10.60,3.26,-0.30
784635,0.2388,0.6895,-0.7517,10.80,2.70,-0.30
784725,0.2393,0.6890,-0.7490,10.33,2.95,-0.50
784805,0.2397,0.6904,-0.7522,10.92,2.95,0.22
784885,0.2393,0.6921,-0.7590,10.35,3.16,-0.20
784975,0.2412,0.6907,-0.7600,10.75,2.23,0.54
785055,0.2371,0.6880,-0.7605,10.46,2.51,0.34
785135,0.2390,0.6841,-0.7581,10.30,2.70,0.39
785225,0.2395,0.6914,-0.7620,10.77,2.58,0.89
785305,0.2375,0.6873,-0.7561,10.59,3.04,0.62
785385,0.2402,0.6877,-0.7629,10.52,2.66,0.45
785475,0.2385,0.6870,-0.7561,10.84,3.21,0.48
785555,0.2410,0.6870,-0.7585,10.62,3.12,0.61
785635,0.2417,0.6895,-0.7639,10.59,2.73,0.67
785725,0.2422,0.6941,-0.7532,10.65,2.98,0.98
785805,0.2407,0.6924,-0.7542,10.64,2.84,0.51
785885,0.2410,0.6870,-0.7585,10.56,2.30,1.00
785975,0.2415,0.6943,-0.7532,10.57,2.79,1.23
786055,0.2412,0.6848,-0.7561,10.71,4.00,0.51
786135,0.2424,0.6855,-0.7532,10.12,3.42,-0.13
786225,0.2449,0.6897,-0.7542,10.10,2.70,-0.69
786305,0.2422,0.6863,-0.7510,10.20,3.28,-1.18
786385,0.2466,0.6934,-0.7458,11.15,2.40,0.41
786475,0.2563,0.7029,-0.7566,11.88,3.21,1.18
786555,0.2415,0.6833,-0.7466,10.45,3.02,0.05
786635,0.2417,0.6960,-0.7461,10.02,2.78,0.78
786725,0.2502,0.6934,-0.7576,9.72,0.77,0.23
786805,0.2368,0.6946,-0.7632,9.98,0.79,1.07
786885,0.2358,0.6731,-0.7520,11.29,3.05,1.15
786975,0.2410,0.6785,-0.7588,10.40,0.91,-1.34
787055,0.2410,0.6958,-0.7603,9.86,1.79,-1.05
787135,0.2314,0.6951,-0.7520,12.07,2.41,0.58
787225,0.2397,0.6909,-0.7444,10.63,1.58,0.07
787305,0.2339,0.6914,-0.7598,9.98,0.74,0.19
787385,0.2319,0.6958,-0.7581,10.64,1.73,0.98
787475,0.2300,0.6882,-0.7571,11.33,1.41,1.52
787555,0.2332,0.6848,-0.7612,10.45,3.52,0.75
787635,0.2334,0.6924,-0.7573,10.31,3.64,0.50
787725,0.2378,0.6917,-0.7537,10.31,3.80,0.79
787805,0.2383,0.6985,-0.7554,10.42,4.38,0.74
787885,0.2434,0.6819,-0.7439,10.40,2.80,0.98
787975,0.2393,0.6956,-0.7581,10.01,3.13,1.02
788055,0.2478,0.6865,-0.7563,11.03,4.08,1.66
788135,0.2476,0.6812,-0.7556,10.68,2.95,0.52
788225,0.2410,0.6943,-0.7449,10.32,3.73,0.47
788305,0.2473,0.6907,-0.7454,11.26,3.45,1.05
788385,0.2485,0.6890,-0.7493,10.32,2.44,0.05
788602,0.2454,0.6892,-0.7498,10.47,2.95,0.08
788687,0.2478,0.6970,-0.7507,10.49,2.46,-0.14
788767,0.2473,0.7012,-0.7410,10.85,2.34,0.30
788847,0.2410,0.6941,-0.7571,10.98,2.12,0.12
788937,0.2407,0.6904,-0.7522,10.96,2.20,0.62
789017,0.2415,0.6902,-0.7559,11.02,2.70,0.11
789097,0.2412,0.6973,-0.7495,10.91,2.91,-0.25
789187,0.2402,0.6956,-0.7534,10.88,2.93,-0.24
789267,0.2415,0.6982,-0.7458,10.75,2.94,0.16
789347,0.2412,0.6965,-0.7495,10.80,2.73,0.02
789437,0.2407,0.6938,-0.7488,11.17,2.80,0.61
789517,0.2415,0.6941,-0.7466,10.80,3.17,0.64
789597,0.2410,0.6890,-0.7534,10.69,3.26,-0.38
789687,0.2415,0.6938,-0.7539,11.09,3.24,0.23
789767,0.2415,0.6992,-0.7439,10.68,3.16,0.33
789847,0.2437,0.6943,-0.7463,10.95,3.16,0.37
789937,0.2424,0.6963,-0.7458,11.02,3.38,0.03
790017,0.2412,0.6956,-0.7515,11.39,2.91,0.05
790097,0.2419,0.6921,-0.7483,11.02,3.09,-0.51
790187,0.2412,0.6892,-0.7483,11.07,2.48,-0.70
790267,0.2415,0.6978,-0.7468,10.45,3.14,-0.68
790347,0.2415,0.6882,-0.7524,10.56,2.89,-0.66
790437,0.2407,0.6975,-0.7485,10.45,2.48,-0.34
790517,0.2405,0.6946,-0.7495,10.55,2.14,0.23
790597,0.2417,0.6929,-0.7500,10.48,2.58,-0.19
790687,0.2415,0.6943,-0.7512,10.42,2.73,0.02
790767,0.2412,0.6943,-0.7502,10.18,2.55,0.11
790847,0.2415,0.6912,-0.7502,10.67,2.80,0.15
790937,0.2405,0.6929,-0.7566,9.99,3.30,0.02
791017,0.2427,0.6965,-0.7488,10.70,3.41,0.13
791097,0.2412,0.6970,-0.7490,10.12,2.55,-0.34
791187,0.2363,0.6907,-0.7517,9.36,2.16,-0.97
791267,0.2388,0.7090,-0.7476,9.40,0.58,-0.71
791347,0.2415,0.7007,-0.7405,9.84,0.31,-0.38
791437,0.2368,0.6980,-0.7600,11.21,0.83,1.78
791517,0.2258,0.7029,-0.7610,11.62,4.65,1.34
791597,0.2263,0.7085,-0.7297,13.77,5.52,1.45
791687,0.2493,0.6763,-0.7571,9.13,1.23,-0.10
791767,0.2363,0.6982,-0.7544,9.60,4.09,-0.12
791847,0.2393,0.7039,-0.7610,14.04,2.20,1.91
791937,0.2385,0.6833,-0.7383,12.53,2.09,-0.18
792017,0.2417,0.7112,-0.7410,14.73,0.76,1.69
792097,0.2407,0.6890,-0.7817,13.58,1.97,1.63
792187,0.2295,0.6826,-0.7593,11.62,3.32,-0.92
792267,0.2271,0.6724,-0.7615,11.26,2.41,-0.38
792347,0.2361,0.6890,-0.7610,11.36,2.47,0.68
792437,0.2385,0.7166,-0.7437,12.66,1.32,2.02
792517,0.2422,0.7085,-0.7419,14.68,-7.39,9.18
792597,0.2332,0.6270,-0.8159,10.77,-10.28,9.98
792687,0.2222,0.6494,-0.7502,6.58,-3.78,3.43
792767,0.2246,0.6636,-0.7766,6.73,-0.40,2.56
792847,0.2202,0.6772,-0.7866,8.72,3.04,1.76
792937,0.2283,0.6746,-0.7549,9.76,3.16,-0.27
793017,0.2236,0.6858,-0.7629,8.04,5.62,-1.66
793097,0.2349,0.6953,-0.7861,10.54,5.94,-2.20
793187,0.2332,0.6760,-0.7773,10.12,7.41,-1.10
793267,0.2341,0.6946,-0.7375,8.34,5.67,-0.56
793347,0.2400,0.6882,-0.7585,9.32,6.03,-0.23
793437,0.2419,0.7012,-0.7390,10.22,4.93,-0.45
793517,0.2417,0.6931,-0.7361,11.18,3.07,0.48
793597,0.2451,0.6814,-0.7578,11.48,2.06,0.63
793687,0.2437,0.6946,-0.7456,11.15,1.31,0.20
793767,0.2415,0.6931,-0.7515,11.29,0.74,0.62
793847,0.2395,0.6926,-0.7600,10.46,1.42,0.30
793937,0.2397,0.6919,-0.7593,10.58,2.49,0.05
794017,0.2339,0.6963,-0.7476,11.05,2.95,-1.19
794097,0.2290,0.6875,-0.7544,11.38,3.61,-1.80
794187,0.2354,0.6978,-0.7498,10.97,3.85,-2.77
794267,0.2288,0.7029,-0.7461,10.77,3.60,-2.37
794347,0.2285,0.7012,-0.7600,10.95,3.37,-1.38
794437,0.2295,0.7021,-0.7539,10.56,2.92,-0.46
794517,0.2275,0.6926,-0.7556,9.80,3.59,-1.45
794597,0.2219,0.6943,-0.7576,8.55,3.60,-2.81
794687,0.2117,0.7051,-0.7415,6.16,2.52,-6.50
794767,0.2209,0.7271,-0.7466,3.35,1.48,-8.49
794847,0.2400,0.7300,-0.7170,5.45,-1.76,-5.36
794937,0.2039,0.7393,-0.7249,8.41,-5.81,-2.21
795017,0.1931,0.7129,-0.7402,11.28,-4.45,-0.61
795097,0.1804,0.7051,-0.7542,13.11,-5.20,1.33
795187,0.1770,0.6960,-0.7512,12.05,0.51,0.14
795267,0.1831,0.7068,-0.7500,11.16,1.68,-0.75
795347,0.1790,0.7329,-0.7410,11.04,1.99,-0.55
795437,0.1782,0.7283,-0.7290,10.97,2.57,0.25
795517,0.1768,0.7307,-0.7297,11.78,0.62,1.86
795597,0.1689,0.7222,-0.7427,11.34,0.45,1.49
795687,0.1692,0.7175,-0.7422,11.11,0.37,1.55
795767,0.1633,0.7114,-0.7405,11.19,1.47,0.09
795847,0.1685,0.7195,-0.7424,11.30,2.57,-0.68
795937,0.1680,0.7285,-0.7393,11.72,2.93,-0.63
796017,0.1650,0.7241,-0.7417,12.99,3.08,0.61
796097,0.1719,0.7231,-0.7512,12.09,3.23,0.55
796187,0.1665,0.7207,-0.7393,11.91,3.14,1.36
796267,0.1716,0.7102,-0.7515,11.54,3.34,0.47
796347,0.1707,0.7124,-0.7444,11.24,3.83,0.24
796437,0.1809,0.7104,-0.7451,12.03,3.25,0.55
796517,0.1792,0.7148,-0.7444,11.77,4.02,0.17
796597,0.1804,0.7102,-0.7478,12.45,2.88,0.43
796687,0.1826,0.7166,-0.7422,11.60,3.39,0.68
796770,0.1814,0.7139,-0.7507,11.68,3.38,1.48
796850,0.1868,0.7202,-0.7410,10.94,3.94,0.19
796937,0.1877,0.7153,-0.7505,10.56,4.02,0.04
797017,0.1833,0.7234,-0.7498,10.75,3.71,1.08
797097,0.1877,0.7119,-0.7407,10.48,4.38,1.22
797187,0.1921,0.7180,-0.7432,10.52,3.72,1.58
797267,0.1907,0.7249,-0.7427,10.84,3.67,1.34
797347,0.1990,0.7258,-0.7354,10.86,3.21,1.03
797437,0.2002,0.7214,-0.7393,11.03,3.37,1.41
797517,0.2092,0.7126,-0.7598,10.36,3.73,0.76
797597,0.2048,0.7180,-0.7190,9.71,4.06,-1.09
797687,0.2039,0.7104,-0.7341,12.47,1.65,-0.34
797767,0.1931,0.7434,-0.7332,12.83,3.10,-1.66
797847,0.1960,0.7209,-0.7422,14.41,2.06,0.06
797937,0.2002,0.7114,-0.7483,12.96,2.80,1.36
798017,0.1909,0.7092,-0.7437,12.12,4.22,1.25
798097,0.2041,0.7202,-0.7537,12.37,5.02,1.44
798187,0.2097,0.7036,-0.7510,11.95,6.37,0.81
798267,0.2126,0.7104,-0.7407,12.48,5.71,1.06
798347,0.2214,0.7119,-0.7483,12.55,5.76,-0.42
798437,0.2192,0.7070,-0.7463,12.81,4.55,-0.27
798517,0.2212,0.7124,-0.7441,12.61,3.64,-0.70
798597,0.2249,0.6929,-0.7600,11.15,1.64,0.71
798687,0.2290,0.7012,-0.7563,9.54,3.75,0.36
798767,0.2283,0.6982,-0.7502,8.43,2.68,0.84
798847,0.2290,0.7024,-0.7451,5.64,0.42,2.38
798937,0.2202,0.7163,-0.7341,0.50,0.35,1.69
799017,0.2053,0.7480,-0.7329,-1.99,2.43,3.74
799097,0.2134,0.7478,-0.7795,-2.70,6.96,4.09
799187,0.2158,0.7849,-0.6506,-4.04,13.12,-0.83
799267,0.2473,0.7097,-0.7219,-5.57,9.48,-1.14
799347,0.2554,0.7930,-0.6245,-4.68,11.27,-6.27
799437,0.2498,0.8174,-0.6006,1.18,6.75,-5.83
799517,0.2576,0.8369,-0.6338,3.61,4.48,-3.79
799597,0.2468,0.8352,-0.6152,5.62,2.98,-3.37
799687,0.2358,0.8411,-0.6228,14.65,4.16,-0.27
799767,0.2449,0.7935,-0.6340,15.70,5.23,-3.20
799847,0.2402,0.7942,-0.6208,17.20,3.69,-5.24
799937,0.2329,0.8286,-0.6194,15.62,3.77,-6.15
800017,0.2124,0.8535,-0.6223,13.79,-0.48,-4.46
800097,0.2024,0.8401,-0.6587,12.99,-1.16,0.16
800187,0.1973,0.8049,-0.6492,14.22,-3.30,0.97
800267,0.1929,0.7849,-0.6658,16.13,-0.66,1.16
800347,0.2021,0.7927,-0.6641,18.23,1.79,1.94
800437,0.2002,0.7881,-0.6775,18.99,4.51,1.91
800517,0.2092,0.7925,-0.6421,20.70,6.02,2.12
800597,0.1926,0.8186,-0.6860,24.40,5.12,5.55
800687,0.2087,0.7681,-0.7163,22.80,3.93,10.71
800767,0.2073,0.7664,-0.6978,21.67,3.06,5.16
800847,0.2185,0.7371,-0.7393,15.95,4.35,0.08
800937,0.2229,0.7268,-0.7048,11.48,1.72,-4.17
801017,0.2166,0.7368,-0.7400,9.91,-0.74,-5.93
801097,0.2126,0.7544,-0.7192,6.72,-2.42,-6.63
801187,0.2153,0.7556,-0.6909,4.23,-6.90,-4.27
801267,0.2046,0.7712,-0.6985,2.58,-3.77,-4.77
801347,0.1902,0.7659,-0.6948,7.30,-5.09,-1.38
801437,0.1914,0.7634,-0.6975,8.73,-2.76,-1.30
801517,0.1614,0.7585,-0.6963,6.48,-1.68,-5.71
801597,0.1638,0.7644,-0.6904,4.86,-2.67,-5.90
801687,0.1492,0.7983,-0.6885,4.89,-1.56,-4.44
801767,0.1428,0.8125,-0.6682,8.30,2.36,-1.56
801847,0.1523,0.7896,-0.6716,11.99,3.52,1.10
801937,0.1355,0.7874,-0.6572,11.68,1.84,-0.53
802017,0.1316,0.7913,-0.6738,10.43,0.45,-2.16
802097,0.1313,0.8232,-0.6743,9.91,1.21,-1.70
802187,0.1221,0.7959,-0.6851,10.80,2.08,0.34
802267,0.1218,0.8049,-0.6760,11.46,2.09,0.50
802347,0.1355,0.7783,-0.6743,12.30,2.70,-0.38
802437,0.1260,0.7888,-0.6755,12.57,3.39,-1.06
802517,0.1255,0.7913,-0.6846,12.98,4.38,-0.84
802597,0.1301,0.7915,-0.6741,11.88,4.98,-1.70
802687,0.1226,0.8093,-0.6768,11.23,2.75,-1.56
802767,0.1260,0.7964,-0.6753,11.35,2.68,-0.55
802847,0.1248,0.7871,-0.6848,11.60,1.48,-0.06
802937,0.1196,0.7925,-0.6919,11.29,1.50,0.66
803017,0.1155,0.7881,-0.6819,10.06,2.48,-0.84
803097,0.1125,0.7979,-0.6855,9.01,4.61,-0.96
803187,0.1104,0.8005,-0.6846,11.62,6.74,1.77
803267,0.1230,0.8069,-0.6821,14.97,10.54,4.26
803347,0.1460,0.7986,-0.6699,18.40,9.77,6.05
803437,0.1567,0.7812,-0.6885,19.65,8.16,6.68
803517,0.1763,0.7559,-0.7202,15.47,7.87,4.72
803597,0.1814,0.7651,-0.6860,12.85,5.62,1.92
803687,0.1841,0.7859,-0.6946,12.45,1.90,1.34
803767,0.1782,0.7671,-0.6936,11.83,2.38,0.27
803847,0.1787,0.7634,-0.6978,11.02,2.10,-0.26
803937,0.1772,0.7651,-0.7039,11.41,2.09,0.24
804017,0.1760,0.7556,-0.7070,11.23,2.06,-0.21
804097,0.1794,0.7644,-0.7065,10.92,2.75,-0.34
804187,0.1775,0.7678,-0.7053,11.48,2.80,-0.45
804267,0.1731,0.7581,-0.7002,10.97,2.45,-0.30
804347,0.1729,0.7588,-0.7002,10.73,2.32,-0.08
804437,0.1702,0.7551,-0.7144,10.28,2.19,-0.68
804517,0.1772,0.7556,-0.7063,9.54,1.25,-0.71
804597,0.1709,0.7615,-0.6956,9.27,0.59,-1.02
804687,0.1648,0.7668,-0.7017,9.48,0.84,0.30
804767,0.1663,0.7632,-0.7043,10.20,0.71,1.16
804847,0.1694,0.7629,-0.7017,10.18,1.91,0.39
804937,0.1716,0.7568,-0.7021,9.88,1.93,-0.02
805017,0.1672,0.7678,-0.7007,9.58,3.55,-1.23
805097,0.1711,0.7676,-0.6929,10.08,4.48,-0.67
805187,0.1719,0.7722,-0.6987,10.05,3.00,-0.08
805267,0.1636,0.7727,-0.6924,10.66,1.70,0.49
805347,0.1704,0.7756,-0.6899,10.93,1.48,0.77
805437,0.1682,0.7712,-0.6975,11.60,1.04,0.41
805517,0.1580,0.7695,-0.6973,11.77,0.66,0.14
805597,0.1580,0.7754,-0.6982,12.41,1.01,-0.01
805687,0.1658,0.7742,-0.7043,12.67,0.76,0.75
805767,0.1594,0.7681,-0.7034,12.80,1.52,0.45
805847,0.1594,0.7642,-0.7068,12.83,2.42,-0.38
805937,0.1631,0.7637,-0.7056,12.44,2.67,-0.37
806017,0.1597,0.7622,-0.7009,12.67,2.39,-0.38
806097,0.1663,0.7578,-0.7048,12.59,2.10,-0.15
806187,0.1658,0.7610,-0.7043,12.30,1.92,0.00
806267,0.1643,0.7605,-0.7087,12.32,1.87,0.13
806347,0.1646,0.7527,-0.7107,12.22,1.99,-0.03
806437,0.1626,0.7554,-0.7029,11.98,1.43,-0.16
806517,0.1562,0.7576,-0.7129,11.64,2.29,-1.23
806597,0.1599,0.7598,-0.7107,11.66,1.78,-0.61
806687,0.1580,0.7576,-0.7109,12.04,1.31,-0.22
806767,0.1558,0.7566,-0.7090,11.71,0.92,0.08
806847,0.1577,0.7583,-0.7107,11.82,0.87,0.02
806937,0.1528,0.7617,-0.7078,11.85,0.79,-0.02
807017,0.1536,0.7615,-0.7100,12.07,0.95,0.26
807097,0.1436,0.7595,-0.7065,12.25,0.98,0.54
807187,0.1550,0.7549,-0.7136,11.76,2.23,-0.17
807267,0.1528,0.7571,-0.7129,11.67,2.30,0.15
807347,0.1504,0.7598,-0.7126,12.23,2.15,0.91
807437,0.1570,0.7502,-0.7161,12.31,1.97,0.87
807517,0.1528,0.7510,-0.7144,11.49,-0.02,0.17
807597,0.1509,0.7537,-0.7139,11.34,0.56,0.09
807687,0.1501,0.7551,-0.7202,9.70,2.59,-0.38
807767,0.1672,0.7610,-0.7043,9.88,1.79,-1.83
807847,0.1707,0.7761,-0.6921,10.49,-2.30,-4.16
807937,0.1301,0.7729,-0.7092,18.06,-7.37,-5.57
808017,0.1357,0.7900,-0.6875,27.91,-8.98,-7.64
808097,0.1011,0.7397,-0.7034,31.90,-19.78,-2.37
808187,0.0483,0.7332,-0.7634,31.43,-21.55,2.58
808267,0.0261,0.6804,-0.8040,23.36,-16.63,3.13
808347,-0.0115,0.6479,-0.8254,13.12,-6.31,1.34
808437,0.0042,0.6787,-0.7681,16.27,-1.17,-0.10
808517,0.0378,0.6665,-0.7961,17.63,-3.48,-0.15
808597,0.0205,0.6562,-0.8037,14.67,-0.02,-2.95
808687,0.0110,0.6724,-0.7947,15.55,1.86,-1.71
808767,0.0098,0.6567,-0.8027,12.83,2.91,-2.77
808847,0.0093,0.6663,-0.7808,12.00,2.12,-1.72
808937,-0.0037,0.6626,-0.8130,12.37,2.97,-1.19
809017,-0.0117,0.6702,-0.8015,12.51,3.32,0.01
809097,0.0024,0.6641,-0.8164,10.12,3.54,1.59
809187,-0.0044,0.6653,-0.7881,11.66,7.83,-0.12
809267,0.0103,0.6660,-0.8130,13.48,3.84,-0.52
809347,0.0125,0.6733,-0.7979,11.65,3.07,-1.41
809437,0.0061,0.6477,-0.8057,12.20,3.34,-0.12
809517,0.0107,0.6628,-0.8076,11.94,4.44,-0.13
809597,0.0063,0.6646,-0.7986,12.03,5.25,-1.17
809687,0.0137,0.6819,-0.7793,12.57,5.41,0.10
809767,0.0242,0.6824,-0.8096,12.23,5.85,1.37
809847,0.0205,0.6506,-0.8081,12.12,4.02,1.88
809937,0.0181,0.6445,-0.7942,11.22,5.06,0.54
810017,0.0217,0.6506,-0.8030,11.54,4.85,-0.09
810097,0.0315,0.6729,-0.8032,11.73,5.90,-0.46
810187,0.0286,0.6687,-0.8105,11.71,5.13,0.09
810267,0.0276,0.6731,-0.8025,12.72,3.38,1.77
810347,0.0344,0.6567,-0.8096,12.25,2.48,1.88
810437,0.0325,0.6494,-0.8152,11.05,2.64,1.52
810517,0.0361,0.6626,-0.8145,10.20,4.30,0.55
810597,0.0388,0.6658,-0.8059,10.79,3.75,0.02
810687,0.0376,0.6672,-0.7983,11.69,3.69,-0.62
810767,0.0315,0.6655,-0.7817,10.88,4.07,-0.79
810847,0.0422,0.6702,-0.7949,11.53,3.46,-0.02
810937,0.0364,0.6733,-0.7822,11.23,3.01,0.81
811017,0.0383,0.6687,-0.8057,11.77,2.27,1.93
811097,0.0422,0.6746,-0.7942,11.50,2.42,1.96
811187,0.0422,0.6680,-0.8003,12.03,3.70,1.71
811267,0.0408,0.6653,-0.7947,11.84,3.85,1.15
811347,0.0410,0.6794,-0.7729,12.00,3.91,0.49
811437,0.0405,0.6377,-0.8130,8.61,-1.62,5.78
811517,0.0674,0.6826,-0.7874,4.72,1.06,7.09
811597,0.0669,0.6680,-0.8025,2.28,1.92,10.53
811687,0.0369,0.6577,-0.8340,-3.80,14.31,8.57
811767,0.0479,0.7058,-0.7649,0.23,25.76,1.41
811847,0.1106,0.7654,-0.7158,10.66,24.09,1.08
811937,0.1440,0.7061,-0.7832,13.46,20.01,3.22
812017,0.1667,0.7539,-0.6714,9.41,17.17,4.18
812097,0.1829,0.7439,-0.7559,11.60,6.48,10.92
812187,0.1860,0.7202,-0.7556,8.38,9.23,8.45
812267,0.1912,0.7061,-0.7231,9.26,6.21,6.05
812347,0.1985,0.7151,-0.7388,9.41,3.56,4.46
812437,0.2083,0.7207,-0.7422,11.42,3.77,1.86
812517,0.2158,0.7346,-0.7329,12.35,2.23,0.70
812597,0.2131,0.7153,-0.7307,11.59,1.22,-0.59
812682,0.2083,0.7192,-0.7314,11.62,0.52,0.20
812762,0.2095,0.7185,-0.7371,12.59,2.17,0.83
812842,0.2085,0.7192,-0.7441,12.78,2.44,1.56
812931,0.2107,0.7170,-0.7400,13.03,2.05,2.17
813011,0.2222,0.7124,-0.7515,12.57,2.48,1.20
813091,0.2151,0.7124,-0.7439,9.36,3.09,-1.61
813181,0.2097,0.7095,-0.7388,10.78,0.14,-0.32
813261,0.2153,0.7217,-0.7622,8.88,0.62,-1.23
813341,0.2097,0.7124,-0.7380,6.52,0.64,-4.80
813431,0.1709,0.7659,-0.7200,10.62,-2.66,-2.23
813511,0.2065,0.7202,-0.7195,15.77,-4.01,5.62
813591,0.1821,0.6907,-0.7554,10.95,-2.59,2.77
813681,0.1738,0.7170,-0.7532,7.63,1.25,0.86
813761,0.1741,0.6885,-0.7451,7.25,7.20,-1.19
813841,0.1938,0.7305,-0.7266,9.72,5.67,0.40
813931,0.2004,0.7354,-0.7319,9.10,7.03,-0.66
814011,0.1970,0.7202,-0.7229,10.09,3.87,-2.12
814091,0.1953,0.7344,-0.7256,11.39,1.84,-0.09
814181,0.1868,0.7407,-0.7219,10.59,2.39,2.37
814261,0.1958,0.7170,-0.7385,10.41,3.38,1.33
814341,0.2065,0.7354,-0.7383,13.31,1.20,-0.24
814431,0.1995,0.7039,-0.7400,11.96,-0.88,-0.27
814511,0.1765,0.7468,-0.7366,9.67,-0.33,-0.70
814591,0.1560,0.7339,-0.7627,9.20,3.46,4.88
814683,0.1885,0.7275,-0.7595,10.69,7.02,5.02
814763,0.2048,0.7185,-0.7319,9.70,2.74,8.06
814843,0.2085,0.6965,-0.7334,10.90,5.44,3.66
814933,0.2144,0.7166,-0.7229,13.13,4.91,-0.34
815013,0.2148,0.7161,-0.7456,13.12,3.08,-0.89
815093,0.2239,0.7231,-0.7354,12.77,5.66,0.48
815183,0.2461,0.7327,-0.7185,10.24,5.38,1.00
815263,0.2249,0.7263,-0.7168,8.16,5.38,1.10
815343,0.2256,0.7361,-0.7253,10.55,4.12,2.46
815433,0.2275,0.7288,-0.7280,9.85,3.52,2.77
815513,0.2324,0.7175,-0.7280,10.51,2.93,2.80
815593,0.2415,0.7249,-0.7197,9.20,3.20,0.53
815683,0.2344,0.7310,-0.7302,8.84,3.27,-2.61
815763,0.2358,0.7344,-0.6794,11.77,1.76,-3.50
815843,0.2356,0.7214,-0.7390,15.42,-2.38,-1.02
815933,0.2300,0.7466,-0.7122,14.84,1.95,-1.38
816013,0.2251,0.7156,-0.7515,12.29,1.94,0.12
816093,0.2244,0.7334,-0.7234,12.04,1.38,0.20
816183,0.2095,0.7327,-0.7407,12.73,1.12,-1.42
816263,0.2039,0.7253,-0.7334,11.63,3.16,-2.59
816343,0.2141,0.7163,-0.7336,10.94,2.52,-1.13
816433,0.2114,0.7229,-0.7444,10.98,2.66,0.00
816513,0.2102,0.7107,-0.7407,12.09,2.48,-0.25
816593,0.2122,0.7156,-0.7319,12.52,1.91,0.21
816683,0.2000,0.7214,-0.7476,12.38,3.01,1.06
816763,0.2056,0.7109,-0.7542,10.43,3.68,1.48
816843,0.2053,0.7090,-0.7471,10.14,3.89,1.95
816933,0.2090,0.7068,-0.7363,11.35,6.97,-2.29
817013,0.1973,0.7327,-0.7454,14.30,8.19,-5.50
817093,0.2390,0.7610,-0.7078,17.38,3.35,1.89
817183,0.2314,0.6904,-0.7432,13.28,3.39,4.74
817263,0.2410,0.7046,-0.7385,10.30,1.86,6.26
817343,0.2188,0.6694,-0.7700,9.52,2.70,1.26
817433,0.2168,0.7197,-0.7444,12.11,3.95,-2.62
817513,0.2107,0.7131,-0.7539,12.37,6.28,-1.04
817593,0.2258,0.7161,-0.7397,11.02,6.77,-0.50
817683,0.2317,0.7227,-0.7317,12.08,2.64,0.93
817763,0.2256,0.7134,-0.7354,11.73,3.36,1.35
817843,0.2271,0.7007,-0.7485,11.10,2.24,2.22
817933,0.2263,0.7090,-0.7419,10.71,3.54,1.86
818013,0.2285,0.7000,-0.7427,11.39,4.41,0.49
818093,0.2334,0.7078,-0.7463,11.71,3.51,0.63
818183,0.2322,0.7141,-0.7344,11.74,4.27,0.51
818263,0.2280,0.7095,-0.7361,12.27,3.70,-0.07
818343,0.2336,0.7283,-0.7075,14.34,4.70,-1.74
818433,0.2478,0.7363,-0.7214,14.69,-4.48,2.14
818513,0.2292,0.7075,-0.7529,11.13,-7.60,4.79
818593,0.2036,0.6792,-0.7595,10.66,-3.64,3.88
818816,0.2102,0.7009,-0.7771,12.83,1.30,-0.30
818902,0.2151,0.6807,-0.7546,12.64,1.88,0.25
818982,0.2153,0.6931,-0.7588,11.39,2.89,0.16
819062,0.2217,0.6987,-0.7485,11.58,4.04,1.65
819151,0.2251,0.6921,-0.7620,12.29,2.80,2.79
819231,0.2178,0.6780,-0.7571,11.21,3.41,2.98
819311,0.2185,0.6755,-0.7537,10.63,2.03,3.38
819401,0.2229,0.6760,-0.7671,9.89,1.88,2.30
819481,0.2253,0.6797,-0.7551,9.97,3.20,0.80
819561,0.2202,0.6748,-0.7622,9.87,2.76,0.54
819651,0.2273,0.6787,-0.7700,10.25,3.26,-0.33
819731,0.2273,0.6824,-0.7588,10.44,2.97,-0.92
819811,0.2249,0.6902,-0.7478,10.34,2.95,-0.93
819901,0.2241,0.6978,-0.7515,10.06,1.95,0.62
819981,0.2224,0.6929,-0.7588,9.82,1.42,0.73
820061,0.2209,0.6897,-0.7507,10.16,0.30,1.40
820151,0.2070,0.6875,-0.7500,9.97,0.20,1.10
820231,0.2166,0.6953,-0.7554,9.60,0.87,1.24
820311,0.1995,0.6946,-0.7478,10.32,0.90,0.86
820401,0.2051,0.7087,-0.7627,12.67,1.67,3.00
820481,0.2224,0.6899,-0.7795,11.32,3.05,2.59
820561,0.2146,0.6753,-0.7585,10.79,3.57,0.77
820651,0.2178,0.6851,-0.7488,12.30,2.11,1.13
820731,0.2249,0.6824,-0.7888,10.97,3.77,-0.30
820811,0.2251,0.6890,-0.7498,10.98,4.53,0.14
820903,0.2249,0.6865,-0.7595,11.02,3.60,-0.68
820983,0.2258,0.6880,-0.7668,11.20,3.05,-0.15
821063,0.2263,0.6895,-0.7612,11.25,1.22,0.27
821153,0.2197,0.6790,-0.7622,10.18,1.71,0.41
821233,0.2163,0.6877,-0.7617,10.06,0.46,0.05
821313,0.2148,0.6899,-0.7573,10.77,0.29,1.23
821403,0.2173,0.6921,-0.7666,10.50,1.09,0.87
821483,0.2117,0.6831,-0.7612,10.40,1.60,0.13
821563,0.2136,0.6892,-0.7629,10.28,2.51,-0.52
821653,0.2092,0.6938,-0.7593,10.67,2.18,-0.30
821733,0.2087,0.6953,-0.7588,10.95,3.05,0.45
821813,0.2095,0.6836,-0.7722,10.53,2.53,0.51
821903,0.2129,0.6829,-0.7527,10.24,3.24,0.15
821983,0.2185,0.6882,-0.7568,10.34,2.21,0.45
822063,0.2126,0.6768,-0.7595,10.84,2.72,0.41
822153,0.2214,0.6826,-0.7703,10.30,1.95,0.08
822233,0.2141,0.6890,-0.7568,10.20,2.96,-0.33
822313,0.2141,0.6875,-0.7686,10.55,1.77,0.07
822403,0.2117,0.6902,-0.7607,9.98,1.19,0.88
822483,0.2207,0.6951,-0.7576,10.26,2.05,0.43
822563,0.2075,0.6858,-0.7642,10.10,2.24,0.52
822653,0.2021,0.6921,-0.7542,10.43,1.84,-0.13
822733,0.2004,0.6926,-0.7588,10.79,2.04,-0.19
822813,0.2070,0.7034,-0.7703,11.46,1.91,0.42
822903,0.2065,0.7000,-0.7607,11.19,3.33,0.57
822983,0.2075,0.7021,-0.7581,11.52,3.50,0.85
823063,0.2109,0.6926,-0.7681,10.92,4.09,0.84
823153,0.2104,0.6848,-0.7637,9.59,4.50,-0.19
823233,0.2205,0.6855,-0.7490,10.78,2.92,0.48
823313,0.2239,0.6953,-0.7515,10.62,3.30,0.08
823403,0.2134,0.6975,-0.7473,12.70,2.28,1.42
823483,0.2180,0.6926,-0.7629,10.62,3.59,0.13
823563,0.2158,0.6863,-0.7573,9.88,2.93,-1.73
823653,0.2083,0.6895,-0.7549,9.76,1.55,-2.14
823733,0.2156,0.7019,-0.7588,9.71,2.07,-1.56
823813,0.2063,0.7021,-0.7515,9.45,2.77,-2.05
823903,0.2012,0.6948,-0.7471,9.95,1.69,-1.08
823983,0.1980,0.7024,-0.7542,9.70,1.85,-0.92
824063,0.2004,0.7046,-0.7625,10.64,1.97,-0.34
824153,0.1965,0.7095,-0.7588,9.62,3.16,-1.37
824233,0.1926,0.7073,-0.7427,10.94,3.28,-0.69
824313,0.2085,0.7109,-0.7627,13.02,2.40,2.19
824403,0.2024,0.6897,-0.7471,12.56,3.23,1.25
824483,0.2034,0.6912,-0.7522,10.26,3.06,0.66
824563,0.1995,0.7017,-0.7637,10.68,2.78,1.43
824653,0.2048,0.6917,-0.7654,10.53,2.88,1.31
824733,0.2017,0.6914,-0.7590,10.62,3.80,0.76
824813,0.2053,0.6914,-0.7603,10.64,3.58,0.13
824903,0.2095,0.6985,-0.7600,10.45,3.59,-0.25
824983,0.2119,0.6902,-0.7551,10.18,3.67,-0.61
825063,0.2126,0.6936,-0.7434,11.30,2.30,0.34
825153,0.2095,0.7031,-0.7529,10.74,2.34,-0.12
825233,0.2080,0.6982,-0.7502,10.20,2.46,0.30
825313,0.2102,0.6956,-0.7563,10.06,2.38,0.25
825403,0.2119,0.6985,-0.7603,10.53,2.48,0.08
825483,0.2029,0.6953,-0.7581,10.93,1.93,-0.05
825563,0.2034,0.6926,-0.7554,10.88,2.19,0.00
825653,0.2046,0.6997,-0.7629,10.86,2.38,0.15
825733,0.2002,0.6980,-0.7612,11.28,2.62,0.44
825813,0.2063,0.6970,-0.7632,10.93,2.77,0.34
825903,0.2026,0.6987,-0.7583,10.70,3.60,-0.12
825983,0.2087,0.6995,-0.7632,11.48,3.31,0.52
826063,0.2114,0.7024,-0.7537,11.26,2.73,0.63
826153,0.2012,0.6978,-0.7542,11.62,2.85,0.27
826233,0.2087,0.6924,-0.7664,11.48,3.05,0.52
826313,0.2107,0.6919,-0.7620,10.68,2.73,0.10
826403,0.2048,0.6863,-0.7646,11.06,2.76,0.52
826483,0.2112,0.6958,-0.7610,10.89,3.23,0.48
826563,0.2087,0.6921,-0.7551,10.66,3.46,-0.78
826653,0.2124,0.6919,-0.7629,10.30,2.99,-0.88
826733,0.2168,0.7012,-0.7571,10.10,2.63,-0.24
826813,0.2087,0.6956,-0.7522,10.66,2.48,-0.41
826903,0.2073,0.6929,-0.7581,9.89,2.49,-0.17
826983,0.2112,0.6978,-0.7561,10.46,1.81,0.00
827063,0.2075,0.6941,-0.7554,10.20,2.23,-0.48
827153,0.2051,0.6943,-0.7546,10.00,2.01,-0.68
827233,0.2043,0.6980,-0.7549,10.08,2.68,-0.41
827313,0.2058,0.7029,-0.7573,10.21,2.69,-0.62
827403,0.2012,0.7073,-0.7405,10.69,1.60,2.74
827483,0.1921,0.6895,-0.7881,7.12,1.05,2.44
827563,0.2026,0.6919,-0.7458,9.12,2.46,-0.41
827653,0.2012,0.7217,-0.7593,11.24,4.62,-2.96
827733,0.1914,0.6982,-0.7505,10.91,6.98,-2.70
827813,0.2004,0.7122,-0.7473,9.82,6.41,-1.59
827903,0.2126,0.7122,-0.7493,9.20,5.27,0.05
827983,0.2087,0.7026,-0.7429,8.55,5.88,-1.25
828063,0.2051,0.7173,-0.7422,9.73,5.30,-1.52
828153,0.2068,0.7063,-0.7478,12.27,4.95,-0.40
828233,0.2153,0.7148,-0.7463,11.77,4.55,-1.22
828313,0.2117,0.7085,-0.7437,10.73,4.19,0.59
828403,0.2202,0.7058,-0.7454,9.64,3.97,1.06
828483,0.2151,0.7065,-0.7454,10.50,2.55,1.38
828563,0.2202,0.7058,-0.7471,10.59,2.88,1.29
828653,0.2173,0.7012,-0.7493,10.44,3.59,0.88
828733,0.2209,0.7017,-0.7463,10.79,3.17,1.06
828816,0.2205,0.7024,-0.7483,10.55,4.12,0.43
828903,0.2261,0.6943,-0.7480,10.57,3.57,0.05
828983,0.2290,0.7170,-0.7324,11.13,2.75,-1.22
829063,0.2148,0.7124,-0.7441,11.60,2.42,1.23
829153,0.2197,0.7063,-0.7446,10.16,2.56,1.55
829233,0.2170,0.7124,-0.7466,10.53,2.13,1.48
829313,0.2209,0.7021,-0.7510,10.48,2.71,0.58
829403,0.2224,0.7051,-0.7500,10.95,3.04,0.19
829483,0.2219,0.7112,-0.7422,10.91,4.02,0.21
829563,0.2224,0.7090,-0.7383,10.92,3.65,0.31
829653,0.2258,0.7073,-0.7383,10.35,4.12,0.84
829733,0.2251,0.6973,-0.7483,10.70,3.38,0.77
829813,0.2236,0.7080,-0.7415,10.81,3.62,0.50
829903,0.2314,0.7024,-0.7427,11.02,3.43,0.46
829983,0.2307,0.7043,-0.7410,10.86,4.27,-0.46
830063,0.2327,0.7065,-0.7434,10.34,3.18,-1.02
830153,0.2300,0.7122,-0.7366,10.32,3.38,-0.88
830233,0.2302,0.7117,-0.7402,10.75,2.80,-0.30
830313,0.2312,0.7124,-0.7402,10.33,2.25,-0.41
830403,0.2256,0.7092,-0.7378,10.56,2.25,-0.23
830483,0.2231,0.7090,-0.7510,9.54,3.73,-1.09
830563,0.2256,0.7095,-0.7478,10.41,3.22,-0.91
830653,0.2307,0.7114,-0.7405,10.51,3.71,-1.62
830733,0.2258,0.7085,-0.7380,10.26,3.63,-1.43
830813,0.2241,0.7114,-0.7358,10.79,2.82,-1.21
830903,0.2241,0.7141,-0.7332,11.54,1.84,-0.12
830983,0.2224,0.7092,-0.7419,10.95,2.11,0.23
831063,0.2244,0.7043,-0.7415,11.21,2.32,0.41
831153,0.2222,0.7021,-0.7517,10.18,2.52,-1.07
831233,0.2168,0.7058,-0.7415,10.74,1.45,-0.77
831313,0.2146,0.7095,-0.7346,11.10,1.42,-0.38
831403,0.2102,0.7087,-0.7422,11.00,1.71,-0.36
831483,0.2070,0.7097,-0.7493,10.52,1.69,-0.75
831563,0.2036,0.7126,-0.7466,10.21,1.30,-0.26
831653,0.2041,0.7117,-0.7432,10.20,1.53,0.38
831733,0.2031,0.7170,-0.7502,10.38,2.04,0.42
831813,0.2021,0.7173,-0.7476,10.43,3.18,0.54
831903,0.2024,0.7166,-0.7461,11.04,3.78,0.95
831983,0.2126,0.7102,-0.7476,10.84,4.65,0.45
832063,0.2078,0.7092,-0.7473,10.86,3.96,0.32
832153,0.2224,0.7107,-0.7437,8.58,4.73,-1.52
832233,0.2029,0.7275,-0.7322,8.30,4.09,-0.85
832313,0.2180,0.6921,-0.7568,6.50,4.47,-1.41
832403,0.2170,0.7307,-0.7256,8.59,3.93,-1.91
832483,0.2173,0.7241,-0.7224,11.23,4.73,-0.26
832563,0.2224,0.7141,-0.7512,10.12,4.93,-1.36
832653,0.2192,0.7246,-0.6995,11.02,4.34,-0.60
832733,0.2285,0.7319,-0.7371,13.86,5.35,2.52
832813,0.2290,0.7065,-0.7329,11.87,6.27,1.66
832903,0.2322,0.7136,-0.7266,10.03,4.98,1.96
832983,0.2356,0.7087,-0.7375,10.16,4.43,0.62
833063,0.2334,0.7195,-0.7258,10.85,3.23,0.70
833153,0.2371,0.7112,-0.7400,10.98,3.20,1.30
833233,0.2375,0.7124,-0.7312,11.08,3.16,1.33
833313,0.2405,0.7080,-0.7500,10.54,3.48,0.36
833403,0.2427,0.7109,-0.7400,9.77,4.03,-0.03
833483,0.2419,0.7114,-0.7368,7.74,4.93,-1.48
833563,0.2375,0.7156,-0.7114,8.84,2.52,0.34
833653,0.2415,0.7102,-0.7205,9.89,1.29,0.94
833733,0.2388,0.7207,-0.7451,9.76,2.38,0.35
833813,0.2395,0.7131,-0.7417,9.45,1.57,0.47
833903,0.2319,0.7080,-0.7134,9.45,0.10,-0.05
833983,0.2319,0.7205,-0.7290,9.67,1.77,-0.98
834063,0.2332,0.7354,-0.7471,9.63,2.24,0.20
834153,0.2263,0.7197,-0.7185,9.24,3.60,1.20
834233,0.2319,0.7178,-0.7292,8.74,1.19,1.77
834313,0.2280,0.7273,-0.7310,8.27,0.68,-0.15
834403,0.2192,0.7300,-0.7393,9.43,3.52,0.67
834483,0.2358,0.7070,-0.7173,10.15,4.41,0.65
834563,0.2407,0.7292,-0.7251,10.87,1.49,-0.55
834653,0.2183,0.7307,-0.7307,11.08,2.47,-1.75
834733,0.2334,0.7317,-0.7178,11.81,4.28,-1.04
834813,0.2354,0.7183,-0.7285,11.18,2.62,0.08
834903,0.2319,0.7317,-0.7197,10.11,0.06,-1.38
834983,0.2166,0.7341,-0.7329,10.29,1.14,-0.02
835063,0.2224,0.7292,-0.7241,12.18,2.95,2.90
835153,0.2339,0.7056,-0.7278,10.12,2.03,1.29
835233,0.2183,0.7119,-0.7358,10.58,3.36,-0.86
835313,0.2190,0.7341,-0.7371,12.50,4.40,-0.77
835403,0.2283,0.7205,-0.7227,11.62,4.62,-0.81
835483,0.2234,0.7207,-0.7329,11.35,3.67,-1.12
835563,0.2224,0.7297,-0.7275,11.12,3.08,0.12
835653,0.2234,0.7271,-0.7273,11.08,2.38,0.24
835733,0.2244,0.7090,-0.7432,10.09,2.73,0.62
835813,0.2302,0.7317,-0.7266,9.55,2.65,0.51
835903,0.2246,0.7163,-0.7356,10.72,2.84,0.38
835983,0.2253,0.7239,-0.7322,11.71,2.89,1.08
836063,0.2295,0.7327,-0.7271,11.69,4.57,1.65
836153,0.2295,0.7224,-0.7332,10.95,3.77,0.40
836233,0.2246,0.7175,-0.7249,10.62,3.41,0.38
836313,0.2336,0.7214,-0.7327,10.27,2.25,1.09
836403,0.2307,0.7153,-0.7363,10.53,2.58,0.79
836483,0.2385,0.7207,-0.7329,10.41,1.27,1.11
836563,0.2266,0.7158,-0.7351,9.93,1.62,0.52
836653,0.2292,0.7119,-0.7361,9.81,2.05,0.38
836733,0.2332,0.7163,-0.7351,9.45,3.10,-0.44
836813,0.2268,0.7227,-0.7290,9.42,2.86,-0.76
836904,0.2268,0.7292,-0.7246,9.92,2.49,-0.16
836984,0.2273,0.7354,-0.7231,10.58,1.64,0.48
837064,0.2207,0.7224,-0.7334,11.45,0.91,2.00
837153,0.2278,0.7170,-0.7427,10.61,1.48,1.35
837233,0.2241,0.7190,-0.7358,9.87,2.23,0.13
837313,0.2239,0.7214,-0.7278,9.63,3.15,-0.66
837403,0.2256,0.7278,-0.7302,10.07,3.17,-0.45
837483,0.2234,0.7261,-0.7236,10.48,3.23,0.68
837563,0.2253,0.7202,-0.7271,10.66,3.62,0.76
837653,0.2285,0.7273,-0.7268,11.47,2.56,1.49
837733,0.2273,0.7158,-0.7412,9.91,2.09,0.77
837813,0.2327,0.7319,-0.7036,12.60,3.09,-3.70
837910,0.2329,0.7371,-0.7427,13.21,-6.42,1.18
837990,0.2063,0.7520,-0.7170,14.19,-3.72,11.93
838070,0.2136,0.6755,-0.7466,17.79,-4.52,11.95
838159,0.2158,0.6982,-0.7617,11.74,-2.27,-1.80
838239,0.2026,0.6873,-0.7617,8.59,4.03,-6.93
838319,0.2258,0.6736,-0.7712,11.66,2.63,0.19
838409,0.2131,0.7136,-0.7048,11.47,0.41,-1.10
838489,0.1746,0.6926,-0.7891,9.79,2.55,-6.20
838569,0.2080,0.7407,-0.7324,13.59,2.23,0.63
838659,0.2024,0.6897,-0.7485,12.24,0.93,4.31
838739,0.1731,0.7026,-0.7820,10.32,-1.07,0.48
838819,0.1797,0.7229,-0.7852,9.21,5.22,-3.22
838909,0.2004,0.6763,-0.7517,11.19,4.06,2.38
838989,0.2019,0.7117,-0.7285,10.46,4.63,1.32
839069,0.1946,0.6863,-0.7979,4.79,6.48,-5.08
839159,0.2151,0.7180,-0.7495,6.92,3.14,-1.66
839239,0.2104,0.7046,-0.6899,9.69,4.92,2.08
839319,0.1917,0.7336,-0.7590,11.61,4.64,0.45
839409,0.2014,0.7175,-0.7615,11.30,9.23,-0.08
839489,0.2217,0.7058,-0.7131,10.81,7.17,0.20
839569,0.2126,0.7087,-0.7375,10.64,4.83,0.42
839659,0.2312,0.7454,-0.7349,10.92,4.54,0.14
839739,0.2261,0.6897,-0.7393,9.52,2.13,0.53
839819,0.2163,0.7168,-0.7275,10.66,2.36,0.20
839909,0.2168,0.7170,-0.7449,12.15,2.34,0.02
839989,0.2158,0.6970,-0.7495,10.73,4.12,-0.92
840069,0.2170,0.7170,-0.7275,10.44,3.22,-0.87
840159,0.2170,0.7295,-0.7563,11.57,2.14,0.68
840239,0.2170,0.7170,-0.7354,11.52,3.09,0.59
840319,0.2170,0.7124,-0.7366,11.32,2.95,0.91
840409,0.2207,0.7146,-0.7480,10.78,3.28,-0.07
840489,0.2214,0.7061,-0.7437,11.05,3.75,-0.04
840569,0.2266,0.7122,-0.7400,10.79,3.97,-1.13
840659,0.2219,0.7119,-0.7292,11.88,3.06,-0.10
840739,0.2195,0.7051,-0.7480,12.08,4.15,-0.55
840819,0.2231,0.7134,-0.7468,11.40,3.23,0.91
840911,0.2263,0.7185,-0.7400,11.94,3.11,0.88
840991,0.2188,0.7148,-0.7410,11.65,3.92,0.45
841071,0.2234,0.7122,-0.7463,12.20,4.20,1.45
841161,0.2273,0.7107,-0.7405,12.07,4.77,1.27
841241,0.2253,0.7141,-0.7402,11.96,5.02,0.48
841321,0.2246,0.7114,-0.7419,11.75,5.30,-0.04
841411,0.2305,0.7026,-0.7368,11.55,4.09,0.31
841491,0.2319,0.7124,-0.7432,11.66,3.31,0.70
841571,0.2327,0.7131,-0.7402,11.59,3.81,0.91
841661,0.2271,0.7021,-0.7280,11.42,4.13,0.42
841741,0.2263,0.7200,-0.7415,11.73,3.91,0.06
841821,0.2290,0.7173,-0.7317,13.07,3.40,0.70
841911,0.2322,0.7073,-0.7456,11.27,3.66,0.00
841991,0.2373,0.7112,-0.7314,11.66,4.25,-0.71
842071,0.2339,0.7190,-0.7363,12.50,2.52,0.88
842161,0.2305,0.7156,-0.7388,11.47,4.05,-0.73
842241,0.2275,0.7117,-0.7385,12.24,2.87,-0.33
842321,0.2297,0.7200,-0.7483,11.47,4.29,0.34
842411,0.2290,0.7117,-0.7346,11.67,4.48,0.10
842491,0.2290,0.7175,-0.7417,11.80,3.82,0.91
842571,0.2314,0.7175,-0.7405,11.65,4.01,0.51
842661,0.2354,0.7009,-0.7378,11.95,3.94,0.41
842741,0.2290,0.7065,-0.7390,11.80,4.12,0.28
842821,0.2278,0.7109,-0.7344,11.64,4.59,-0.70
842911,0.2390,0.7124,-0.7361,11.41,3.41,0.30
842991,0.2314,0.7190,-0.7407,11.70,3.47,-0.16
843071,0.2097,0.7092,-0.7202,12.65,6.07,1.48
843161,0.2642,0.7117,-0.7385,6.27,1.83,-4.47
843241,0.2446,0.7180,-0.7219,7.00,0.64,-0.80
843321,0.1978,0.7556,-0.7012,12.76,4.67,3.63
843411,0.2500,0.7070,-0.7634,13.95,3.86,2.43
843491,0.2375,0.7166,-0.7268,11.09,2.17,-1.38
843571,0.2271,0.7136,-0.7190,12.25,4.19,-0.86
843661,0.2366,0.7222,-0.7407,12.51,2.74,-2.41
843741,0.2349,0.7305,-0.7285,11.95,3.96,-1.35
843821,0.2234,0.7295,-0.7268,12.70,6.63,1.53
843911,0.2229,0.7314,-0.7153,14.34,6.76,2.76
843991,0.2576,0.6921,-0.7476,11.87,0.31,-1.02
844071,0.2373,0.7161,-0.7224,8.77,0.87,-4.60
844161,0.2358,0.7332,-0.7405,10.52,4.45,-2.47
844241,0.2207,0.7490,-0.7070,13.30,6.12,2.59
844321,0.2415,0.7112,-0.7312,14.24,3.30,2.52
844411,0.2429,0.7234,-0.7378,9.82,2.41,-0.10
844491,0.2285,0.7178,-0.7146,11.77,2.89,0.59
844571,0.2358,0.7195,-0.7375,13.12,1.97,0.27
844661,0.2317,0.7236,-0.7358,12.07,3.53,-0.18
844741,0.2385,0.7170,-0.7319,11.71,2.85,0.59
844821,0.2336,0.7268,-0.7185,11.57,2.48,-0.23
844911,0.2329,0.7156,-0.7415,10.77,1.44,1.31
844991,0.2400,0.7305,-0.7119,10.56,1.59,0.77
845071,0.2266,0.7236,-0.7393,11.28,2.32,0.63
845161,0.2310,0.7200,-0.7341,10.18,2.23,0.02
845241,0.2263,0.7251,-0.7202,9.50,2.63,-0.91
845321,0.2314,0.7312,-0.7236,10.24,1.88,-0.34
845411,0.2332,0.7266,-0.7241,11.10,2.41,1.49
845491,0.2307,0.7334,-0.7266,10.81,2.77,1.62
845571,0.2341,0.7249,-0.7249,9.88,2.64,0.14
845661,0.2305,0.7231,-0.7227,10.01,1.82,0.12
845741,0.2349,0.7275,-0.7302,9.80,1.93,0.23
845824,0.2334,0.7239,-0.7244,10.88,2.44,1.13
845911,0.2104,0.7395,-0.7205,12.78,2.46,2.02
845991,0.2241,0.7180,-0.7461,13.04,0.48,-0.40
846071,0.2268,0.7314,-0.7466,9.87,2.70,-2.50
846161,0.2231,0.7119,-0.7168,10.29,2.05,0.92
846241,0.2292,0.7322,-0.7136,10.17,0.97,1.01
846321,0.2202,0.7327,-0.7283,10.47,0.62,1.75
846411,0.2253,0.7251,-0.7253,9.45,2.93,0.55
846491,0.2234,0.7241,-0.7314,9.25,2.55,0.38
846571,0.2234,0.7356,-0.7302,9.09,4.12,-0.09
846661,0.2224,0.7241,-0.7178,9.69,2.96,0.32
846741,0.2251,0.7324,-0.7227,10.24,4.45,0.86
846821,0.2329,0.7358,-0.7302,11.89,4.25,1.93
846911,0.2388,0.7339,-0.7175,12.20,3.68,0.09
846991,0.2310,0.7332,-0.7246,10.93,2.29,-0.78
847071,0.2351,0.7388,-0.7275,10.39,3.21,-0.47
847161,0.2214,0.7256,-0.7183,12.19,3.83,2.09
847241,0.2336,0.7046,-0.7300,11.16,-0.25,4.60
847321,0.2405,0.7180,-0.7520,6.00,3.01,-4.71
847411,0.2061,0.7490,-0.6985,11.88,6.04,-1.19
847491,0.2388,0.7295,-0.7251,15.29,2.45,0.95
847571,0.2317,0.7275,-0.7410,11.57,3.74,-0.40
847661,0.2297,0.7363,-0.7136,10.66,4.44,-0.14
847741,0.2339,0.7144,-0.7302,10.98,2.41,1.72
847821,0.2358,0.7251,-0.7295,10.26,3.45,1.16
847911,0.2339,0.7180,-0.7256,10.77,3.29,-0.16
847991,0.2351,0.7168,-0.7273,11.19,3.40,-0.17
848071,0.2373,0.7151,-0.7393,10.49,1.44,0.10
848161,0.2395,0.7161,-0.7200,10.04,5.07,-2.19
848241,0.2429,0.7393,-0.6965,14.55,2.34,-1.66
848321,0.2244,0.7263,-0.7388,15.73,2.45,2.70
848411,0.2290,0.7039,-0.7578,10.45,3.88,2.94
848491,0.2363,0.7051,-0.7456,8.68,1.20,1.25
848571,0.2344,0.7229,-0.7275,10.94,3.02,-0.27
848661,0.2358,0.7251,-0.7239,14.59,1.26,1.08
848741,0.2390,0.6904,-0.7517,12.26,4.33,0.10
849030,0.2268,0.6821,-0.7495,11.89,3.69,-0.12
849118,0.2329,0.6965,-0.7478,10.34,4.97,-1.48
849198,0.2546,0.7363,-0.7141,8.42,5.18,-0.70
849278,0.2441,0.7058,-0.7371,7.91,-0.06,2.23
849368,0.2378,0.7124,-0.7380,7.68,1.44,0.69
849448,0.2432,0.7209,-0.7231,8.80,2.26,1.65
849528,0.2373,0.7095,-0.7568,8.49,4.21,2.15
849618,0.2434,0.7085,-0.7224,5.88,4.81,-1.29
849698,0.2405,0.7214,-0.7268,8.11,1.65,-0.42
849778,0.2434,0.7224,-0.7395,8.76,2.01,-1.30
849868,0.2400,0.7197,-0.7402,9.84,2.09,-1.26
849948,0.2522,0.7363,-0.7109,4.91,7.48,-2.55
850028,0.2463,0.7537,-0.6731,2.39,2.27,0.75
850119,0.2405,0.7458,-0.7014,4.11,-1.52,2.62
850199,0.2412,0.7305,-0.7571,5.04,0.45,-0.01
850279,0.2405,0.7476,-0.6887,5.10,4.34,-3.85
850369,0.2405,0.7454,-0.6826,8.27,-0.45,-0.82
850449,0.2456,0.7649,-0.6846,11.23,-0.01,2.28
850529,0.2249,0.7444,-0.7036,13.40,-1.77,2.21
850619,0.2297,0.7661,-0.7322,12.45,-0.99,2.51
850699,0.2117,0.7126,-0.7380,12.98,3.95,3.13
850779,0.2300,0.7466,-0.7134,13.60,6.11,3.28
850869,0.2595,0.7178,-0.7368,8.78,3.42,-0.13
850949,0.2644,0.7322,-0.7048,5.43,4.23,-1.65
851029,0.2581,0.7410,-0.6941,6.66,1.46,-0.91
851119,0.2437,0.7471,-0.7004,9.40,0.03,2.30
851199,0.2551,0.7327,-0.7134,10.46,-0.31,2.62
851279,0.2463,0.7175,-0.7280,9.86,-0.43,1.43
851369,0.2422,0.7224,-0.7065,10.20,1.05,-0.05
851449,0.2451,0.7312,-0.7256,11.09,0.96,0.27
851529,0.2515,0.7415,-0.7244,11.06,1.82,-0.02
851619,0.2344,0.7388,-0.7341,11.12,3.09,-0.52
851699,0.2393,0.7336,-0.6846,11.34,4.97,0.00
851779,0.2690,0.7397,-0.7246,10.80,-3.78,2.68
851869,0.2422,0.7209,-0.7185,10.08,-1.98,2.68
851949,0.2312,0.6980,-0.7437,9.45,-1.02,1.45
852029,0.2380,0.7344,-0.7087,13.17,-2.58,0.28
852119,0.2375,0.7083,-0.7319,12.27,-1.77,0.97
852199,0.2380,0.7114,-0.7480,9.99,-0.04,1.23
852279,0.2354,0.7361,-0.7490,10.12,1.65,1.52
852369,0.2378,0.7319,-0.7229,14.89,-2.01,4.30
852449,0.2249,0.6858,-0.7468,17.08,-4.91,6.00
852529,0.2244,0.6741,-0.7854,10.00,3.39,0.44
852619,0.2058,0.6917,-0.7522,3.32,8.00,-2.71
852699,0.2402,0.7195,-0.7417,4.66,12.30,-4.49
852779,0.2424,0.7617,-0.7300,9.38,8.41,-0.27
852869,0.2476,0.7168,-0.7180,6.76,6.05,-0.64
852949,0.2561,0.7244,-0.6804,3.71,4.66,-2.09
853029,0.2610,0.7271,-0.6936,4.82,1.63,0.45
853119,0.2424,0.7437,-0.7224,8.85,0.12,1.40
853199,0.2383,0.7251,-0.7151,11.05,0.06,1.76
853279,0.2407,0.7102,-0.7285,13.16,1.74,-1.04
853369,0.2419,0.7336,-0.7056,11.91,3.76,-2.62
853449,0.2483,0.7170,-0.7241,11.23,2.50,-1.52
853529,0.2537,0.7554,-0.6990,11.57,2.84,-2.52
853619,0.2400,0.7393,-0.7280,10.41,2.61,-1.34
853699,0.2346,0.7302,-0.7131,10.07,2.55,-1.23
853779,0.2393,0.7268,-0.7061,9.27,1.09,-2.08
853869,0.2346,0.7488,-0.7500,10.08,2.30,-1.88
853949,0.2236,0.7524,-0.7048,12.11,0.60,0.28
854029,0.2258,0.7205,-0.7292,9.62,2.17,-1.97
854119,0.2271,0.7273,-0.7092,8.70,2.58,-2.54
854199,0.2246,0.7363,-0.7322,9.55,1.77,-1.28
854279,0.2129,0.7537,-0.6943,12.23,2.94,-1.47
854369,0.2075,0.7532,-0.7244,14.67,0.21,1.29
854449,0.2119,0.7502,-0.7327,14.61,0.20,2.02
854529,0.2231,0.7324,-0.7192,13.94,1.07,1.71
854619,0.2095,0.7627,-0.7083,16.81,-0.71,4.34
854699,0.2239,0.6731,-0.7756,11.40,2.11,-1.40
854779,0.1995,0.7405,-0.7021,11.59,2.20,-0.18
854869,0.2117,0.7109,-0.7554,13.65,1.95,2.23
854949,0.2183,0.7131,-0.7524,11.98,4.29,-3.62
855029,0.2297,0.7563,-0.6699,16.35,-0.88,-1.35
855119,0.1953,0.7297,-0.7500,17.55,-6.96,6.55
855199,0.1907,0.6753,-0.7563,16.78,-0.32,3.68
855279,0.1892,0.6938,-0.7708,15.80,1.02,1.57
855369,0.2036,0.6892,-0.7739,13.20,5.39,-0.98
855449,0.2075,0.6951,-0.7595,12.62,5.99,-2.04
855529,0.2007,0.6978,-0.7527,11.73,6.45,-1.98
855619,0.2175,0.7004,-0.7629,10.79,5.63,-0.77
855699,0.2134,0.7017,-0.7532,11.22,4.09,1.34
855779,0.2205,0.6924,-0.7629,10.18,4.98,1.27
855869,0.2207,0.6841,-0.7678,9.65,4.09,0.24
855949,0.2197,0.6929,-0.7495,9.89,3.61,-0.13
856029,0.2283,0.6868,-0.7534,10.28,2.51,0.05
856119,0.2292,0.6968,-0.7532,9.66,3.15,-1.11
856199,0.2305,0.6951,-0.7512,10.38,1.98,-0.36
856279,0.2251,0.6914,-0.7529,10.80,1.27,-0.58
856369,0.2217,0.6982,-0.7397,10.84,1.99,0.16
856449,0.2190,0.6958,-0.7510,11.06,1.09,0.94
856529,0.2185,0.6975,-0.7712,8.26,1.16,-0.56
856619,0.2083,0.6963,-0.7571,9.84,1.97,0.48
856699,0.1956,0.7012,-0.7891,9.22,5.66,0.63
856779,0.2039,0.6843,-0.7617,9.89,12.13,-1.62
856869,0.2151,0.7200,-0.7729,13.87,13.95,-4.77
856949,0.2134,0.6470,-0.8162,14.06,23.40,-9.71
857029,0.2515,0.6995,-0.6992,13.59,32.80,-19.58
857119,0.2798,0.7712,-0.6621,19.62,19.67,-9.20
857199,0.2876,0.7107,-0.7095,19.17,7.34,0.59
857279,0.2815,0.6685,-0.7529,16.90,1.90,1.73
857369,0.2681,0.6807,-0.7644,9.84,2.52,1.10
857449,0.2717,0.6853,-0.7498,8.58,1.83,3.55
857529,0.2734,0.6692,-0.7649,8.16,0.66,4.14
857619,0.2778,0.6833,-0.7458,8.44,3.73,1.98
857699,0.2666,0.6846,-0.7583,10.48,3.42,2.84
857779,0.2747,0.6724,-0.7451,9.56,3.76,1.47
857869,0.2842,0.6907,-0.7458,9.41,3.46,1.34
857949,0.2781,0.6907,-0.7458,9.38,3.74,0.88
858029,0.2817,0.6897,-0.7542,9.77,2.42,2.59
858119,0.2856,0.6880,-0.7522,10.11,3.39,2.63
858199,0.2913,0.6716,-0.7483,10.38,3.94,2.03
858279,0.2959,0.6831,-0.7410,9.82,5.11,0.66
858369,0.2961,0.6780,-0.7375,10.67,4.77,0.31
858449,0.3037,0.6921,-0.7366,10.98,4.55,0.41
858529,0.3088,0.6782,-0.7441,11.85,4.13,1.29
858619,0.3074,0.6758,-0.7283,11.82,3.62,0.78
858699,0.3079,0.6689,-0.7451,12.36,2.49,0.93
858779,0.3042,0.6780,-0.7478,12.00,3.02,-0.20
858869,0.3066,0.6792,-0.7485,11.38,2.25,-1.20
858949,0.2988,0.6768,-0.7434,10.10,1.54,-2.04
859029,0.2959,0.6724,-0.7468,11.05,2.02,-1.62
859119,0.2993,0.6951,-0.7546,11.84,1.10,-0.08
859199,0.2974,0.6743,-0.7449,11.12,1.80,-0.17
859279,0.2937,0.6692,-0.7480,10.88,0.77,0.12
859369,0.2883,0.6743,-0.7512,10.38,1.12,-0.19
859449,0.2935,0.6794,-0.7539,10.83,1.09,-1.05
859529,0.2883,0.6689,-0.7432,10.69,0.76,-0.38
859619,0.2795,0.6704,-0.7659,10.87,2.05,-0.36
859699,0.2854,0.6802,-0.7598,11.19,3.14,0.92
859779,0.2878,0.6685,-0.7593,9.79,1.97,0.76
859869,0.2834,0.6672,-0.7666,9.70,1.81,0.06
859949,0.2825,0.6719,-0.7563,9.52,1.87,0.38
860029,0.2852,0.6692,-0.7583,9.68,1.89,0.27
860119,0.2812,0.6736,-0.7532,9.50,0.85,0.50
860199,0.2839,0.6816,-0.7554,8.80,1.99,0.69
860279,0.2808,0.6711,-0.7434,9.52,0.93,1.43
860369,0.2766,0.6755,-0.7532,9.19,2.22,1.51
860449,0.2781,0.6733,-0.7515,9.18,3.27,1.16
860529,0.2869,0.6821,-0.7603,9.59,1.57,1.78
860619,0.2812,0.6748,-0.7456,8.87,3.25,0.85
860699,0.2834,0.6831,-0.7441,8.86,3.70,0.70
860779,0.2856,0.6770,-0.7441,9.90,2.32,1.79
860869,0.2913,0.6841,-0.7520,9.86,3.34,1.01
860949,0.2930,0.6750,-0.7585,10.07,3.26,1.14
861029,0.2949,0.6790,-0.7383,10.52,2.83,1.24
861119,0.2981,0.6758,-0.7502,10.45,3.05,1.12
861199,0.2957,0.6787,-0.7471,10.47,3.13,0.88
861279,0.2981,0.6777,-0.7483,10.57,3.68,0.34
861369,0.2996,0.6704,-0.7500,10.58,2.85,0.63
861449,0.3013,0.6748,-0.7495,10.35,2.82,0.93
861529,0.3030,0.6743,-0.7488,10.29,3.01,0.66
861619,0.3010,0.6687,-0.7456,10.67,1.87,0.74
861699,0.3025,0.6782,-0.7437,10.45,3.15,0.14
861779,0.2993,0.6768,-0.7422,10.72,2.31,0.15
861869,0.2957,0.6697,-0.7444,10.49,2.55,0.27
861952,0.3010,0.6721,-0.7500,9.77,2.55,-0.19
862032,0.2983,0.6790,-0.7493,10.45,2.09,-0.48
862119,0.2964,0.6838,-0.7478,11.00,2.10,-0.03
862199,0.2935,0.6787,-0.7498,10.62,2.43,-0.11
862279,0.2964,0.6616,-0.7393,10.96,4.37,-1.71
862369,0.2900,0.6912,-0.7542,12.29,0.98,-0.05
862449,0.2908,0.6782,-0.7539,11.00,2.09,1.04
862529,0.2854,0.6711,-0.7520,10.34,2.25,1.23
862619,0.2925,0.6711,-0.7534,10.69,2.24,0.05
862699,0.2881,0.6814,-0.7456,10.92,2.66,0.43
862779,0.2910,0.6726,-0.7539,10.85,3.09,0.09
862869,0.2954,0.6824,-0.7502,10.40,3.34,0.07
862949,0.2930,0.6741,-0.7493,10.34,3.01,0.84
863029,0.2932,0.6692,-0.7439,10.40,2.55,0.73
863128,0.2952,0.6755,-0.7500,10.15,3.44,0.66
863208,0.2913,0.6816,-0.7573,10.98,2.88,0.91
863288,0.2935,0.6812,-0.7505,10.51,3.53,0.23
863378,0.2937,0.6750,-0.7446,10.34,3.30,0.83
863458,0.2991,0.6753,-0.7476,10.52,2.92,0.99
863538,0.3071,0.6870,-0.7344,10.72,2.73,0.74
863628,0.3113,0.6821,-0.7439,10.23,2.65,-0.92
863708,0.3088,0.6709,-0.7468,10.32,-0.99,-2.41
863788,0.2622,0.7300,-0.7222,14.21,-2.18,-1.61
863878,0.3140,0.6702,-0.7219,16.09,-8.71,-1.57
863958,0.2766,0.6536,-0.7397,15.55,-10.86,-1.62
864038,0.2324,0.6565,-0.7815,13.87,-10.85,-0.41
864128,0.2195,0.6357,-0.8044,12.27,-2.62,-0.91
864208,0.2212,0.6572,-0.7979,11.10,0.33,-0.45
864288,0.1921,0.6565,-0.8054,6.88,4.78,-0.78
864378,0.2324,0.6824,-0.7749,9.62,5.41,-3.69
864458,0.2266,0.7114,-0.7417,11.61,4.62,-2.10
864538,0.2458,0.7097,-0.7559,9.16,-7.37,7.42
864628,0.2021,0.6357,-0.8145,5.86,-3.12,8.91
864708,0.2178,0.6721,-0.7561,6.65,-0.12,4.15
864788,0.2297,0.6704,-0.7930,8.94,-1.02,3.29
864878,0.2224,0.6682,-0.7825,7.90,2.86,3.81
864958,0.2246,0.6804,-0.7561,7.58,5.86,2.81
865038,0.2354,0.6841,-0.7676,7.55,4.04,2.69
865128,0.2366,0.7043,-0.7517,7.31,5.77,1.30
865208,0.2400,0.7065,-0.7212,8.66,5.89,2.73
865288,0.2454,0.7014,-0.7419,10.58,3.14,3.88
865378,0.2485,0.6897,-0.7610,11.21,2.66,2.89
865458,0.2559,0.6768,-0.7568,9.62,4.12,0.69
865538,0.2529,0.6702,-0.7419,10.35,4.37,0.45
865628,0.2607,0.6914,-0.7520,11.07,4.17,0.88
865708,0.2659,0.6814,-0.7556,11.33,4.14,-0.48
865788,0.2705,0.6797,-0.7449,10.59,3.22,-0.95
865878,0.2742,0.6985,-0.7341,10.03,2.86,-0.04
865958,0.2666,0.6934,-0.7449,9.83,1.37,0.28
866038,0.2615,0.6912,-0.7480,9.77,0.93,-0.05
866128,0.2578,0.6907,-0.7471,10.09,1.08,-0.27
866208,0.2534,0.6909,-0.7444,10.34,0.82,-0.55
866288,0.2495,0.6921,-0.7576,10.24,0.78,-1.51
866378,0.2507,0.6946,-0.7405,10.52,1.95,-2.32
866458,0.2424,0.6953,-0.7395,9.72,2.31,-2.83
866538,0.2378,0.6912,-0.7302,8.19,0.46,-0.67
866628,0.2375,0.7119,-0.7495,7.45,1.07,1.45
866708,0.2417,0.7092,-0.7385,10.84,1.97,0.84
866788,0.2339,0.6873,-0.7673,10.99,4.86,-1.69
866878,0.2390,0.6934,-0.7563,10.09,7.25,-0.77
866958,0.2434,0.6982,-0.7529,8.45,8.41,-1.70
867038,0.2524,0.7197,-0.7148,8.49,7.09,-2.87
867128,0.2498,0.7212,-0.7209,10.49,5.02,-0.10
867208,0.2544,0.7068,-0.7388,10.12,1.87,1.07
867288,0.2554,0.7056,-0.7446,9.59,1.22,0.78
867378,0.2417,0.7012,-0.7471,10.73,0.74,0.68
867458,0.2437,0.6951,-0.7429,11.25,1.98,0.66
867538,0.2466,0.7097,-0.7419,10.98,3.12,0.52
867628,0.2417,0.6902,-0.7615,9.90,3.20,1.68
867708,0.2549,0.7036,-0.7241,8.25,6.35,-0.98
867788,0.2568,0.7266,-0.7346,9.56,4.18,-0.41
867878,0.2546,0.7036,-0.7263,10.72,1.47,1.45
867958,0.2542,0.7097,-0.7239,10.13,2.46,1.45
868038,0.2532,0.7100,-0.7478,9.94,3.32,1.12
868128,0.2693,0.7039,-0.7371,9.67,3.02,1.70
868208,0.2651,0.7114,-0.7349,10.00,2.46,1.37
868288,0.2634,0.6914,-0.7302,10.02,4.20,1.01
868378,0.2668,0.7129,-0.7344,9.69,3.15,-0.40
868458,0.2581,0.7041,-0.7346,10.45,4.09,0.22
868538,0.2744,0.6995,-0.7258,10.44,2.67,-1.00
868628,0.2732,0.7058,-0.7363,11.91,2.01,-0.24
868708,0.2688,0.7056,-0.7402,12.34,-0.10,0.56
868788,0.2529,0.6985,-0.7566,11.46,1.53,-1.11
868878,0.2598,0.6909,-0.7251,10.82,2.98,-1.54
868958,0.2595,0.7100,-0.7441,11.48,1.20,-0.41
869038,0.2578,0.7051,-0.7363,10.84,2.99,-0.53
869128,0.2495,0.7048,-0.7302,10.68,2.62,-1.84
869208,0.2498,0.7056,-0.7273,10.94,2.12,-0.95
869288,0.2468,0.7104,-0.7373,11.90,-0.12,0.20
869378,0.2439,0.6990,-0.7637,11.56,1.12,-0.88
869458,0.2310,0.6951,-0.7373,11.09,1.10,0.30
869538,0.2368,0.7058,-0.7588,12.07,0.94,-0.57
869628,0.2417,0.7056,-0.7576,10.91,2.21,-0.34
869708,0.2341,0.6980,-0.7449,11.04,2.80,0.85
869788,0.2351,0.6973,-0.7473,10.54,2.76,0.12
869878,0.2368,0.7026,-0.7498,10.38,4.51,0.15
869958,0.2402,0.6982,-0.7424,11.27,3.13,-0.18
870038,0.2412,0.6965,-0.7427,10.90,2.77,0.55
870128,0.2439,0.6985,-0.7490,10.63,2.98,0.78
870208,0.2407,0.7034,-0.7424,10.34,3.24,0.88
870288,0.2410,0.6970,-0.7449,10.60,3.34,0.47
870378,0.2427,0.7122,-0.7461,11.10,3.07,-0.27
870458,0.2422,0.6936,-0.7427,11.84,2.65,1.56
870538,0.2422,0.7007,-0.7505,10.89,2.99,0.34
870628,0.2473,0.6919,-0.7544,10.02,3.68,0.55
870708,0.2473,0.7051,-0.7361,10.77,2.85,-0.39
870788,0.2437,0.6938,-0.7441,11.33,3.90,0.70
870878,0.2505,0.6968,-0.7451,11.57,2.63,0.10
870958,0.2517,0.6987,-0.7542,11.19,3.80,0.24
871038,0.2510,0.6985,-0.7434,10.80,3.52,0.48
871128,0.2488,0.7007,-0.7476,10.60,3.49,0.21
871208,0.2583,0.6902,-0.7466,10.96,4.09,-0.63
871288,0.2673,0.6794,-0.7537,12.39,3.66,-3.19
871378,0.3215,0.7668,-0.7520,24.45,-2.29,-13.16
871458,0.2913,0.7517,-0.5293,32.59,-18.37,-12.55
871538,0.0862,0.5930,-0.8630,38.95,-41.21,-1.18
871628,0.0781,0.6162,-0.8433,26.87,-26.10,-14.19
871708,0.0620,0.5913,-0.8125,27.68,-27.23,-14.77
871788,0.0752,0.6157,-0.8289,27.59,-26.07,-11.44
871878,0.0066,0.5593,-0.8586,22.34,-20.03,-11.46
871958,-0.0164,0.5837,-0.8516,23.77,-16.02,-1.41
872038,-0.0864,0.5100,-0.8979,16.31,-6.27,0.20
872128,-0.0920,0.5544,-0.8320,15.09,0.60,4.08
872208,-0.0752,0.5171,-0.8931,12.12,6.45,3.12
872288,-0.0425,0.5168,-0.8655,9.86,11.93,-1.12
872378,-0.0366,0.4973,-0.8962,6.23,10.87,0.68
872458,-0.0520,0.5071,-0.8948,-11.15,28.29,6.28
872538,-0.0527,0.5583,-0.9153,-19.39,46.55,14.28
872628,0.0767,0.6890,-0.8176,-13.30,57.42,15.98
872708,0.1821,0.7107,-0.7385,-6.91,44.12,18.06
872788,0.2239,0.6313,-0.6387,5.46,13.58,10.30
872878,0.2305,0.6511,-0.8208,4.38,1.27,3.05
872958,0.2378,0.6213,-0.7891,-2.21,15.45,4.36
873038,0.2410,0.7314,-0.7344,-0.04,23.49,1.38
873128,0.2959,0.6758,-0.6511,6.98,5.34,4.62
873208,0.2910,0.7441,-0.7708,9.66,1.37,1.35
873288,0.2788,0.6965,-0.7310,14.54,2.21,2.33
873378,0.2861,0.6370,-0.7478,6.49,0.64,5.58
873458,0.2798,0.6819,-0.7180,3.26,0.99,0.79
873538,0.2832,0.7415,-0.7258,5.98,1.27,1.43
873628,0.3062,0.7004,-0.7329,9.58,-0.72,1.65
873708,0.2671,0.7153,-0.7322,9.41,-0.23,-2.33
873788,0.2625,0.7214,-0.7507,10.49,0.88,-2.23
873878,0.2634,0.7104,-0.7515,11.83,5.23,1.06
873958,0.2832,0.7000,-0.7539,10.88,7.33,-0.98
874038,0.2827,0.7019,-0.7261,10.48,9.34,-1.84
874128,0.2939,0.6858,-0.7280,8.76,6.67,-1.33
874208,0.2886,0.7163,-0.7085,10.06,6.19,-1.79
874288,0.2917,0.7085,-0.7041,12.26,1.93,-0.68
874378,0.2986,0.7002,-0.7380,11.79,-1.03,-0.09
874458,0.2888,0.7095,-0.7278,10.15,-0.35,-0.70
874538,0.2776,0.6956,-0.7336,9.28,-0.23,-0.56
874628,0.2783,0.7163,-0.7285,7.48,1.26,-0.30
874708,0.2681,0.7148,-0.7222,6.82,2.73,-0.98
874788,0.2698,0.7207,-0.7241,7.91,1.71,-0.04
874878,0.2712,0.7185,-0.7175,8.12,2.50,-0.84
874958,0.2732,0.7263,-0.7114,8.76,1.60,0.05
875038,0.2690,0.7288,-0.7224,10.45,0.80,0.10
875128,0.2676,0.7153,-0.7280,10.35,1.73,-0.29
875208,0.2664,0.7185,-0.7224,10.64,1.77,-0.06
875288,0.2659,0.7285,-0.7148,9.97,3.01,-0.05
875378,0.2637,0.7234,-0.7200,10.91,3.38,-0.16
875458,0.2690,0.7205,-0.7258,11.16,3.31,1.09
875538,0.2661,0.7200,-0.7202,10.88,3.09,0.93
875628,0.2671,0.7146,-0.7292,10.31,3.18,0.66
875708,0.2664,0.7178,-0.7212,11.22,2.51,1.49
875788,0.2742,0.7161,-0.7268,11.16,3.09,0.80
875878,0.2725,0.7046,-0.7219,11.49,2.98,0.37
875958,0.2708,0.7095,-0.7195,11.31,3.42,0.50
876038,0.2700,0.7041,-0.7275,11.00,3.73,0.70
876128,0.2749,0.7195,-0.7258,11.30,3.14,0.44
876208,0.2747,0.7112,-0.7290,11.52,2.70,0.52
876288,0.2734,0.7061,-0.7244,10.98,2.81,0.62
876378,0.2715,0.7131,-0.7266,11.46,2.26,0.58
876458,0.2703,0.7075,-0.7329,11.77,2.29,0.35
876538,0.2742,0.7070,-0.7344,11.51,2.85,0.35
876628,0.2712,0.7051,-0.7366,11.02,3.41,-0.37
876708,0.2766,0.7063,-0.7356,10.76,3.27,0.21
876788,0.2751,0.7046,-0.7312,11.68,2.77,0.48
876878,0.2715,0.6970,-0.7341,11.74,3.09,0.81
876958,0.2754,0.6978,-0.7363,10.66,2.40,1.35
877038,0.2781,0.6965,-0.7549,8.70,1.78,0.59
877128,0.2688,0.7104,-0.7188,10.54,4.33,-1.24
877208,0.2681,0.7063,-0.7422,12.09,2.35,-1.09
877288,0.2795,0.6995,-0.7349,11.28,3.13,-0.78
877378,0.2737,0.7051,-0.7275,10.11,3.87,-0.98
877458,0.2744,0.6931,-0.7283,9.59,2.75,0.24
877538,0.2712,0.7029,-0.7319,9.84,2.27,0.59
877628,0.2678,0.7119,-0.7244,10.26,1.21,1.29
877708,0.2690,0.7058,-0.7368,9.75,1.66,0.94
877788,0.2673,0.7087,-0.7432,9.85,1.72,-0.85
877878,0.2681,0.7051,-0.7305,10.58,2.15,-1.22
877958,0.2722,0.7061,-0.7334,10.60,1.58,-0.45
878038,0.2664,0.7080,-0.7217,9.89,2.37,-0.21
878128,0.2695,0.7158,-0.7209,10.20,2.50,0.16
878208,0.2656,0.7026,-0.7383,10.10,2.21,-0.28
878288,0.2703,0.7131,-0.7305,9.78,2.62,0.05
878378,0.2627,0.7126,-0.7214,9.84,1.95,0.66
878458,0.2646,0.7114,-0.7295,9.72,2.55,-0.07
878538,0.2666,0.7112,-0.7397,9.95,1.60,0.27
878628,0.2644,0.7139,-0.7271,9.84,2.86,0.30
878708,0.2668,0.7065,-0.7292,10.09,3.54,0.22
878788,0.2717,0.7122,-0.7312,10.30,3.10,0.03
878878,0.2744,0.7124,-0.7268,11.05,2.55,0.52
878958,0.2671,0.7146,-0.7249,10.07,2.88,0.62
879244,0.2710,0.7046,-0.7271,9.02,2.62,1.37
879334,0.2676,0.7188,-0.7263,10.05,1.48,0.77
879414,0.2683,0.7104,-0.7283,11.01,1.81,0.91
879494,0.2725,0.7134,-0.7290,10.11,2.62,0.27
879584,0.2727,0.7136,-0.7356,10.01,3.57,-0.88
879664,0.2783,0.7200,-0.7205,10.07,3.29,0.09
879744,0.2715,0.7207,-0.7197,10.98,2.38,0.41
879834,0.2727,0.7200,-0.7219,10.13,2.93,0.54
879914,0.2744,0.7129,-0.7268,10.00,2.30,0.68
879994,0.2708,0.7092,-0.7231,10.44,2.60,0.10
880084,0.2734,0.7205,-0.7224,10.47,2.55,-0.47
880164,0.2720,0.7180,-0.7205,10.73,2.28,-0.71
880244,0.2695,0.7158,-0.7170,10.62,2.48,-0.44
880334,0.2727,0.7212,-0.7278,10.67,1.77,-0.12
880414,0.2749,0.7236,-0.7266,10.45,1.77,0.16
880494,0.2598,0.7168,-0.7246,10.06,1.92,-0.29
880584,0.2678,0.7119,-0.7258,10.24,3.04,0.12
880664,0.2632,0.7126,-0.7266,10.20,2.60,0.58
880744,0.2654,0.7141,-0.7229,9.75,2.97,0.57
880834,0.2683,0.7170,-0.7283,9.82,2.34,0.70
880914,0.2678,0.7151,-0.7266,10.01,2.64,0.98
880994,0.2686,0.7227,-0.7251,9.91,2.80,0.59
881084,0.2708,0.7197,-0.7341,10.13,3.04,0.37
881164,0.2725,0.7253,-0.7222,10.27,3.36,0.84
881244,0.2644,0.7239,-0.7207,10.69,3.09,0.80
881334,0.2729,0.7166,-0.7278,9.90,3.18,1.74
881414,0.2778,0.7192,-0.7234,9.70,2.92,1.38
881494,0.2717,0.7153,-0.7178,10.19,3.00,0.89
881584,0.2720,0.7163,-0.7188,10.58,2.47,1.06
881664,0.2773,0.7219,-0.7205,10.52,2.55,0.91
881744,0.2769,0.7173,-0.7236,10.52,3.41,0.55
881834,0.2805,0.7205,-0.7217,10.73,2.84,0.34
881914,0.2822,0.7263,-0.7158,10.77,3.13,0.38
881994,0.2786,0.7151,-0.7188,10.52,2.81,-0.36
882084,0.2786,0.7222,-0.7146,10.01,3.12,0.03
882164,0.2783,0.7229,-0.7146,10.40,2.73,0.03
882244,0.2751,0.7227,-0.7107,10.21,2.67,-0.08
882334,0.2769,0.7236,-0.7197,9.80,2.50,0.11
882414,0.2766,0.7253,-0.7148,9.53,2.56,0.09
882494,0.2759,0.7239,-0.7214,9.05,2.37,0.36
882584,0.2803,0.7246,-0.7209,8.95,2.38,0.05
882664,0.2830,0.7285,-0.7107,9.67,2.40,0.50
882744,0.2761,0.7219,-0.7131,9.49,2.80,1.01
882834,0.2808,0.7227,-0.7109,9.70,3.70,1.29
882914,0.2810,0.7251,-0.7112,9.60,2.88,1.38
882994,0.2864,0.7207,-0.7131,9.27,3.80,1.01
883084,0.2864,0.7219,-0.7122,9.48,2.82,0.99
883164,0.2859,0.7295,-0.7075,9.71,2.39,1.39
883244,0.2891,0.7229,-0.7163,9.79,2.95,1.06
883334,0.2930,0.7168,-0.7166,9.80,3.24,0.20
883414,0.2981,0.7341,-0.7048,10.06,3.44,0.53
883494,0.2856,0.7202,-0.7053,10.23,2.16,0.13
883584,0.2961,0.7258,-0.7097,10.45,2.43,-0.52
883664,0.2979,0.7200,-0.7153,9.41,1.68,0.46
883744,0.2817,0.7166,-0.6880,9.18,2.53,-1.06
883834,0.2861,0.7383,-0.7075,10.59,1.19,-0.80
883914,0.2830,0.7312,-0.7124,11.02,1.34,1.02
883994,0.2856,0.7263,-0.7007,10.52,2.05,-1.10
884084,0.2781,0.7358,-0.7153,12.12,1.25,-0.99
884164,0.2722,0.7185,-0.7063,11.12,2.33,-0.08
884244,0.2661,0.7327,-0.7231,10.80,2.84,-0.51
884334,0.2727,0.7405,-0.7083,11.46,2.66,-1.09
884414,0.2708,0.7261,-0.7075,11.39,1.83,0.21
884494,0.2725,0.7302,-0.7126,10.55,2.05,0.23
884584,0.2690,0.7234,-0.7212,10.79,1.96,-0.23
884664,0.2671,0.7273,-0.7073,10.76,2.23,0.06
884744,0.2649,0.7314,-0.7107,10.65,1.76,0.99
884834,0.2634,0.7317,-0.7170,10.57,2.94,0.55
884914,0.2678,0.7334,-0.7217,10.52,2.80,0.35
884994,0.2725,0.7300,-0.7034,10.91,3.62,0.81
885084,0.2708,0.7334,-0.7073,10.88,2.81,0.06
885164,0.2729,0.7310,-0.7141,11.14,2.98,0.24
885244,0.2725,0.7273,-0.7124,10.60,2.30,1.14
885334,0.2710,0.7317,-0.7117,10.18,3.29,0.67
885414,0.2751,0.7346,-0.7168,10.57,3.11,0.70
885494,0.2749,0.7292,-0.7122,10.62,3.19,0.81
885584,0.2764,0.7275,-0.7139,10.52,2.93,0.04
885664,0.2764,0.7363,-0.7092,10.49,3.30,-0.26
885744,0.2791,0.7305,-0.7183,10.54,3.02,-0.31
885834,0.2805,0.7378,-0.7046,10.91,2.77,-0.13
885914,0.2739,0.7388,-0.7124,11.17,2.30,-0.48
885994,0.2710,0.7256,-0.7131,10.76,2.92,-0.20
886084,0.2554,0.7100,-0.7195,9.69,1.32,-3.20
886164,0.2419,0.7148,-0.7368,12.15,7.68,-10.72
886244,0.2678,0.8015,-0.7070,27.20,11.50,-15.50
886334,0.2205,0.7886,-0.6394,49.97,11.52,-13.55
886414,0.2458,0.7566,-0.7109,65.93,5.46,12.55
886494,0.2742,0.6289,-0.8123,52.21,19.34,10.47
886584,0.2012,0.7263,-0.8423,48.52,23.88,12.92
886664,0.1460,0.5435,-1.0127,62.42,47.25,15.50
886744,0.4246,0.1350,-1.1636,42.80,73.45,-6.96
886834,0.4875,0.4380,-0.6670,24.37,78.22,-27.12
886914,0.5618,0.3943,-0.6533,18.73,60.73,-28.80
886994,0.6377,0.4275,-0.6826,22.48,14.71,-17.63
887084,0.6099,0.4028,-0.6541,20.17,27.03,-29.82
887164,0.6194,0.4399,-0.6926,17.86,20.12,-15.39
887244,0.7161,0.4631,-0.7197,19.79,22.05,-5.23
887334,0.6040,0.4414,-0.6343,17.28,18.06,7.05
887414,0.5977,0.4026,-0.6941,20.72,13.71,10.19
887494,0.6567,0.4209,-0.7317,27.53,14.66,15.20
887584,0.7056,0.3523,-0.7446,23.55,30.27,10.09
887664,0.7720,0.3892,-0.6033,25.30,27.78,11.63
887744,0.7808,0.3818,-0.6372,17.90,24.66,8.31
887834,0.7644,0.2952,-0.5571,12.80,20.60,5.54
887914,0.8035,0.3379,-0.5540,12.75,11.44,7.53
887994,0.7966,0.3281,-0.5750,10.96,6.03,4.32
888084,0.8140,0.3035,-0.6511,10.59,4.75,2.06
888164,0.8096,0.3450,-0.6116,11.26,4.93,0.32
888244,0.7612,0.3413,-0.5996,14.31,7.09,3.02
888341,0.7930,0.3440,-0.6079,17.35,11.91,3.49
888421,0.8042,0.3210,-0.6079,17.80,13.61,4.48
888501,0.8230,0.2881,-0.5752,14.45,10.66,2.03
888591,0.8389,0.2971,-0.5603,12.00,3.06,1.44
888671,0.7905,0.3171,-0.5371,11.82,1.67,0.72
888751,0.7688,0.3191,-0.5393,16.77,-7.92,6.20
888841,0.8691,0.2964,-0.7083,17.86,-10.12,0.65
888921,0.8281,0.3101,-0.6104,11.88,-3.25,-2.00
889001,0.7715,0.2817,-0.6057,16.25,-7.70,1.92
889091,0.7834,0.2632,-0.6487,16.44,-7.98,4.50
889171,0.8394,0.2217,-0.7063,7.81,-5.60,0.11
889251,0.8213,0.2322,-0.6438,3.41,-2.55,-1.13
889341,0.8020,0.2314,-0.6099,0.03,-5.45,-4.11
889421,0.7966,0.2322,-0.6079,-2.59,-9.79,-6.98
889501,0.7903,0.2451,-0.6138,-7.48,-14.92,-9.80
889591,0.7715,0.3040,-0.6218,-13.18,-16.12,-10.73
889671,0.7510,0.3120,-0.6570,-16.01,-15.28,-13.36
889751,0.6006,0.3699,-0.5613,-16.60,-15.57,-12.64
889841,0.6616,0.5095,-0.5959,-7.72,-30.16,5.27
889921,0.6794,0.5317,-0.7612,1.20,-34.34,33.72
890001,0.6157,0.4551,-0.7351,-1.38,-25.46,47.92
890091,0.5911,0.3572,-0.7100,-8.26,-22.07,47.12
890171,0.5498,0.2981,-0.8152,-12.19,-33.71,36.90
890251,0.5674,0.3708,-0.7280,-16.01,-27.05,15.23
890341,0.4722,0.3894,-0.7798,-19.57,-30.62,17.91
890421,0.5098,0.4509,-0.8452,-11.62,-29.53,-6.45
890501,0.4297,0.5217,-0.8950,-11.20,-17.84,-23.98
890591,0.3960,0.5049,-0.9175,-14.32,-3.86,-46.99
890671,0.3337,0.5881,-0.7776,-7.41,4.03,-61.73
890751,0.2869,0.7312,-0.7148,0.21,0.94,-53.28
890841,0.2681,0.7554,-0.7629,10.02,-14.15,-31.75
890921,0.2339,0.7412,-0.7236,5.48,-14.37,-14.95
891001,0.2209,0.7346,-0.7371,2.19,-9.51,-4.42
891091,0.2253,0.7590,-0.6711,3.97,-6.27,11.21
891171,0.2163,0.7112,-0.7983,8.10,-8.71,24.09
891251,0.2686,0.6919,-0.8135,10.45,3.12,19.77
891341,0.2607,0.6638,-0.8352,15.73,2.31,22.20
891421,0.3210,0.6218,-0.7656,16.66,5.56,21.77
891501,0.3113,0.5420,-0.7283,11.85,4.85,14.05
891591,0.3228,0.5454,-0.7690,8.29,1.56,4.92
891671,0.2976,0.5562,-0.8298,7.86,0.86,-3.59
891751,0.3113,0.6213,-0.8533,12.02,9.45,-8.84
891841,0.3167,0.6289,-0.7449,18.99,8.24,-3.68
891921,0.3123,0.6111,-0.7581,16.06,5.49,-3.56
892001,0.3215,0.6208,-0.8059,15.30,2.52,-0.54
892091,0.3240,0.6367,-0.8074,12.38,5.83,-0.65
892171,0.3220,0.6067,-0.8010,11.41,3.59,0.31
892251,0.3142,0.6191,-0.7649,9.68,2.52,2.75
892342,0.3311,0.6108,-0.8025,9.73,1.11,2.27
892422,0.3203,0.6101,-0.7808,8.77,1.12,2.56
892502,0.3276,0.6101,-0.8018,10.00,1.02,2.07
892592,0.3164,0.5991,-0.7837,8.77,1.64,-0.29
892672,0.3152,0.6113,-0.7849,9.41,2.05,-1.32
892752,0.3066,0.6121,-0.8059,10.19,1.39,0.06
892842,0.3042,0.6140,-0.7949,10.34,4.25,-1.39
892922,0.3049,0.6265,-0.7913,10.64,5.21,-0.89
893002,0.3179,0.6274,-0.7793,10.78,5.09,0.48
893092,0.3154,0.6104,-0.7832,10.50,5.34,1.73
893172,0.3235,0.6245,-0.7776,11.51,4.48,2.16
893252,0.3291,0.6108,-0.7905,10.27,3.04,1.39
893342,0.3235,0.6104,-0.7930,10.47,3.91,1.08
893422,0.3320,0.6094,-0.7827,10.77,4.12,0.57
893502,0.3247,0.6091,-0.7837,11.44,3.20,0.22
893592,0.3303,0.6104,-0.8069,11.16,3.05,0.88
893672,0.3279,0.6145,-0.7891,11.23,3.52,0.16
893752,0.3276,0.6130,-0.7881,11.62,3.95,0.05
893842,0.3379,0.6030,-0.7842,11.31,2.73,-0.27
893922,0.3311,0.6179,-0.7910,10.95,2.74,0.02
894002,0.3315,0.6074,-0.7876,11.05,2.90,0.45
894092,0.3352,0.6045,-0.7961,10.48,2.59,0.99
894172,0.3320,0.6089,-0.7935,10.41,3.09,0.57
894252,0.3406,0.6182,-0.7996,9.43,2.23,0.80
894342,0.3438,0.6082,-0.7957,8.16,0.94,2.00
894422,0.3433,0.5845,-0.7964,8.02,0.46,1.23
894502,0.3293,0.6140,-0.8003,1.98,3.77,-1.33
894592,0.3164,0.6411,-0.7622,0.53,2.84,2.90
894672,0.3438,0.6064,-0.8132,-9.60,6.38,1.35
894752,0.3567,0.6184,-0.7568,-16.32,11.67,-6.73
894842,0.3420,0.6392,-0.7017,-13.32,8.13,-15.98
894922,0.3242,0.7659,-0.6575,-7.35,4.74,-14.46
895002,0.3086,0.7761,-0.6558,-1.56,0.70,-7.98
895092,0.3101,0.7566,-0.6687,2.40,5.91,-8.91
895174,0.3020,0.7788,-0.5859,7.14,-8.16,-12.87
895254,0.2761,0.7852,-0.6565,4.13,-19.84,-16.57
895342,0.1375,0.8022,-0.7515,2.19,-1.84,-21.59
895422,0.1807,0.8997,-0.5615,20.41,-1.12,-21.02
895502,0.1741,0.8301,-0.6501,28.82,-9.62,-1.98
895592,0.1555,0.7129,-0.7009,24.91,-0.22,-3.86
895672,0.1621,0.7666,-0.6528,17.41,0.99,-1.67
895752,0.1646,0.7925,-0.7207,8.40,0.81,5.56
895842,0.1631,0.7749,-0.7417,7.67,-0.98,9.48
895922,0.1526,0.7615,-0.7549,16.83,0.70,8.82
896002,0.1584,0.7170,-0.7339,16.09,7.80,6.80
896092,0.2039,0.7349,-0.7439,15.63,11.95,3.02
896172,0.2241,0.7214,-0.7065,15.19,10.79,0.97
896252,0.2200,0.7258,-0.6880,12.89,6.69,1.04
896342,0.2319,0.7393,-0.7036,11.74,3.18,-0.46
896422,0.2209,0.7468,-0.6958,8.87,0.82,0.01
896502,0.2231,0.7373,-0.6960,8.92,-3.77,0.43
896592,0.2053,0.7571,-0.7175,9.73,-7.70,2.09
896672,0.2065,0.7556,-0.7390,12.42,-5.99,3.77
896752,0.1946,0.7437,-0.7236,15.32,-3.86,4.32
896842,0.1877,0.7266,-0.7256,17.31,-4.41,4.03
896922,0.1794,0.7168,-0.7537,13.94,-3.20,2.35
897002,0.1790,0.7271,-0.7566,13.77,-0.83,1.18
897092,0.1716,0.7156,-0.7468,14.23,0.27,2.37
897172,0.1738,0.7051,-0.7646,15.61,1.38,3.41
897252,0.1819,0.7161,-0.7563,15.11,3.76,2.78
897342,0.1790,0.6887,-0.7456,16.74,4.21,3.12
897422,0.1982,0.6946,-0.7976,14.76,5.34,3.75
897502,0.1851,0.6616,-0.7937,4.17,13.31,1.31
897592,0.1929,0.7778,-0.7595,-3.24,14.85,-2.80
897672,0.1782,0.7578,-0.7229,-0.88,23.91,0.62
897752,0.2544,0.7717,-0.6431,8.91,29.57,7.20
897842,0.3909,0.8589,-0.8921,23.52,28.20,19.75
897922,0.5381,0.8196,-1.1245,41.11,52.02,30.53
898002,0.5732,0.8284,-0.9946,57.65,66.96,30.66
898092,0.5542,0.5254,-0.7017,53.33,57.10,32.21
898172,0.6021,0.4763,-0.6582,49.44,48.14,16.73
898252,0.7000,0.4646,-0.6306,43.95,36.07,6.43
898342,0.7371,0.4570,-0.7046,37.69,14.02,-11.52
898422,0.7056,0.4502,-0.7031,31.84,-7.23,-21.29
898502,0.6055,0.3684,-0.6895,24.82,-24.63,-40.24
898592,0.4453,0.3562,-0.6873,15.76,-37.71,-63.47
898672,0.3416,0.2935,-0.7158,0.33,-31.31,-79.46
898752,0.2356,0.3132,-0.6584,-11.64,-17.80,-91.63
898842,0.1277,0.3860,-0.7515,-18.06,2.49,-106.79
898922,0.0806,0.5046,-0.8088,-27.24,35.31,-120.38
899002,0.1062,0.9019,-0.6890,-43.32,66.94,-110.53
899092,-0.0090,0.8210,-0.5234,-48.23,65.80,-89.70
899172,-0.0259,0.9531,-0.4937,-35.20,82.53,-81.09
899252,-0.1099,0.9241,-0.2971,-30.03,75.85,-68.38
899342,-0.0234,1.0784,-0.2061,-7.80,18.38,-34.28
899422,-0.0320,1.0039,-0.3191,5.84,-10.83,-12.88
899502,-0.0505,1.0254,-0.3340,13.00,-23.23,2.87
899592,-0.0435,0.9673,-0.3982,18.35,-18.22,6.77
899672,0.0012,0.9629,-0.3345,16.65,-10.82,0.36
899752,0.0068,0.9536,-0.2898,14.42,-6.96,-11.25
899842,-0.0090,0.9707,-0.2222,18.27,-6.68,-26.95
899922,-0.1282,0.9333,-0.5271,34.98,3.14,-36.89
900002,-0.1626,0.9988,-0.5818,42.67,29.30,-44.20
900092,-0.2197,1.1277,-0.9373,51.14,45.59,-9.44
900172,-0.1865,0.7039,-0.7107,45.20,31.27,7.60
900252,-0.2056,0.4590,-0.8472,25.74,27.65,-9.34
900342,-0.2058,0.6587,-0.6240,6.29,8.50,-16.23
900422,-0.1721,0.6814,-0.6450,2.11,-10.47,-8.91
900502,-0.2161,0.7554,-0.6641,-2.08,-17.37,-0.25
900592,-0.2214,0.7996,-0.6912,-12.34,-6.59,7.69
900672,-0.2361,0.7864,-0.6406,-18.68,11.66,5.21
900752,-0.2107,0.8179,-0.5410,-20.68,12.14,7.78
900842,-0.2297,0.8972,-0.4761,-22.80,5.73,9.34
900922,-0.2446,0.9619,-0.5974,-16.95,-1.81,20.41
901002,0.0681,1.0549,-0.7034,4.98,21.47,54.26
901092,0.1228,0.7065,-0.5500,36.30,52.06,44.46
901172,0.1836,0.9678,-0.4563,58.70,48.87,77.00
901252,0.2036,0.7693,-0.5691,58.77,56.05,81.12
901342,0.3779,0.7358,-0.4033,56.70,42.25,91.29
901422,0.4233,0.5813,-0.4619,57.96,5.55,111.64
901502,0.5469,0.2473,-1.0408,57.23,43.56,89.48
901592,0.6729,0.3721,-0.5979,34.78,103.87,48.48
901672,0.7498,0.2329,-0.5342,27.22,87.48,34.46
901752,0.9165,0.2722,-0.4346,35.84,67.76,28.99
901842,1.1123,0.2651,-0.4202,33.52,42.09,17.88
901922,1.2009,0.1855,-0.4656,23.34,23.76,6.38
902002,1.3052,0.2834,-0.3049,17.61,-5.67,4.50
902092,1.1821,0.2859,-0.3945,15.78,-36.87,-0.50
902172,1.0842,0.2561,-0.4595,9.33,-61.26,-9.06
902252,0.9482,0.2478,-0.5364,-3.06,-75.64,-22.48
902342,0.8115,0.3047,-0.5715,-14.90,-92.14,-41.27
902422,0.6270,0.3521,-0.6218,-26.98,-106.38,-57.38
902502,0.3699,0.4207,-0.6663,-40.04,-112.14,-74.78
902592,0.1077,0.5178,-0.7537,-52.45,-103.93,-94.19
902672,-0.0730,0.6025,-0.7502,-61.55,-73.02,-107.41
902752,-0.1416,0.7847,-0.6047,-46.26,-50.36,-91.41
902842,-0.2705,0.7524,-0.6658,-26.69,-36.90,-73.26
902922,-0.2883,0.8069,-0.5454,-18.48,-16.86,-51.99
903002,-0.3313,0.8022,-0.5474,-13.13,-7.77,-29.77
903092,-0.4146,0.8501,-0.5271,-1.18,-4.46,-13.66
903172,-0.4148,0.7866,-0.4749,-1.08,2.78,-7.52
903252,-0.4358,0.8169,-0.4734,-1.54,7.25,-5.98
903342,-0.4814,0.7986,-0.4907,-12.45,12.86,-8.25
903422,-0.4614,1.0234,-0.6108,-20.43,21.77,-7.81
903502,-0.3181,0.9568,-0.6519,-15.38,13.72,12.59
903592,-0.1370,0.6936,-0.5305,-22.59,41.73,-9.12
903672,-0.2173,1.0100,-0.4502,7.15,36.69,6.82
903752,-0.2510,0.8538,-0.4155,15.85,26.30,3.73
903842,-0.2004,0.8960,-0.3191,25.10,2.57,8.70
903922,-0.1802,0.7705,-0.2405,25.57,-35.41,1.48
904002,-0.4331,0.9714,-0.7600,36.41,-48.98,-5.70
904092,-0.3174,0.9387,-0.5569,43.71,-33.33,8.34
904172,-0.3345,0.7053,-0.6133,35.39,-21.98,18.66
904252,-0.3818,0.7607,-0.5378,25.20,-13.95,14.73
904342,-0.3831,0.7148,-0.5234,18.66,-8.12,14.73
904422,-0.4146,0.7124,-0.5183,8.61,-1.59,8.73
904502,-0.4211,0.7781,-0.4575,-14.82,1.84,-0.30
904592,-0.4573,1.2620,-0.7209,-18.52,-8.96,7.01
904672,-0.2769,0.7839,-0.6567,-18.57,-8.29,13.27
904752,-0.2109,0.9595,-0.4568,-4.35,9.70,6.86
904842,-0.2671,0.8845,-0.3953,7.65,-14.61,16.48
904922,-0.2859,0.8879,-0.3254,19.70,-29.46,23.09
905002,-0.3093,0.9094,-0.2812,27.37,-45.73,34.33
905092,-0.3298,0.8345,-0.2539,34.44,-60.14,31.24
905172,-0.3689,0.8774,-0.3213,26.30,-63.40,16.84
905252,-0.4653,1.0049,-0.7722,35.22,-44.90,7.17
905342,-0.2188,0.8755,-0.4717,51.72,-33.56,16.63
905422,-0.2488,0.8098,-0.6978,62.47,-36.05,42.13
905502,-0.2986,0.7561,-0.5874,51.03,-21.70,28.23
905592,-0.2920,0.8228,-0.4402,34.53,-30.63,35.75
905672,-0.3306,0.7214,-0.5681,23.03,-37.00,30.46
905752,-0.2832,0.7810,-0.5315,3.30,-35.88,20.99
905842,-0.3301,0.9236,-0.5266,-13.31,-37.40,9.05
905922,-0.2788,0.8586,-0.5574,-2.20,-38.38,30.09
906002,-0.0886,0.7747,-0.3945,10.28,-10.87,10.60
906092,-0.2300,1.0579,-0.3521,41.65,-51.40,29.15
906172,-0.2891,0.8459,-0.3843,54.95,-63.48,29.80
906252,-0.2319,0.8813,-0.2349,64.62,-94.13,37.63
906342,-0.4702,1.0967,-0.5872,73.70,-119.66,58.24
906422,-0.5015,0.8137,-0.5637,66.73,-100.18,46.48
906502,-0.4490,0.6780,-0.5979,65.20,-89.68,51.91
906592,-0.5354,0.6387,-0.5513,58.12,-75.52,37.69
906672,-0.5071,0.6990,-0.5525,45.82,-65.07,38.12
906752,-0.5242,0.7070,-0.5518,29.23,-48.02,34.30
906842,-0.5159,0.7502,-0.5286,15.37,-30.85,23.69
906922,-0.5171,0.6865,-0.5530,12.96,-21.64,18.77
907002,-0.5081,0.6936,-0.5076,14.24,-11.27,13.95
907092,-0.4814,0.9102,-0.4275,22.27,-22.75,24.93
907172,-0.5007,0.8538,-0.4783,35.52,-43.55,45.27
907252,-0.4832,0.9260,-0.6013,34.76,-45.82,45.48
907342,-0.1582,0.7170,-0.5164,12.81,-45.46,33.16
907422,-0.1257,1.0498,-0.4060,18.05,-27.09,29.62
907502,-0.2053,0.8918,-0.3721,17.38,-37.84,30.45
907592,-0.2488,0.9397,-0.3789,20.72,-34.87,21.66
907672,-0.2822,0.9307,-0.3606,28.13,-36.22,25.12
907752,-0.2847,0.9387,-0.3823,28.80,-33.65,22.79
907842,-0.2878,0.8408,-0.3999,23.59,-19.88,18.94
907922,-0.2900,0.8987,-0.3403,23.06,-3.14,11.66
908002,-0.2495,0.9392,-0.1929,24.57,-6.59,5.30
908092,-0.2886,0.9326,-0.3115,37.43,-15.55,3.59
908172,-0.3574,1.0405,-0.7000,40.32,-8.14,-0.57
908252,-0.4358,0.8464,-0.7012,30.53,25.32,-19.16
908342,-0.2156,0.7290,-0.6172,14.07,3.43,-1.45
908422,-0.0981,0.5813,-0.6621,17.09,1.42,5.51
908502,-0.2534,0.6731,-0.6506,12.25,-3.23,4.59
908592,-0.3416,0.7520,-0.5613,0.45,-3.60,-8.55
908672,-0.3108,0.7910,-0.4800,0.25,-2.61,-4.23
908752,-0.3284,0.7859,-0.4939,-4.66,-3.27,0.58
908842,-0.4102,0.7244,-0.4958,-11.24,-2.84,-3.12
908922,-0.4795,0.6533,-0.4590,-16.21,2.72,-15.50
909002,-0.4790,0.8704,-0.3911,-16.85,-7.24,-23.26
909092,-0.4531,0.8789,-0.3506,13.51,-57.91,15.95
909172,-0.2385,0.8074,-0.5251,2.23,-22.18,-4.45
909458,-0.2817,0.9307,-0.2166,11.30,20.13,-2.42
909543,-0.3069,0.9238,-0.2156,18.76,-0.81,4.12
909623,-0.3132,0.8445,-0.2712,23.88,-14.23,4.91
909703,-0.4346,1.0361,-0.5325,21.84,-15.57,-0.67
909792,-0.3259,1.0491,-0.4243,21.73,-28.18,-9.94
909872,-0.2246,0.6125,-0.5349,33.17,-33.84,11.32
909952,-0.3586,0.7625,-0.6699,26.86,-14.44,9.66
910042,-0.3718,0.7371,-0.5098,11.23,-5.90,1.15
910122,-0.3982,0.6929,-0.5659,8.74,2.73,3.55
910202,-0.4285,0.6843,-0.4910,2.56,17.93,-9.26
910292,-0.4841,0.7354,-0.4258,-13.87,15.49,-20.88
910372,-0.5212,0.9226,-0.5159,-13.84,1.33,-22.57
910452,-0.4778,1.1030,-0.5649,-11.17,-4.32,-6.03
910542,-0.2302,0.6804,-0.4678,-9.95,14.71,-15.66
910622,-0.3787,1.0635,-0.4497,6.84,33.00,-3.09
910702,-0.3311,0.7778,-0.3364,9.52,6.82,5.72
910792,-0.4026,0.8564,-0.3833,1.19,7.98,-8.23
910872,-0.3982,0.7974,-0.3577,-5.46,8.55,-12.40
910952,-0.4333,0.7915,-0.3669,-16.45,16.27,-28.08
911042,-0.5801,0.9075,-0.5784,-14.34,34.21,-28.91
911122,-0.4121,0.9553,-0.2620,-19.38,27.41,-24.11
911205,-0.4473,0.8728,-0.5579,-16.45,21.39,-12.27
911292,-0.3684,0.8489,-0.4526,-8.20,27.91,-3.99
911372,-0.4900,0.7832,-0.6045,-17.50,37.51,-4.30
911452,-0.4431,0.7053,-0.4333,-36.69,55.84,-19.04
911544,-0.4866,0.6821,-0.3948,-48.97,66.12,-43.04
911624,-0.5061,0.9224,-0.3381,-50.34,65.06,-43.84
911704,-0.4951,0.9207,-0.3401,-28.11,51.14,-32.26
911794,-0.3608,0.8882,-0.3284,-7.19,48.34,-11.81
911874,-0.3660,0.9961,-0.2529,-5.80,62.02,-10.36
911954,-0.4062,0.9822,-0.2236,-6.83,39.58,6.70
912044,-0.4048,0.8582,-0.2896,-11.12,32.07,6.45
912124,-0.3857,0.9099,-0.2271,-14.98,31.59,-1.23
912204,-0.3357,0.9055,-0.2690,-17.65,26.68,-7.64
912294,-0.3689,0.8799,-0.3032,-21.30,34.38,-19.39
912374,-0.4363,0.9617,-0.1667,-6.98,16.50,-23.21
912454,-0.3787,1.0354,-0.2759,8.38,1.91,-11.74
912544,-0.3281,0.9258,-0.1946,14.45,-7.60,2.34
912624,-0.3904,0.9482,-0.3176,25.27,-26.37,11.07
912704,-0.4292,0.9443,-0.3684,33.30,-33.39,22.68
912794,-0.4946,0.9106,-0.4587,27.59,-15.27,15.33
912874,-0.4373,0.7866,-0.3516,23.72,-13.81,15.49
912954,-0.4246,0.9246,-0.4109,27.59,-17.78,13.39
913044,-0.3486,0.9023,-0.3782,23.84,-16.94,15.57
913124,-0.3191,0.8743,-0.3750,25.77,-12.65,10.99
913204,-0.2991,0.8440,-0.4512,18.09,-6.30,3.97
913294,-0.2927,0.9202,-0.3328,14.20,7.12,-4.69
913374,-0.2820,0.9031,-0.2576,8.70,-2.23,-8.33
913454,-0.3901,0.8066,-0.4075,11.55,0.80,-13.26
913551,-0.4526,0.9526,-0.4832,7.15,10.52,-25.14
913631,-0.3713,0.9072,-0.4775,6.39,18.55,-10.01
913711,-0.4229,0.7681,-0.4766,-4.95,36.80,-23.05
913801,-0.4246,0.8674,-0.4246,-5.59,38.98,-22.30
913881,-0.4185,0.8057,-0.4470,-13.76,41.45,-23.05
913961,-0.4404,0.8625,-0.4282,-16.73,41.21,-25.30
914051,-0.4468,0.8074,-0.4680,-22.27,43.74,-23.86
914131,-0.4541,0.8779,-0.3892,-21.36,48.88,-26.39
914211,-0.4146,0.8914,-0.3438,-16.48,36.71,-16.99
914301,-0.4119,0.8801,-0.3979,-16.42,26.27,-16.34
914381,-0.4006,0.8940,-0.3491,-12.33,19.56,-11.71
914461,-0.4163,0.8999,-0.3542,-6.70,14.38,-6.34
914552,-0.4070,0.8811,-0.3462,-2.93,7.26,-2.61
914632,-0.4023,0.9089,-0.3135,6.30,-4.48,4.51
914712,-0.4077,0.9016,-0.3369,15.55,-11.80,9.59
914802,-0.3979,0.9053,-0.3645,22.05,-18.20,13.34
914882,-0.4236,0.8801,-0.3325,25.84,-27.70,14.80
914962,-0.4058,0.8879,-0.3718,28.93,-32.34,15.33
915052,-0.3945,0.9038,-0.3376,29.36,-31.88,18.32
915132,-0.4136,0.9221,-0.3503,33.06,-39.38,26.04
915212,-0.4316,0.8433,-0.3767,37.30,-45.98,31.72
915302,-0.3999,0.8547,-0.4216,35.32,-41.70,23.75
915382,-0.4036,0.8306,-0.4333,30.95,-37.24,19.33
915462,-0.3953,0.8264,-0.4634,24.99,-23.63,10.22
915552,-0.4092,0.8564,-0.4490,16.22,-10.72,3.33
915632,-0.4126,0.8257,-0.4512,9.59,0.29,-3.37
915712,-0.4001,0.8352,-0.4434,6.04,14.84,-12.62
915802,-0.4058,0.8774,-0.3958,3.72,16.81,-14.41
915882,-0.4221,0.8718,-0.4146,-0.73,17.32,-12.49
915962,-0.4075,0.8811,-0.4382,-6.78,16.37,-10.30
916052,-0.4138,0.8523,-0.4373,-8.90,20.62,-12.45
916132,-0.4380,0.7881,-0.4404,-13.34,31.05,-18.19
916212,-0.4448,0.8774,-0.3999,-13.70,37.68,-21.44
916302,-0.4351,0.8687,-0.3567,-16.02,38.04,-20.32
916382,-0.4226,0.8865,-0.3445,-15.05,31.79,-16.45
916462,-0.4092,0.8999,-0.3452,-11.27,25.28,-10.70
916552,-0.4141,0.8936,-0.3677,-10.41,21.12,-7.08
916632,-0.4099,0.8999,-0.3455,-8.01,18.98,-4.70
916712,-0.4045,0.9353,-0.3137,-2.24,8.64,1.88
916802,-0.3914,0.9011,-0.3193,4.64,-1.89,5.13
916882,-0.3848,0.9290,-0.2974,14.29,-10.23,8.35
916962,-0.3855,0.9534,-0.2593,19.82,-24.79,17.30
917052,-0.4019,0.9272,-0.2900,29.20,-38.83,27.55
917132,-0.4094,0.8838,-0.3252,34.80,-44.95,30.55
917212,-0.3911,0.8767,-0.3564,37.64,-45.71,26.75
917302,-0.3865,0.8286,-0.3840,30.49,-40.46,15.65
917382,-0.3884,0.8579,-0.4153,23.32,-30.79,6.41
917462,-0.4048,0.8467,-0.4087,13.98,-17.71,-3.36
917553,-0.4055,0.8638,-0.3928,4.15,-1.23,-10.81
917633,-0.3901,0.8716,-0.3423,-0.11,0.23,-14.82
917713,-0.3855,0.9229,-0.3552,-0.42,4.36,-14.47
917803,-0.4524,0.8728,-0.3604,6.91,16.34,-13.79
917883,-0.4651,0.9373,-0.3137,14.66,17.26,-8.70
917963,-0.4602,0.9026,-0.3831,18.07,9.75,-0.06
918053,-0.4580,0.7488,-0.3660,16.88,7.48,3.07
918133,-0.5618,0.7751,-0.3994,2.73,12.14,-7.39
918213,-0.5166,0.7891,-0.4128,-12.45,16.05,-11.79
918303,-0.5498,0.7881,-0.3816,-12.80,19.23,-10.46
918383,-0.5754,0.7493,-0.3525,-8.95,19.62,-13.13
918463,-0.5510,0.7598,-0.3650,0.70,9.55,-18.34
918553,-0.3950,0.9062,-0.3052,6.27,4.15,-5.31
918633,-0.4390,0.8164,-0.4238,9.32,19.02,-5.05
918713,-0.4402,0.8940,-0.3958,-0.23,26.21,-10.55
918803,-0.3816,0.9197,-0.2900,-4.53,18.09,-5.04
918883,-0.4124,0.9575,-0.3071,-1.72,13.61,1.40
918963,-0.3909,0.9578,-0.2305,1.27,2.23,3.52
919053,-0.3777,0.8936,-0.2559,5.13,-10.27,3.88
919133,-0.4082,0.9009,-0.2815,5.64,-10.59,5.05
919213,-0.4404,0.8738,-0.3538,10.83,-7.78,-0.98
919303,-0.4717,0.9280,-0.3672,12.32,-10.10,2.66
919383,-0.3677,0.8909,-0.4136,5.85,9.34,4.00
919463,-0.4287,0.8977,-0.2773,4.91,11.70,2.93
919553,-0.4048,0.8572,-0.4016,15.35,10.54,5.45
919633,-0.4639,0.8772,-0.3711,17.44,9.19,5.55
919713,-0.4604,0.8027,-0.4065,12.16,11.33,-0.36
919803,-0.4851,0.8352,-0.3760,0.27,13.35,-11.70
919883,-0.4238,0.8228,-0.3645,-3.88,3.40,-11.67
919963,-0.4727,0.8916,-0.3748,-0.78,-0.59,-9.54
920053,-0.4319,0.8677,-0.3582,10.12,-9.48,-5.59
920133,-0.4348,0.8677,-0.4104,16.33,-3.60,-1.12
920213,-0.3850,0.8245,-0.4221,12.37,13.40,-5.66
920303,-0.3875,0.8691,-0.2998,4.92,3.37,-6.14
920383,-0.4561,0.9016,-0.3389,-3.42,-5.52,-15.27
920463,-0.4480,0.8816,-0.3357,1.55,-10.05,-11.77
920553,-0.5391,0.9373,-0.3425,11.23,-0.59,1.97
920633,-0.5063,0.8118,-0.2576,11.41,6.48,12.86
920713,-0.4990,0.8342,-0.3232,8.16,7.34,3.55
920803,-0.4666,0.8562,-0.3491,8.91,7.45,-0.40
920883,-0.4890,0.8843,-0.3743,12.21,6.42,3.73
920963,-0.4614,0.8442,-0.3489,8.66,7.62,0.44
921053,-0.4521,0.9031,-0.3391,11.59,1.45,7.16
921133,-0.4487,0.8848,-0.3589,15.70,-6.90,11.84
921213,-0.4631,0.8372,-0.3494,20.04,-7.22,12.73
921303,-0.4648,0.8311,-0.3567,21.33,-4.59,10.08
921383,-0.4458,0.8069,-0.3789,17.66,-6.82,6.15
921463,-0.4333,0.7786,-0.3872,12.02,-10.88,1.77
921553,-0.4451,0.8809,-0.4177,9.58,-2.41,-4.62
921633,-0.4619,0.8535,-0.4224,7.02,-4.03,-1.13
921713,-0.4585,0.8623,-0.3960,5.84,8.51,-2.33
921803,-0.4404,0.8550,-0.3938,8.64,10.54,-1.58
921883,-0.4136,0.8740,-0.3276,14.49,2.07,2.70
921963,-0.4307,0.8411,-0.4116,15.67,-1.48,4.02
922053,-0.4338,0.8674,-0.4072,15.41,1.34,4.05
922133,-0.4036,0.8281,-0.3796,12.03,6.53,-1.52
922213,-0.4343,0.8748,-0.3816,8.67,-3.16,-5.49
922303,-0.4380,0.8596,-0.4216,6.41,-3.12,-3.61
922383,-0.4377,0.8481,-0.4209,5.86,2.25,0.42
922463,-0.4514,0.8657,-0.3735,6.99,4.62,0.36
922553,-0.4487,0.8508,-0.3723,6.03,-2.20,0.30
922633,-0.4275,0.8455,-0.3765,7.79,-1.60,0.91
922713,-0.4539,0.8408,-0.3821,9.66,-7.89,3.52
922803,-0.4443,0.8440,-0.4175,11.22,-3.16,1.84
922883,-0.4365,0.8284,-0.4180,10.91,0.90,0.66
922963,-0.4382,0.8474,-0.4153,11.02,4.30,-2.42
923053,-0.4380,0.8540,-0.4263,10.53,8.91,-5.77
923133,-0.4512,0.8271,-0.4541,11.52,10.96,-8.12
923213,-0.4612,0.7874,-0.4729,6.24,19.27,-12.92
923303,-0.4746,0.7578,-0.4858,0.38,29.88,-20.44
923383,-0.4907,0.7573,-0.5166,-8.27,42.07,-27.50
923463,-0.4939,0.7502,-0.5144,-17.34,53.45,-36.99
923553,-0.4651,0.6882,-0.5032,-26.01,72.09,-45.45
923633,-0.5234,0.8340,-0.3928,-27.52,73.59,-40.32
923713,-0.5278,0.8516,-0.3848,-30.22,56.70,-29.52
923803,-0.4412,0.8484,-0.4182,-33.48,38.75,-22.83
923883,-0.4211,0.8599,-0.3926,-30.64,27.07,-18.62
923963,-0.4226,0.8433,-0.4495,-22.43,21.22,-12.09
924053,-0.3931,0.8748,-0.4263,-16.71,15.90,-8.60
924133,-0.4019,0.8630,-0.3872,-7.94,8.51,-1.98
924213,-0.4043,0.8931,-0.3762,-1.11,1.52,2.05
924303,-0.4219,0.8892,-0.3875,11.68,-10.69,10.15
924383,-0.3909,0.8582,-0.3604,13.67,-9.51,11.65
924463,-0.4033,0.9087,-0.3555,14.20,-19.05,17.39
924553,-0.3677,0.9368,-0.3313,12.99,-30.16,27.61
924633,-0.3989,0.9395,-0.2688,19.49,-44.80,31.47
924713,-0.3667,0.9558,-0.2402,33.91,-64.35,40.75
924803,-0.4360,0.9067,-0.2598,44.73,-81.61,48.44
924883,-0.4253,0.9214,-0.2949,54.66,-89.05,50.80
924963,-0.4133,0.9001,-0.3276,59.82,-90.10,52.15
925053,-0.4175,0.8735,-0.3840,56.42,-84.86,46.97
925133,-0.3911,0.8044,-0.4355,46.98,-74.20,29.81
925213,-0.3569,0.8477,-0.4509,38.11,-59.22,18.34
925303,-0.3276,0.8418,-0.5027,29.53,-44.25,10.72
925383,-0.3530,0.8376,-0.5034,18.58,-17.20,-1.28
925463,-0.3755,0.8533,-0.4526,8.07,3.24,-13.86
925553,-0.3923,0.9043,-0.4011,3.64,11.40,-15.93
925633,-0.3743,0.9036,-0.3928,5.05,13.88,-14.50
925713,-0.3887,0.8577,-0.4336,8.52,15.76,-12.74
925803,-0.4336,0.8552,-0.4460,6.21,17.81,-15.95
925883,-0.4473,0.8337,-0.4595,-1.78,23.95,-19.80
925963,-0.4333,0.8359,-0.4287,-8.87,29.35,-21.26
926060,-0.4519,0.8828,-0.4138,-10.95,29.45,-15.84
926140,-0.4221,0.8162,-0.4004,-13.89,35.30,-17.34
926220,-0.3965,0.8923,-0.3579,-9.70,27.83,-12.49
926310,-0.4326,0.8567,-0.3911,-5.38,23.09,-8.76
926390,-0.4141,0.8777,-0.3823,-4.75,20.02,-5.89
926477,-0.4182,0.8887,-0.4136,-0.94,19.77,-0.44
926560,-0.3843,0.8740,-0.4092,0.13,17.16,0.39
926640,-0.3652,0.8672,-0.4102,2.26,15.70,-0.91
926720,-0.3669,0.9121,-0.4011,5.95,11.43,0.31
926810,-0.3684,0.8689,-0.4343,6.54,9.33,-0.02
926890,-0.3540,0.9041,-0.4087,10.04,9.30,0.89
926970,-0.3428,0.8811,-0.4146,12.66,5.94,2.88
927060,-0.3367,0.8977,-0.4146,13.80,1.73,4.24
927140,-0.3345,0.8928,-0.4221,16.89,-4.91,6.37
927220,-0.3264,0.8911,-0.4319,19.55,-9.59,9.24
927310,-0.3306,0.8630,-0.4307,20.34,-14.27,8.66
927390,-0.3416,0.8599,-0.4521,17.51,-17.03,6.46
927479,-0.3552,0.8530,-0.4563,14.63,-14.86,2.34
927560,-0.3589,0.8472,-0.4604,11.49,-12.65,-1.39
927640,-0.3679,0.8491,-0.4531,10.33,-10.69,-4.14
927720,-0.3745,0.8416,-0.4614,11.34,-8.25,-4.27
927810,-0.3962,0.8386,-0.4548,12.03,-7.02,-3.70
927890,-0.4077,0.8379,-0.4680,13.99,-5.73,-2.02
927970,-0.4097,0.8335,-0.4763,16.52,-4.05,0.70
928060,-0.4460,0.8215,-0.4548,20.24,-6.36,-0.74
928140,-0.4382,0.8447,-0.4546,22.59,-12.08,4.94
928220,-0.4756,0.7419,-0.4792,19.44,-11.88,5.27
928310,-0.4985,0.7603,-0.5300,6.56,-1.38,-2.42
928390,-0.4792,0.7749,-0.4890,-5.34,7.59,-8.55
928477,-0.4844,0.7754,-0.4956,-8.62,10.60,-6.45
928560,-0.4775,0.8154,-0.4688,-9.66,12.13,-7.03
928640,-0.4695,0.7961,-0.4194,-7.50,7.56,-4.09
928720,-0.4705,0.8198,-0.4277,-5.54,2.69,-4.33
928810,-0.4480,0.8921,-0.4312,-5.41,3.23,-4.62
928890,-0.3923,0.8774,-0.3909,-2.21,4.54,3.20
928970,-0.3940,0.8706,-0.4231,0.15,10.69,5.81
929060,-0.3904,0.9111,-0.4097,1.81,17.55,7.03
929140,-0.3623,0.9067,-0.3948,2.88,23.21,8.27
929220,-0.3257,0.9275,-0.3110,-1.59,24.11,8.25
929310,-0.3384,0.9958,-0.3083,-2.68,14.85,9.95
929390,-0.3267,0.9019,-0.3115,0.12,6.70,10.38
929477,-0.3086,0.9204,-0.3328,2.18,9.24,5.15
929560,-0.3140,0.9397,-0.3159,4.27,9.34,2.55
929640,-0.3162,0.9363,-0.3118,8.92,3.99,0.59
929720,-0.3274,0.9321,-0.3088,13.89,-2.55,1.13
929810,-0.3494,0.9380,-0.3091,22.49,-14.18,4.83
929890,-0.3787,0.9155,-0.3027,34.20,-24.75,9.09
929970,-0.3657,0.8762,-0.3167,36.03,-31.91,8.39
930060,-0.3945,0.8958,-0.4487,32.79,-29.86,5.50
930140,-0.3872,0.8633,-0.4907,25.09,-10.17,-5.73
930220,-0.3455,0.8711,-0.5391,19.87,7.64,-8.41
930310,-0.3145,0.9138,-0.5359,18.13,14.70,-5.25
930390,-0.3076,0.8433,-0.5654,19.23,22.11,-9.33
930478,-0.2839,0.7708,-0.5586,18.15,28.70,-18.24
930560,-0.2742,0.7988,-0.5659,21.50,28.35,-17.62
930640,-0.2849,0.7588,-0.6211,15.55,23.32,-16.66
930720,-0.3445,0.8232,-0.6055,3.05,20.73,-22.12
930810,-0.3389,0.7473,-0.5571,-1.97,15.35,-19.68
930890,-0.3850,0.7515,-0.5894,-6.18,11.02,-17.71
930970,-0.3777,0.7542,-0.6089,-11.06,11.67,-17.94
931060,-0.3633,0.7612,-0.6201,-13.78,16.70,-17.23
931140,-0.4211,0.7524,-0.5112,-18.78,15.77,-17.28
931220,-0.4355,0.7446,-0.5020,-20.06,8.02,-16.21
931310,-0.4536,0.8008,-0.4971,-19.80,3.40,-13.71
931390,-0.4275,0.8857,-0.5364,-16.24,6.49,-9.30
931477,-0.4368,0.7588,-0.4988,-17.09,14.40,-9.50
931560,-0.4529,0.8362,-0.5037,-17.56,22.28,-15.63
931640,-0.4019,0.8640,-0.5149,-12.88,35.50,-16.30
931720,-0.3423,0.8262,-0.5134,-12.65,54.52,-20.07
931810,-0.3323,0.8958,-0.4316,-8.94,59.59,-19.34
931890,-0.3218,0.9111,-0.3857,-2.45,48.25,-12.66
931970,-0.3025,0.9463,-0.3003,2.19,29.44,-4.70
932060,-0.3284,0.9175,-0.2148,0.83,-3.71,1.58
932140,-0.3682,0.9592,-0.4243,-3.81,-15.61,-1.72
932220,-0.3533,0.8979,-0.4236,9.67,-5.66,-2.82
932310,-0.3274,0.8967,-0.3733,19.32,-25.65,13.40
932390,-0.3657,0.9185,-0.2905,38.88,-31.86,14.49
932477,-0.4541,0.9924,-0.2778,60.52,-65.85,35.71
932560,-0.5374,0.9807,-0.3398,74.57,-88.41,49.49
932640,-0.5186,0.7278,-0.4817,63.63,-98.23,51.75
932720,-0.3677,0.6389,-0.6118,52.35,-69.17,39.41
932810,-0.4602,0.7192,-0.5596,38.52,-52.68,29.67
932890,-0.4829,0.7168,-0.6213,24.84,-35.58,16.84
932970,-0.4875,0.7534,-0.5852,14.31,-15.19,8.03
933060,-0.4456,0.7578,-0.5583,6.11,4.07,2.03
933140,-0.4580,0.7498,-0.5542,-4.55,15.94,-7.66
933220,-0.4309,0.7107,-0.5386,-9.96,29.80,-15.90
933310,-0.4873,0.6992,-0.5481,-22.21,44.72,-26.48
933390,-0.4478,0.6660,-0.5200,-32.45,64.02,-35.55
933479,-0.5093,0.7212,-0.4602,-43.79,80.87,-42.41
933560,-0.6311,0.8916,-0.5557,-52.53,95.22,-46.76
933640,-0.6221,0.9844,-0.4529,-60.70,105.84,-59.19
933720,-0.4106,0.8452,-0.2817,-52.87,101.89,-52.75
933810,-0.3596,0.8574,-0.2573,-35.00,82.15,-35.93
933890,-0.3708,0.9019,-0.2996,-24.62,60.12,-28.98
933970,-0.3574,0.9116,-0.3103,-15.89,37.81,-22.55
934060,-0.3335,0.9241,-0.3550,-4.90,20.38,-12.67
934140,-0.3523,0.9355,-0.3455,4.05,4.95,-4.23
934220,-0.3425,0.9041,-0.3635,12.59,-7.41,2.95
934310,-0.3765,0.9004,-0.3838,20.87,-17.99,7.99
934390,-0.3853,0.8665,-0.3965,25.70,-22.23,10.92
934477,-0.4177,0.8989,-0.3975,26.25,-26.97,11.34
934560,-0.4080,0.8813,-0.4185,26.48,-31.22,14.09
934640,-0.4016,0.8533,-0.4141,25.66,-31.02,15.77
934720,-0.4019,0.8552,-0.4270,23.95,-30.70,16.92
934810,-0.4084,0.8547,-0.4329,21.20,-27.88,16.48
934890,-0.4048,0.8372,-0.4385,15.98,-25.59,10.98
934970,-0.3748,0.8445,-0.4507,15.30,-24.97,10.81
935060,-0.3911,0.8464,-0.4590,14.54,-18.89,6.77
935140,-0.4451,0.8550,-0.4626,17.27,-9.60,5.80
935220,-0.4023,0.8564,-0.3894,18.84,-4.57,3.59
935310,-0.4033,0.8660,-0.4382,13.14,-12.97,9.09
935390,-0.4202,0.8208,-0.4570,16.07,-8.85,3.90
935477,-0.3892,0.8882,-0.4382,23.77,-14.76,12.05
935560,-0.3757,0.8333,-0.4495,28.21,-17.33,17.35
935640,-0.3928,0.8513,-0.4573,25.46,-16.87,15.52
935720,-0.3586,0.8574,-0.5049,23.05,-9.24,16.58
935810,-0.3560,0.8167,-0.4893,15.95,-4.91,9.69
935890,-0.3806,0.8784,-0.4578,16.55,-1.73,7.49
935970,-0.3845,0.8792,-0.4062,17.11,-12.30,12.39
936060,-0.3772,0.8127,-0.4585,17.05,-18.86,15.96
936140,-0.3733,0.8052,-0.4854,9.88,-11.51,8.35
936220,-0.3789,0.8247,-0.4819,4.13,-0.84,-0.95
936310,-0.3630,0.8147,-0.5063,-0.16,7.91,-8.41
936390,-0.3616,0.8359,-0.4792,-4.34,19.60,-16.64
936479,-0.3843,0.9106,-0.4045,-1.48,18.28,-17.02
936560,-0.3782,0.8845,-0.3748,1.69,2.46,-7.73
936640,-0.3677,0.8699,-0.3916,8.67,-2.98,0.19
936720,-0.3960,0.8735,-0.4333,10.75,-6.43,2.61
936810,-0.3950,0.8228,-0.4792,10.09,-0.20,0.48
936890,-0.3997,0.8101,-0.4724,8.11,6.57,-1.49
936970,-0.4087,0.8271,-0.4951,5.96,11.02,-3.16
937060,-0.4580,0.7463,-0.5552,-5.11,28.56,-11.95
937140,-0.5510,0.8921,-0.6257,-21.38,53.16,-25.20
937220,-0.5107,0.9082,-0.5085,-32.87,73.39,-33.55
937310,-0.3472,0.7800,-0.4138,-30.70,87.80,-24.91
937390,-0.2935,0.7869,-0.3870,-30.76,95.59,-26.72
937477,-0.2834,0.9375,-0.3152,-24.09,82.41,-27.77
937560,-0.2871,0.9292,-0.3491,-19.94,58.15,-23.95
937640,-0.2705,0.9697,-0.3291,-8.51,35.59,-22.45
937720,-0.2683,0.9409,-0.3958,-2.03,17.27,-14.23
937810,-0.2610,0.9204,-0.4080,3.71,5.05,-8.59
937890,-0.2502,0.8975,-0.4116,9.79,-3.11,-2.67
937970,-0.3022,0.9351,-0.3831,15.99,-20.70,6.19
938060,-0.3416,0.9167,-0.5186,23.12,-22.38,11.15
938140,-0.2961,0.8640,-0.4868,20.77,-11.54,9.05
938220,-0.3118,0.9539,-0.4075,22.35,-15.28,11.00
938310,-0.3137,0.9470,-0.3645,31.38,-29.85,21.27
938390,-0.3296,0.9451,-0.3618,46.57,-52.75,32.74
938475,-0.3335,0.8582,-0.4102,53.03,-64.38,36.36
938564,-0.3433,0.8037,-0.4656,61.77,-70.57,40.63
938644,-0.3357,0.8135,-0.5200,64.73,-69.86,47.38
938724,-0.3699,0.7808,-0.5500,60.90,-73.62,46.70
938813,-0.3862,0.7400,-0.6265,50.83,-65.91,39.92
938893,-0.3884,0.6917,-0.6506,41.86,-52.88,30.83
938973,-0.4023,0.7266,-0.6113,34.81,-43.16,23.86
939063,-0.3914,0.7339,-0.6206,26.90,-32.64,17.21
939143,-0.4050,0.7444,-0.6433,17.38,-21.62,11.23
939223,-0.4114,0.7781,-0.6047,7.89,-12.13,5.35
939313,-0.4038,0.7883,-0.5569,0.59,-1.64,1.95
939393,-0.4119,0.8020,-0.5420,-0.23,-0.62,3.62
939672,-0.3884,0.8135,-0.5493,-13.91,9.52,-5.07
939755,-0.3865,0.8267,-0.4775,-14.77,14.17,-10.52
939835,-0.3845,0.8342,-0.4768,-16.06,20.22,-13.10
939915,-0.4065,0.8311,-0.4497,-16.12,27.44,-14.88
940005,-0.3853,0.8313,-0.4543,-15.22,28.45,-14.73
940085,-0.3489,0.8882,-0.4807,-9.12,31.28,-12.62
940165,-0.3413,0.8799,-0.5054,-1.12,34.47,-8.02
940255,-0.3350,0.8604,-0.5078,10.13,43.73,-4.12
940335,-0.2939,0.8413,-0.4626,23.88,34.29,2.87
940415,-0.3152,0.8728,-0.5400,31.84,27.20,6.42
940505,-0.3452,0.6560,-0.5891,21.66,22.35,-0.62
940585,-0.2476,0.7266,-0.6870,3.70,24.62,-14.88
940665,-0.3108,0.7114,-0.6270,-18.91,24.55,-25.34
940757,-0.3369,0.7522,-0.6233,-26.51,25.78,-28.67
940837,-0.3052,0.7834,-0.6096,-21.05,18.98,-22.06
940917,-0.2654,0.7173,-0.6296,-15.71,23.41,-17.78
941007,-0.2480,0.7822,-0.5562,-14.52,37.03,-13.27
941087,-0.3015,1.0222,-0.4639,-0.30,25.00,-6.58
941167,-0.3413,1.0212,-0.4731,-3.84,25.11,0.12
941257,-0.2969,0.9050,-0.4570,-2.05,25.52,-3.74
941337,-0.2683,0.9595,-0.3413,-4.90,21.39,-7.39
941417,-0.2766,0.9546,-0.3337,-3.57,8.17,-5.45
941507,-0.2612,0.9434,-0.3049,3.26,-5.41,-4.84
941587,-0.2664,0.9348,-0.3328,9.88,-16.91,-2.53
941667,-0.2627,0.9282,-0.3862,14.59,-22.30,-1.34
941757,-0.2993,0.9026,-0.3821,13.18,-20.01,-4.38
941837,-0.3506,0.8936,-0.4800,14.92,-10.00,-8.59
941917,-0.3555,0.8914,-0.5449,19.78,4.87,-11.83
942007,-0.3191,0.8667,-0.4004,19.00,18.27,-5.53
942087,-0.3435,0.9106,-0.3667,15.53,5.88,5.73
942169,-0.3586,0.7817,-0.5320,0.16,6.88,1.39
942257,-0.4128,0.7690,-0.6111,-20.57,48.12,-21.64
942337,-0.4077,0.8606,-0.5454,-34.62,77.27,-37.05
942417,-0.4575,0.8088,-0.4319,-39.60,93.12,-51.48
942507,-0.4324,0.8799,-0.4072,-45.00,102.53,-50.10
942587,-0.4414,0.8220,-0.4014,-47.86,110.18,-51.51
942667,-0.3914,0.9465,-0.2578,-42.97,97.94,-56.11
942757,-0.3306,0.9365,-0.3274,-21.71,71.77,-29.34
942837,-0.3167,0.9944,-0.2986,-2.15,46.04,-17.14
942917,-0.3164,0.9795,-0.3035,13.95,13.03,3.88
943007,-0.2678,0.9241,-0.2588,35.52,-23.95,22.50
943087,-0.3054,0.9353,-0.4028,58.70,-57.16,37.66
943167,-0.3542,0.8914,-0.4409,66.09,-67.09,51.62
943257,-0.3816,0.8354,-0.4714,62.73,-59.45,52.32
943337,-0.3359,0.7915,-0.5681,49.95,-53.00,46.95
943417,-0.2327,0.7700,-0.7820,26.53,-2.55,24.48
943507,-0.2378,0.9167,-0.4597,14.41,35.55,-0.95
943587,-0.1648,0.9094,-0.4998,22.85,25.09,5.64
943667,-0.0522,0.8000,-0.3235,33.81,14.90,8.68
943757,-0.1411,0.8818,-0.4861,35.12,-24.24,26.32
943837,-0.2419,0.7051,-0.8044,33.48,-14.66,16.59
943917,-0.1760,0.8328,-0.6865,23.20,-20.09,16.03
944007,-0.2175,0.7195,-0.7566,15.27,-9.50,7.61
944087,-0.1672,0.7161,-0.6943,6.40,-2.16,1.71
944167,-0.1899,0.8315,-0.6506,3.64,-8.39,1.05
944257,-0.1802,0.8057,-0.6377,1.89,-22.24,2.89
944337,-0.1794,0.7732,-0.6162,-0.98,-21.65,0.73
944417,-0.2061,0.8267,-0.6084,1.91,-24.80,3.19
944507,-0.1926,0.7798,-0.6069,2.77,-24.04,1.97
944587,-0.2258,0.7651,-0.6382,-5.17,-28.27,-3.34
944667,-0.3003,0.8289,-0.5708,-3.95,-14.58,-5.55
944757,-0.2830,0.8533,-0.5444,9.88,-20.86,3.95
944837,-0.3057,0.7786,-0.5662,9.76,-16.33,1.98
944917,-0.3208,0.7937,-0.5815,9.61,-10.62,-0.48
945007,-0.3423,0.8374,-0.5442,10.22,-3.26,-1.43
945087,-0.3262,0.8013,-0.5532,11.09,-6.18,2.47
945167,-0.3354,0.7944,-0.5693,7.88,-0.66,0.96
945257,-0.3359,0.8103,-0.5276,2.63,6.87,-3.38
945337,-0.3491,0.8396,-0.4841,3.73,11.18,-6.41
945417,-0.3521,0.8413,-0.4651,12.25,25.05,-11.65
945507,-0.5430,1.0476,-0.6970,29.23,55.47,-13.16
945587,-0.2700,0.5840,-0.9639,19.86,113.07,-33.96
945667,0.0320,0.5349,-0.2588,15.77,107.08,-33.75
945757,-0.1897,0.9761,-0.5022,26.52,8.10,-14.45
945837,-0.2634,0.7412,-0.7231,32.49,-50.72,10.56
945917,-0.3010,0.6748,-0.7529,33.92,-68.27,24.98
946007,-0.3296,0.6487,-0.8188,18.99,-60.42,17.91
946087,-0.3799,0.6953,-0.7800,6.12,-51.40,13.90
946167,-0.3992,0.7058,-0.7507,-6.07,-41.05,10.38
946257,-0.3921,0.7068,-0.6035,-18.89,-40.63,7.70
946337,-0.4226,0.6929,-0.5229,-17.29,-49.05,13.79
946417,-0.4231,0.7749,-0.5508,-12.73,-47.99,17.57
946507,-0.4243,0.7629,-0.5825,-16.63,-20.85,9.38
946587,-0.4358,0.7656,-0.4397,-10.72,-6.12,1.32
946667,-0.4460,0.8674,-0.3943,-0.88,-6.39,2.19
946757,-0.4348,0.8860,-0.4460,8.56,-3.06,9.59
946837,-0.4321,0.8489,-0.4417,10.38,10.80,12.98
946917,-0.3794,0.8328,-0.3455,15.09,15.15,9.68
947007,-0.4062,0.9070,-0.4436,10.97,10.41,3.71
947087,-0.4285,0.8838,-0.3684,13.97,16.59,17.45
947167,-0.3557,0.9258,-0.4243,14.48,9.73,13.02
947257,-0.3511,0.8611,-0.4631,14.32,3.97,8.56
947337,-0.3604,0.8604,-0.4236,15.87,15.24,10.97
947417,-0.3271,0.8655,-0.4253,16.36,11.80,6.95
947507,-0.2874,0.8740,-0.5083,8.02,1.48,0.30
947587,-0.2654,0.7834,-0.5278,-2.66,8.92,-4.85
947667,-0.3096,0.8623,-0.3633,-2.15,-4.23,-14.08
947757,-0.3672,0.9465,-0.3662,13.61,-23.93,-1.85
947837,-0.4207,0.9058,-0.3718,23.66,-32.34,12.15
947917,-0.3733,0.8779,-0.4680,25.25,-42.66,20.24
948007,-0.3672,0.8418,-0.4956,21.65,-20.84,13.05
948087,-0.3821,0.8545,-0.4839,17.98,-15.21,15.30
948167,-0.3740,0.8286,-0.4871,11.79,-8.41,9.16
948257,-0.3411,0.8665,-0.4917,6.87,-2.47,5.13
948337,-0.3467,0.8352,-0.5115,4.45,3.23,3.34
948417,-0.3359,0.8647,-0.5059,0.45,11.38,-0.84
948507,-0.3127,0.8550,-0.4468,0.93,17.03,-5.68
948587,-0.3389,0.9075,-0.4485,6.52,12.75,-3.50
948667,-0.3328,0.8215,-0.4578,1.03,10.08,-5.19
948757,-0.3357,0.8936,-0.4194,0.15,14.53,-7.15
948837,-0.3472,0.9082,-0.4119,3.27,8.99,-3.94
948917,-0.3457,0.8982,-0.4131,8.23,5.00,0.39
949007,-0.3235,0.8618,-0.4199,8.34,-2.74,2.56
949087,-0.3354,0.8809,-0.4155,11.12,4.96,1.12
949167,-0.3010,0.9727,-0.4487,18.43,-1.79,4.29
949257,-0.3450,0.8623,-0.5862,13.00,3.34,13.41
949337,-0.2722,0.8708,-0.4697,5.22,21.45,-1.06
949417,-0.2681,0.8721,-0.4573,3.37,11.09,-1.83
949507,-0.2825,0.9541,-0.4170,8.54,-2.34,-2.25
949587,-0.2971,0.9060,-0.4309,15.02,-7.36,6.73
949667,-0.2925,0.8892,-0.4834,16.64,-8.23,10.36
949757,-0.2969,0.8933,-0.4573,13.38,-8.50,9.66
949837,-0.3059,0.8862,-0.4609,12.34,-7.36,7.24
949917,-0.3044,0.8835,-0.4595,13.30,-5.30,4.72
950007,-0.2849,0.8772,-0.4512,13.40,-2.91,2.06
950087,-0.2939,0.8914,-0.4575,12.09,0.07,0.65
950167,-0.2991,0.8840,-0.4675,11.75,0.02,0.95
950257,-0.2954,0.8967,-0.4673,11.16,4.02,0.46
950337,-0.3083,0.8784,-0.4519,11.67,4.35,1.36
950417,-0.3286,0.9404,-0.3999,12.23,-9.09,7.41
950507,-0.3020,0.8972,-0.4031,11.72,-26.26,15.24
950587,-0.2883,0.9011,-0.4604,15.90,-34.23,15.01
950667,-0.2966,0.8516,-0.5259,14.23,-18.93,8.88
950757,-0.2776,0.8772,-0.4775,10.08,-6.40,3.80
950837,-0.3047,0.9121,-0.5139,6.38,4.23,-1.43
950917,-0.3230,0.9438,-0.5459,4.84,17.91,-5.27
951007,-0.2651,0.8708,-0.5471,0.52,29.36,-1.25
951087,-0.2000,0.8477,-0.4187,-4.70,35.12,-15.00
951167,-0.1826,0.8884,-0.3516,-7.38,26.20,-17.30
951257,-0.2473,0.9355,-0.3530,-11.05,9.10,-21.43
951337,-0.3442,0.9104,-0.4321,-6.24,8.21,-25.02
951417,-0.4290,0.9592,-0.3772,-0.72,17.71,-31.80
951507,-0.3450,0.8938,-0.2605,5.01,-0.02,-18.90
951587,-0.3933,0.9062,-0.3857,9.05,-2.37,-8.66
951667,-0.4536,0.9089,-0.3401,17.18,-4.57,2.66
951757,-0.4202,0.8540,-0.3918,21.54,-8.60,4.89
951837,-0.4683,0.8608,-0.4065,21.08,-2.34,6.27
951917,-0.4434,0.8787,-0.3853,22.80,-0.02,6.88
952007,-0.4333,0.7510,-0.4910,20.93,10.88,8.70
952087,-0.2661,0.5620,-0.4050,24.77,20.88,13.08
952167,-0.2905,1.0022,-0.4836,18.46,33.68,2.50
952257,-0.3965,0.9858,-0.4468,38.21,26.79,17.46
952337,-0.2957,1.0256,-0.4905,46.05,26.26,21.27
952417,-0.2278,0.9375,-0.5164,49.62,8.02,32.20
952507,-0.2649,0.8396,-0.6936,41.48,5.03,23.12
952587,-0.2051,0.7703,-0.6680,30.87,20.27,8.09
952667,-0.1631,0.7761,-0.7192,16.03,32.66,0.22
952765,-0.1177,0.8584,-0.6938,9.52,21.01,-0.42
952845,-0.1362,0.7842,-0.6685,0.84,28.02,-5.38
952925,-0.0686,0.7061,-0.6968,-4.08,24.62,-5.05
953015,-0.0652,0.7097,-0.5840,-19.96,45.84,-23.84
953095,-0.0649,0.8933,-0.5068,-12.31,28.46,-19.12
953175,-0.0732,0.8425,-0.5693,-0.15,19.89,-16.57
953265,-0.0005,0.9458,-0.4607,18.09,12.77,-18.39
953345,-0.0830,0.9314,-0.4932,32.84,-8.93,-7.19
953425,-0.0959,0.9128,-0.4590,42.15,-37.12,8.02
953515,-0.2136,0.7769,-0.7021,37.07,-46.79,16.18
953595,-0.2341,0.7930,-0.7424,29.98,-46.21,17.05
953681,-0.2507,0.7012,-0.7324,16.54,-26.16,7.77
953765,-0.2366,0.7170,-0.6963,9.87,-15.33,6.30
953845,-0.2502,0.7454,-0.6433,1.51,-11.98,-3.36
953925,-0.2354,0.7690,-0.6118,5.92,-13.31,-1.20
954015,-0.2346,0.7964,-0.5837,13.76,-17.00,3.41
954095,-0.2751,0.8076,-0.5964,18.12,-21.23,7.89
954175,-0.2861,0.7659,-0.6438,22.58,-17.50,9.38
954265,-0.2966,0.7856,-0.6509,18.51,-16.61,8.32
954345,-0.3176,0.7927,-0.5859,17.59,-12.54,4.58
954425,-0.3152,0.7651,-0.6218,22.14,-14.50,8.05
954515,-0.3154,0.7554,-0.6174,21.96,-15.49,7.25
954595,-0.3298,0.7412,-0.6338,20.45,-15.44,7.48
954681,-0.3555,0.7307,-0.6511,16.98,-7.59,5.80
954765,-0.3525,0.7476,-0.6445,13.12,0.19,2.39
954845,-0.3452,0.7427,-0.6333,12.26,3.31,1.00
954925,-0.3442,0.7112,-0.6765,11.58,9.67,2.50
955015,-0.3108,0.7209,-0.6719,9.12,25.68,0.30
955095,-0.2803,0.6809,-0.6636,5.73,38.80,-1.41
955175,-0.2266,0.5688,-0.6592,-7.12,55.16,-4.74
955265,-0.2722,0.6355,-0.7900,-32.27,79.85,-18.59
955345,-0.3047,0.7778,-0.8132,-47.98,105.07,-38.56
955425,-0.2920,0.9512,-0.7002,-56.73,122.73,-47.26
955515,-0.1958,1.0361,-0.5793,-47.38,122.11,-39.77
955595,-0.0962,0.9839,-0.4451,-40.38,109.22,-30.89
955681,-0.0024,0.9597,-0.2815,-21.22,85.82,-24.23
955765,0.0339,0.9238,-0.2476,-11.04,57.80,-21.55
955845,0.0840,1.0190,-0.2561,4.31,34.23,-10.87
955925,0.0740,0.9722,-0.3389,12.71,21.30,-10.66
956015,0.0479,1.0303,-0.3125,14.52,8.91,-10.97
956095,0.0422,0.9922,-0.3054,20.52,-5.41,-0.19
956175,0.0464,0.9114,-0.3059,25.64,-15.83,4.95
956265,0.0325,0.8928,-0.2576,29.97,-25.60,4.69
956345,-0.0156,0.9187,-0.3467,36.42,-32.36,10.09
956425,-0.0481,0.9617,-0.2295,56.29,-48.94,19.31
956515,-0.1282,1.0945,-0.3826,86.58,-95.01,51.98
956595,-0.2698,1.0129,-0.7126,98.80,-108.92,65.34
956681,-0.3584,0.9087,-0.9595,110.57,-109.83,73.59
956765,-0.3167,0.5789,-0.9631,105.15,-88.76,70.26
956845,-0.2561,0.4138,-0.7808,87.09,-71.91,63.06
956925,-0.2358,0.3440,-0.7324,61.18,-70.49,58.88
957015,-0.2888,0.3569,-0.9834,27.67,-38.58,43.37
957095,-0.2981,0.4104,-0.9302,1.76,-11.59,24.88
957175,-0.3384,0.4773,-0.8630,-25.82,-3.23,11.34
957265,-0.2839,0.5095,-0.7654,-42.45,1.25,-1.70
957345,-0.2471,0.5022,-0.7144,-57.64,8.39,-18.96
957425,-0.2690,0.5852,-0.6909,-64.46,19.77,-29.34
957515,-0.2898,0.8328,-0.5889,-47.37,13.15,-23.23
957595,-0.2764,0.7778,-0.5562,-32.72,-1.30,-13.21
957681,-0.3118,0.7881,-0.5908,-22.84,0.91,-10.84
957765,-0.3303,0.8386,-0.5466,-10.03,6.19,-9.76
957845,-0.3555,0.8054,-0.5461,-6.43,11.38,-11.09
957925,-0.3423,0.7959,-0.5291,-7.95,22.35,-14.28
958015,-0.3247,0.8538,-0.4919,-6.05,28.46,-16.02
958099,-0.3320,0.8521,-0.4375,-3.92,23.09,-14.76
958179,-0.3281,0.8755,-0.4504,-3.51,15.73,-13.43
958265,-0.3447,0.9399,-0.4072,0.38,7.37,-4.80
958345,-0.3577,0.9336,-0.4062,6.64,-4.15,2.41
958425,-0.3489,0.8945,-0.4407,12.89,-12.80,8.98
958515,-0.3442,0.8838,-0.4529,16.50,-15.70,9.35
958595,-0.3521,0.8479,-0.4573,15.88,-12.37,7.01
958681,-0.3552,0.8347,-0.4871,15.19,-7.34,2.82
958765,-0.3442,0.8237,-0.4868,13.73,0.45,-0.66
958845,-0.3499,0.8479,-0.4636,13.76,5.52,-2.41
958925,-0.3398,0.8643,-0.4954,12.91,7.79,-2.63
959015,-0.3428,0.8506,-0.5220,11.81,17.81,-2.88
959095,-0.3464,0.8787,-0.4592,11.87,16.68,-2.02
959175,-0.3501,0.8562,-0.4792,12.52,4.89,1.12
959265,-0.3333,0.8438,-0.4749,13.39,-0.04,3.00
959345,-0.3567,0.8447,-0.5078,12.40,-3.23,1.11
959425,-0.3447,0.8542,-0.4817,11.59,-4.66,3.93
959515,-0.3689,0.8247,-0.5254,11.05,-8.02,1.58
959595,-0.3513,0.8247,-0.5178,7.62,-1.83,0.35
959683,-0.3474,0.8252,-0.4937,4.57,1.17,-2.62
959765,-0.3552,0.8665,-0.4688,5.92,-0.57,-1.57
959845,-0.3643,0.8604,-0.4675,8.99,-3.66,3.32
959925,-0.3555,0.8423,-0.4817,9.36,-5.90,4.89
960015,-0.3455,0.8333,-0.5027,9.66,-4.74,4.95
960095,-0.3503,0.8469,-0.4473,15.68,-5.28,4.08
960175,-0.3586,0.8552,-0.4709,18.65,-13.48,6.45
960265,-0.3584,0.8381,-0.5051,18.87,-12.13,7.37
960345,-0.3621,0.8281,-0.5137,14.66,-5.58,2.39
960425,-0.3616,0.8391,-0.5007,10.72,-0.95,-1.62
960515,-0.3857,0.8418,-0.4768,8.70,-1.17,-3.85
960595,-0.3799,0.8442,-0.4780,8.82,2.13,-3.07
960681,-0.3984,0.8423,-0.4978,7.37,6.54,-1.66
960765,-0.3931,0.8394,-0.4834,4.14,10.93,-3.31
960845,-0.3899,0.8413,-0.4473,5.78,8.20,-2.99
960925,-0.3882,0.8513,-0.4734,5.45,6.45,-0.93
961015,-0.3835,0.8352,-0.4763,5.79,7.16,0.91
961095,-0.3914,0.8511,-0.4526,6.90,1.88,2.65
961175,-0.3821,0.8315,-0.4783,7.99,2.26,1.90
961265,-0.3877,0.8264,-0.4827,7.89,6.58,-0.88
961345,-0.3843,0.8394,-0.4746,6.28,9.02,-2.73
961425,-0.3796,0.8547,-0.4678,6.62,10.78,-1.89
961515,-0.3586,0.8655,-0.4651,8.55,10.61,-0.15
961595,-0.3628,0.8533,-0.4585,6.79,8.01,-1.12
961681,-0.3667,0.8667,-0.4509,7.09,5.93,-0.20
961765,-0.3682,0.8645,-0.4526,7.66,4.98,0.62
961845,-0.3635,0.8606,-0.4595,9.04,4.71,2.84
961925,-0.3572,0.8425,-0.4573,9.11,2.34,2.40
962015,-0.3489,0.8691,-0.4722,8.62,2.64,0.98
962095,-0.3555,0.8669,-0.4663,9.91,3.88,1.89
962175,-0.3413,0.8643,-0.4707,9.92,2.49,2.10
962265,-0.3359,0.8618,-0.4758,10.04,1.91,1.83
962345,-0.3359,0.8640,-0.4790,10.79,1.76,1.62
962425,-0.3284,0.8550,-0.4773,10.16,0.88,1.04
962515,-0.3342,0.8652,-0.4675,10.20,2.05,0.80
962595,-0.3333,0.8613,-0.4685,11.10,2.26,1.51
962683,-0.3381,0.8608,-0.4680,10.00,0.37,0.98
962765,-0.3379,0.8652,-0.4685,9.38,0.93,0.51
962845,-0.3394,0.8560,-0.4624,9.96,1.45,0.05
962925,-0.3347,0.8635,-0.4673,9.84,0.89,-0.53
963015,-0.3347,0.8655,-0.4697,9.08,3.34,-1.78
963095,-0.3298,0.8784,-0.4756,10.55,5.37,-1.43
963175,-0.3335,0.8623,-0.4854,12.55,9.05,-2.41
963265,-0.3428,0.8611,-0.4902,14.70,16.09,-2.67
963345,-0.3408,0.8501,-0.4897,16.62,17.96,-1.89
963425,-0.3252,0.8440,-0.4788,16.70,15.31,-2.74
963515,-0.3088,0.8411,-0.5115,17.41,11.40,-2.57
963595,-0.3240,0.8218,-0.5300,17.13,11.38,-1.77
963679,-0.3135,0.8347,-0.5386,15.12,12.11,-2.07
963768,-0.2964,0.8350,-0.5396,12.88,7.95,-0.65
963848,-0.2964,0.8340,-0.5459,13.05,3.83,0.16
963928,-0.3047,0.8237,-0.5503,12.26,0.13,0.07
964018,-0.3091,0.8215,-0.5601,10.08,-1.24,-0.16
964098,-0.3147,0.8157,-0.5581,6.22,-1.29,-3.69
964178,-0.3315,0.8147,-0.5669,3.31,-0.84,-6.96
964268,-0.3462,0.7986,-0.5217,0.04,-3.56,-12.03
964348,-0.3342,0.8320,-0.5015,-4.20,-8.08,-10.84
964428,-0.3706,0.8145,-0.4956,-8.35,-7.64,-11.60
964518,-0.3975,0.8149,-0.4778,-11.88,-10.88,-13.84
964598,-0.4106,0.8289,-0.4529,-11.45,-14.28,-13.41
964681,-0.4441,0.8445,-0.4583,-2.66,-10.30,-13.51
964768,-0.4290,0.8032,-0.4463,11.69,-2.22,-9.67
964848,-0.4802,0.8462,-0.4316,4.77,5.00,-11.73
964928,-0.4646,0.8091,-0.4270,11.34,5.43,-5.36
965018,-0.4744,0.8281,-0.4414,12.17,6.45,-3.66
965098,-0.4839,0.8110,-0.4185,11.95,10.37,-4.20
965178,-0.4871,0.8010,-0.4382,13.90,14.62,-2.97
965268,-0.4851,0.7766,-0.4753,12.72,22.15,-2.13
965348,-0.4971,0.7749,-0.4856,10.11,29.12,-4.02
965428,-0.4868,0.8105,-0.4658,8.61,30.85,-2.94
965518,-0.4741,0.7500,-0.4844,5.25,27.11,1.16
965598,-0.4468,0.7539,-0.4851,-8.91,19.40,-7.35
965683,-0.4426,0.7837,-0.4124,-20.65,5.68,-16.29
965768,-0.4060,0.8267,-0.5115,-27.03,10.52,-17.93
965848,-0.4299,0.7866,-0.4009,-15.12,16.26,-18.88
965928,-0.4736,0.8772,-0.3813,-3.72,9.65,-17.20
966018,-0.4934,0.8762,-0.3965,10.00,4.62,-8.70
966098,-0.4998,0.8440,-0.4380,15.77,-0.93,1.46
966178,-0.5935,0.6748,-0.5408,7.48,21.81,-2.14
966268,-0.5276,0.8291,-0.4121,1.59,34.34,-11.40
966348,-0.5312,0.7910,-0.3525,4.21,20.55,-0.99
966428,-0.5002,0.7810,-0.4209,2.16,13.44,-3.81
966518,-0.4609,0.8911,-0.3535,12.15,-2.27,8.79
966598,-0.4766,0.7559,-0.3792,16.91,-16.52,22.01
966681,-0.4460,0.8699,-0.4526,18.39,-22.34,20.13
966768,-0.4023,0.9233,-0.3984,21.82,-26.44,33.50
966848,-0.3430,0.7920,-0.4758,18.61,-16.55,31.02
966928,-0.3491,0.9812,-0.3652,30.77,-28.63,39.02
967018,-0.3215,0.8596,-0.4204,17.86,-34.05,44.95
967098,-0.2864,0.9104,-0.4792,15.72,-23.36,31.36
967178,-0.2974,0.9141,-0.3872,21.53,-13.98,19.02
967268,-0.2710,0.9058,-0.3765,14.98,-3.05,4.30
967348,-0.2871,0.8997,-0.3962,21.59,3.88,-0.49
967428,-0.2520,0.9360,-0.2180,21.17,-7.67,0.37
967518,-0.2656,1.0259,-0.4331,10.34,0.83,-0.18
967598,-0.3137,0.8306,-0.4185,23.49,2.50,-0.62
967681,-0.3030,1.1802,-0.3162,35.43,-31.59,9.49
967768,-0.3528,0.8647,-0.5269,58.62,-45.12,37.32
967848,-0.3218,0.9741,-0.2031,98.29,-91.14,75.23
967928,-0.4639,0.6765,-0.3748,125.23,-133.16,117.78
968018,-0.5916,0.5928,-0.7522,100.15,-129.66,109.29
968098,-0.4604,0.5947,-0.7185,60.64,-88.52,68.37
968178,-0.4377,0.6428,-0.6292,38.26,-70.55,54.39
968268,-0.4065,0.6775,-0.7217,16.77,-41.30,37.14
968348,-0.3933,0.6445,-0.7024,5.49,-14.41,17.94
968428,-0.3748,0.7422,-0.6042,0.55,3.70,3.34
968518,-0.3667,0.7939,-0.5464,5.70,10.88,-4.63
968598,-0.3813,0.7886,-0.5520,8.88,3.80,-3.77
968683,-0.3682,0.7654,-0.5352,8.77,-1.81,-4.76
968768,-0.3643,0.8105,-0.5203,11.66,-10.02,-1.51
968848,-0.3347,0.8140,-0.4836,1.20,-22.81,2.85
968928,-0.3438,0.7073,-0.6294,-2.07,-23.88,-0.76
969018,-0.3828,0.9487,-0.4236,-12.20,-13.93,-3.81
969098,-0.3867,0.8455,-0.4639,-20.63,-23.41,-2.97
969178,-0.3987,0.8806,-0.5498,-12.20,-8.63,-2.52
969268,-0.3960,0.8613,-0.5132,-12.08,15.20,-4.29
969348,-0.3608,0.8713,-0.4810,-16.42,33.94,-6.20
969428,-0.3748,0.8755,-0.4478,-14.52,41.59,-2.42
969518,-0.3882,0.9204,-0.4404,-16.28,52.76,-3.01
969598,-0.3428,0.8726,-0.4033,-21.38,53.77,1.58
969886,-0.1687,0.9360,-0.3118,-12.73,76.73,-3.06
969973,-0.0808,0.9629,-0.3159,-7.59,68.66,-11.04
970053,-0.0845,0.9771,-0.2253,1.84,44.62,-17.50
970133,-0.1008,0.9814,-0.2632,9.67,18.02,-17.95
970223,-0.1035,0.9626,-0.3171,9.83,7.54,-23.12
970303,-0.1587,0.9836,-0.3787,11.80,8.48,-26.19
970383,-0.1465,0.9646,-0.3040,23.62,-1.16,-28.64
970473,-0.2148,1.0115,-0.2305,50.04,-10.91,-22.24
970553,-0.2913,1.0942,-0.1960,71.74,-50.93,12.26
970633,-0.3599,0.8374,-0.3667,70.74,-82.48,41.64
970723,-0.3975,0.7695,-0.7317,43.16,-67.55,28.35
970803,-0.4050,0.8003,-0.5891,45.22,-42.66,19.03
970883,-0.4165,0.7847,-0.4961,36.70,-37.05,14.39
970973,-0.4575,0.7297,-0.5481,33.27,-26.51,13.67
971053,-0.4680,0.7537,-0.5415,16.70,-4.55,-2.05
971133,-0.4536,0.8386,-0.4624,13.37,-0.23,-3.91
971223,-0.4246,0.8682,-0.4595,23.22,-11.86,1.53
971303,-0.4121,0.8384,-0.3406,36.12,-32.37,22.03
971383,-0.4971,0.7102,-0.4441,26.98,-51.58,30.09
971473,-0.6516,0.4336,-0.8557,3.90,8.72,-15.70
971553,-0.4561,0.8862,-0.3142,16.24,11.66,-22.55
971633,-0.4663,0.7322,-0.4890,1.34,-12.59,-15.66
971723,-0.5029,0.8210,-0.4109,1.98,-7.86,-0.20
971803,-0.5271,0.7153,-0.5098,7.22,-8.88,-4.74
971883,-0.5208,0.7397,-0.5320,11.63,5.72,-10.64
971975,-0.5007,0.7073,-0.5125,7.16,17.09,-14.81
972055,-0.5273,0.7036,-0.4805,5.63,21.42,-20.23
972135,-0.5383,0.6904,-0.5415,5.72,21.50,-22.11
972224,-0.5271,0.7383,-0.4370,2.52,16.92,-23.16
972304,-0.5454,0.6877,-0.4893,-3.55,10.62,-17.17
972384,-0.5583,0.7095,-0.4685,-6.91,9.65,-16.12
972474,-0.5459,0.7056,-0.4902,-10.16,5.51,-5.45
972554,-0.5894,0.7031,-0.5088,-13.87,17.52,-5.52
972634,-0.5510,0.7827,-0.4536,-14.52,17.84,-8.95
972724,-0.5376,0.7593,-0.4727,-13.04,18.98,-4.68
972804,-0.5322,0.7659,-0.4263,-2.17,18.82,2.26
972884,-0.5295,0.7712,-0.4192,4.79,19.57,6.81
972974,-0.5059,0.7847,-0.4143,8.68,9.44,10.85
973054,-0.5017,0.7732,-0.4436,10.01,2.54,11.20
973134,-0.4939,0.7854,-0.4553,11.83,1.19,8.19
973224,-0.4690,0.7852,-0.4314,12.59,4.50,5.53
973304,-0.4827,0.7981,-0.4241,11.23,2.41,3.17
973384,-0.4666,0.8025,-0.4453,10.93,2.70,0.64
973474,-0.4688,0.8101,-0.4275,11.40,1.82,1.69
973554,-0.4644,0.8035,-0.4268,11.49,-0.97,1.23
973634,-0.4714,0.8018,-0.4343,11.23,-1.57,0.58
973724,-0.4783,0.8010,-0.4331,11.12,-1.47,0.38
973804,-0.4800,0.8000,-0.4507,12.73,1.66,2.07
973884,-0.4939,0.8040,-0.4243,9.88,3.18,1.03
973974,-0.4844,0.7925,-0.4377,11.50,2.42,2.32
974054,-0.4836,0.8030,-0.4260,9.43,4.02,1.94
974137,-0.4817,0.8035,-0.4287,9.29,4.15,1.36
974224,-0.4700,0.7971,-0.4221,7.43,3.77,0.37
974304,-0.4697,0.8025,-0.4524,6.03,1.75,-1.08
974384,-0.4849,0.8049,-0.4163,9.23,1.20,3.86
974474,-0.4868,0.8010,-0.4341,6.35,2.00,0.94
974554,-0.4768,0.8066,-0.4170,6.92,2.17,0.27
974634,-0.4783,0.8083,-0.4304,6.57,3.38,-0.62
974724,-0.4807,0.8162,-0.4194,8.63,3.95,-0.25
974804,-0.4768,0.8125,-0.4167,9.81,3.96,-0.41
974884,-0.4768,0.8147,-0.4189,10.93,2.88,1.22
974974,-0.4790,0.8030,-0.4180,10.95,1.53,2.52
975054,-0.4854,0.7993,-0.4275,10.65,3.03,2.38
975134,-0.4690,0.8081,-0.4495,8.50,4.32,1.43
975224,-0.4690,0.7964,-0.4473,7.26,6.34,-1.15
975304,-0.4580,0.8213,-0.4226,8.60,7.97,-0.38
975384,-0.4619,0.8137,-0.4326,8.40,7.20,0.16
975474,-0.4639,0.8081,-0.4307,7.17,8.99,-1.06
975554,-0.4617,0.8196,-0.4148,7.26,7.73,-0.31
975634,-0.4602,0.8103,-0.4199,6.65,8.70,-0.96
975724,-0.4517,0.8367,-0.4194,8.23,4.40,0.56
975804,-0.4580,0.8240,-0.4265,9.91,5.60,2.76
975884,-0.4485,0.8191,-0.4270,9.76,3.88,0.47
975975,-0.4497,0.8186,-0.4353,9.37,6.06,-2.87
976055,-0.4475,0.8342,-0.4192,9.52,5.23,-3.26
976135,-0.4575,0.8347,-0.4229,10.85,1.70,1.21
976225,-0.4600,0.8103,-0.4297,10.84,0.55,2.18
976305,-0.4521,0.8137,-0.4409,8.72,2.68,-0.38
976385,-0.4629,0.8186,-0.4307,8.41,5.12,-1.46
976475,-0.4600,0.8228,-0.4204,7.60,4.76,-0.78
976555,-0.4580,0.8159,-0.4199,8.12,4.16,-0.19
976635,-0.4482,0.8254,-0.4309,8.06,3.73,-0.78
976725,-0.4517,0.8323,-0.4270,9.00,3.67,-0.45
976805,-0.4663,0.8064,-0.4265,8.74,3.52,-1.15
976885,-0.4607,0.8245,-0.4263,7.55,4.30,-1.74
976975,-0.4583,0.8303,-0.4175,8.79,4.00,-1.41
977055,-0.4614,0.8240,-0.4146,9.31,2.57,-0.54
977135,-0.4651,0.8213,-0.4116,9.64,-0.51,0.23
977225,-0.4692,0.8157,-0.4128,10.38,-1.43,0.27
977305,-0.4707,0.8154,-0.4194,10.80,-0.95,0.48
977385,-0.4666,0.8162,-0.4207,10.38,-1.90,0.20
977475,-0.4685,0.8167,-0.4287,10.89,0.17,0.48
977555,-0.4602,0.8186,-0.4265,11.67,1.48,0.30
977635,-0.4712,0.8318,-0.4131,13.23,0.07,2.25
977725,-0.4727,0.7896,-0.4536,13.16,1.14,3.57
977805,-0.4563,0.8174,-0.4238,14.70,1.19,1.27
977885,-0.4663,0.8074,-0.4297,14.84,0.70,3.43
977975,-0.4626,0.7896,-0.4468,11.20,1.35,1.52
978055,-0.4678,0.8235,-0.4353,9.62,2.70,0.56
978135,-0.4678,0.8179,-0.4404,7.00,1.86,1.11
978225,-0.4666,0.8179,-0.4333,6.67,5.44,1.07
978305,-0.4626,0.8203,-0.4250,6.24,6.08,1.35
978385,-0.4526,0.8259,-0.4285,6.30,6.10,0.65
978475,-0.4614,0.8174,-0.4214,6.80,6.01,0.57
978555,-0.4500,0.8276,-0.4290,6.30,6.40,0.07
978635,-0.4548,0.8206,-0.4241,7.20,7.17,-0.11
978725,-0.4514,0.8352,-0.4187,8.24,7.26,-0.23
978805,-0.4333,0.8469,-0.4165,9.82,6.02,2.48
978885,-0.4475,0.8357,-0.4102,11.28,2.85,4.59
978975,-0.4441,0.8218,-0.4160,11.92,2.98,5.09
979055,-0.4458,0.8130,-0.4272,11.57,1.16,3.04
979135,-0.4382,0.8354,-0.4233,10.47,2.14,1.66
979225,-0.4431,0.8330,-0.4211,12.22,0.72,2.00
979305,-0.4402,0.8303,-0.4202,12.43,1.23,1.26
979385,-0.4365,0.8208,-0.4319,11.62,2.88,-0.69
979475,-0.4292,0.8335,-0.4382,11.82,2.34,-1.54
979555,-0.4441,0.8191,-0.4214,10.16,2.41,-5.11
979635,-0.4446,0.8152,-0.4331,10.25,0.17,-4.98
979725,-0.4500,0.8274,-0.4346,9.88,2.94,-4.98
979805,-0.4614,0.8086,-0.4436,8.09,2.76,-5.58
979885,-0.4619,0.8215,-0.4114,6.62,1.09,-4.36
979975,-0.4792,0.8008,-0.4363,7.34,0.69,-4.47
980055,-0.4897,0.8127,-0.4019,6.95,1.61,-2.38
980135,-0.4905,0.7991,-0.4529,7.61,-1.28,-2.20
980225,-0.4834,0.8225,-0.4058,9.63,-3.47,2.07
980305,-0.4719,0.8293,-0.4084,11.94,-7.31,5.38
980385,-0.4932,0.8342,-0.3694,10.90,-15.40,7.75
980475,-0.4880,0.8259,-0.4277,10.86,-9.86,5.98
980555,-0.4978,0.8254,-0.3921,8.28,-2.85,2.93
980635,-0.5317,0.7749,-0.4280,0.80,9.12,-3.73
980725,-0.5095,0.8118,-0.4197,-6.09,24.73,-9.48
980805,-0.4868,0.8193,-0.3970,-8.91,35.30,-10.52
980885,-0.4822,0.8096,-0.3826,-11.57,41.74,-12.33
980975,-0.4626,0.8508,-0.3313,-10.13,35.12,-13.14
981055,-0.4712,0.8401,-0.3674,-9.27,28.70,-10.16
981135,-0.4517,0.8262,-0.3582,-7.09,24.38,-9.51
981225,-0.4990,0.7998,-0.4016,-8.25,24.00,-14.17
981305,-0.4788,0.8557,-0.3730,-8.00,23.58,-15.34
981385,-0.4785,0.8557,-0.3669,-5.27,24.36,-12.27
981475,-0.4580,0.8604,-0.3486,1.07,16.95,-7.55
981555,-0.4756,0.8555,-0.3538,5.51,11.13,-4.00
981635,-0.4639,0.8464,-0.3521,8.98,3.88,0.91
981725,-0.4783,0.8286,-0.3562,13.12,-3.10,5.55
981805,-0.4443,0.8630,-0.4099,14.47,-1.58,7.02
981885,-0.4558,0.8689,-0.3794,13.52,1.55,10.02
981975,-0.4275,0.8591,-0.3872,15.03,3.52,11.61
982055,-0.4331,0.8330,-0.3787,13.34,6.59,7.27
982135,-0.4246,0.8677,-0.3958,12.18,5.89,4.00
982225,-0.4246,0.8601,-0.3850,15.40,2.37,4.57
982305,-0.4248,0.8477,-0.4060,13.74,-0.50,0.84
982385,-0.4277,0.8457,-0.4233,10.90,0.80,-2.27
982475,-0.4238,0.8447,-0.4106,9.95,1.34,-3.01
982555,-0.4246,0.8501,-0.4062,8.42,0.14,-2.91
982635,-0.4324,0.8374,-0.4136,7.59,-0.56,-2.36
982725,-0.4495,0.8381,-0.3955,8.08,-3.91,-2.01
982805,-0.4573,0.8552,-0.3979,6.97,-2.67,-0.54
982885,-0.4507,0.8467,-0.4111,5.17,-0.98,-0.44
982975,-0.4502,0.8640,-0.3940,5.77,4.29,0.02
983055,-0.4426,0.8682,-0.3853,7.31,5.49,1.02
983135,-0.4402,0.8523,-0.3840,7.57,7.88,2.17
983225,-0.4302,0.8738,-0.3723,9.20,9.12,3.45
983305,-0.4243,0.8694,-0.3826,9.16,8.89,3.85
983385,-0.4285,0.8564,-0.3743,9.77,9.80,1.91
983475,-0.4219,0.8696,-0.3589,10.13,5.76,0.67
983555,-0.4187,0.8706,-0.3545,11.80,1.89,1.28
983635,-0.4255,0.8677,-0.3730,12.62,-1.98,1.23
983725,-0.4270,0.8589,-0.3755,11.35,-1.52,-0.37
983805,-0.4270,0.8618,-0.3901,9.83,0.30,-2.54
983885,-0.4275,0.8679,-0.3823,7.87,-0.26,-3.94
983975,-0.4438,0.8528,-0.3787,8.36,0.66,-3.85
984055,-0.4436,0.8606,-0.3782,7.80,0.88,-3.91
984135,-0.4482,0.8572,-0.3728,8.88,2.45,-2.98
984225,-0.4485,0.8613,-0.3730,8.89,2.77,-2.58
984305,-0.4563,0.8550,-0.3733,8.70,3.53,-1.75
984385,-0.4573,0.8499,-0.3772,9.12,4.52,-0.80
984475,-0.4534,0.8560,-0.3777,9.42,5.26,-0.20
984555,-0.4578,0.8552,-0.3628,9.93,3.96,-0.23
984635,-0.4546,0.8557,-0.3704,9.77,4.03,0.05
984725,-0.4639,0.8455,-0.3696,10.38,3.37,-0.31
984805,-0.4531,0.8545,-0.3779,10.12,2.77,-0.34
984885,-0.4609,0.8459,-0.3728,9.34,2.55,-0.30
984975,-0.4624,0.8391,-0.3767,8.41,3.19,-1.51
985055,-0.4683,0.8398,-0.3899,7.12,4.37,-2.98
985135,-0.4607,0.8464,-0.3733,6.62,3.65,-3.32
985225,-0.4658,0.8533,-0.3667,7.07,3.06,-1.36
985305,-0.4639,0.8665,-0.3606,8.95,1.23,0.11
985385,-0.4614,0.8647,-0.3647,11.87,0.12,2.60
985475,-0.4507,0.8665,-0.3679,14.39,-0.45,4.92
985555,-0.4487,0.8647,-0.3723,16.45,-0.56,7.34
985635,-0.4497,0.8481,-0.3794,17.09,1.91,7.83
985725,-0.4387,0.8481,-0.3877,16.00,1.91,6.96
985805,-0.4365,0.8560,-0.3933,13.81,3.56,4.95
985885,-0.4294,0.8462,-0.3916,13.09,3.26,3.84
985975,-0.4216,0.8655,-0.3945,14.61,1.59,3.84
986055,-0.4141,0.8484,-0.4026,19.39,0.77,5.08
986135,-0.4292,0.8611,-0.4587,19.71,1.92,5.09
986225,-0.4331,0.7957,-0.4573,18.77,8.25,6.62
986305,-0.4136,0.7610,-0.4629,6.38,2.04,-3.10
986385,-0.4355,0.7695,-0.5127,-9.59,10.34,-11.41
986475,-0.4468,0.8374,-0.3958,-18.01,18.70,-13.38
986555,-0.4771,0.8325,-0.4104,-17.72,13.12,-17.07
986635,-0.4658,0.9170,-0.3831,-9.50,7.60,-13.66
986725,-0.4463,0.8787,-0.4077,-3.98,10.25,-4.96
986805,-0.4451,0.8643,-0.3633,6.62,8.69,-0.73
986885,-0.4338,0.8650,-0.3743,17.23,0.13,6.09
986975,-0.4329,0.8506,-0.3660,22.27,0.26,6.10
987055,-0.4043,0.9565,-0.4070,20.80,3.35,11.57
987135,-0.3777,0.8621,-0.3423,17.87,8.80,13.49
987225,-0.3901,0.8594,-0.4285,22.49,17.20,9.88
987305,-0.3667,0.8926,-0.3721,26.60,26.98,8.95
987385,-0.3494,0.9309,-0.3628,25.26,12.77,14.61
987475,-0.3542,0.9006,-0.3828,30.96,-6.33,14.92
987555,-0.3486,0.8691,-0.4099,34.98,-19.80,18.66
987635,-0.3345,0.8237,-0.4934,34.00,-22.99,17.39
987725,-0.3296,0.8447,-0.5002,26.21,-18.41,13.12
987805,-0.3257,0.8679,-0.5171,20.16,-17.48,10.52
987885,-0.3396,0.8513,-0.5325,12.48,-13.08,7.36
987975,-0.3298,0.8318,-0.5474,5.55,-3.48,2.38
988055,-0.3257,0.8303,-0.5361,0.30,6.46,-0.84
988135,-0.3315,0.8386,-0.5029,-3.94,12.06,-4.52
988225,-0.3411,0.8606,-0.4858,-4.62,10.90,-5.62
988305,-0.3293,0.8628,-0.4795,0.28,12.04,-1.67
988385,-0.3281,0.8604,-0.4851,2.02,12.15,1.18
988475,-0.3044,0.8599,-0.4739,0.61,12.38,0.77
988555,-0.3064,0.8782,-0.4575,0.73,8.41,-2.05
988635,-0.3059,0.8713,-0.4463,3.84,5.42,-1.80
988725,-0.3145,0.8879,-0.4463,5.56,4.20,-3.03
988805,-0.3030,0.8855,-0.4514,7.92,2.38,-2.23
988885,-0.2954,0.9172,-0.4617,4.91,1.53,-3.24
988983,-0.3235,0.9326,-0.3965,0.72,2.13,-2.56
989063,-0.3450,0.9041,-0.3853,-0.31,-3.05,-3.73
989143,-0.3335,0.8962,-0.3811,2.12,-4.43,-5.22
989232,-0.3394,0.9121,-0.4487,5.73,-2.81,-3.16
989312,-0.3525,0.9519,-0.4290,3.43,1.73,-3.84
989392,-0.3000,0.8999,-0.3555,3.99,5.06,-1.34
989482,-0.3479,0.9373,-0.3362,8.24,-7.45,1.96
989562,-0.3845,0.8723,-0.3916,15.62,-2.16,5.45
989642,-0.3521,0.8748,-0.3259,11.08,-7.63,-4.84
989732,-0.3765,0.9004,-0.3765,8.58,-16.68,-7.47
989812,-0.4209,0.8896,-0.3679,17.35,-6.17,-0.02
989892,-0.4204,0.8855,-0.3540,14.73,-5.34,-9.30
989982,-0.4265,0.8748,-0.3652,12.54,-5.75,-8.20
990068,-0.4365,0.8650,-0.3850,11.65,-4.95,-5.86
990148,-0.4507,0.8757,-0.3723,11.51,1.50,-4.27
990232,-0.4548,0.8713,-0.3650,10.74,3.83,-2.59
990312,-0.4788,0.8494,-0.3562,11.05,4.53,-1.19
990392,-0.4336,0.8799,-0.3867,13.12,6.51,-1.44
990482,-0.4465,0.8606,-0.3679,17.60,0.56,3.09
990562,-0.4419,0.8699,-0.3706,20.88,1.98,6.57
990642,-0.4419,0.8516,-0.3665,24.05,-2.27,8.23
990732,-0.4365,0.8528,-0.4050,27.12,-2.87,8.82
990812,-0.4282,0.8567,-0.3813,30.20,-6.91,14.42
990892,-0.4429,0.8464,-0.4355,29.10,-8.02,16.21
990982,-0.4446,0.7737,-0.4548,25.29,-5.04,13.42
991062,-0.4321,0.7827,-0.4734,17.52,-2.85,7.97
991142,-0.4255,0.8152,-0.4688,4.55,-1.98,6.98
991232,-0.4470,0.7922,-0.4272,-5.97,-6.02,2.29
991312,-0.4470,0.7800,-0.4382,-8.87,-7.97,-3.98
991392,-0.4419,0.8689,-0.4426,-8.43,-6.13,-5.77
991482,-0.4314,0.8967,-0.4219,1.73,-6.60,-0.59
991562,-0.4192,0.8862,-0.4055,10.92,-5.29,3.59
991642,-0.4021,0.8303,-0.4050,12.82,2.17,4.73
991732,-0.3984,0.9065,-0.3269,12.70,6.16,2.29
991812,-0.3894,0.8933,-0.3679,9.08,11.16,-0.59
991892,-0.4026,0.9243,-0.3455,5.82,21.30,-0.66
991984,-0.3582,0.9365,-0.2964,13.83,12.52,6.29
992064,-0.3870,0.9143,-0.3916,12.79,7.23,9.55
992144,-0.3511,0.8779,-0.3625,12.02,16.27,1.91
992234,-0.3403,0.8918,-0.3638,11.98,10.73,1.93
992314,-0.3247,0.9387,-0.3296,20.62,3.09,0.52
992394,-0.3162,0.8999,-0.3818,25.64,-13.39,9.55
992484,-0.3518,0.8799,-0.3926,19.30,-11.77,4.51
992564,-0.3911,0.8760,-0.4443,12.38,-6.33,3.73
992644,-0.3618,0.9009,-0.4058,13.24,-6.84,2.18
992734,-0.3621,0.8879,-0.4182,14.56,-9.20,1.95
992814,-0.3394,0.8843,-0.4272,11.25,-8.86,1.27
992894,-0.3503,0.8799,-0.4238,8.65,-5.55,-0.05
992984,-0.3552,0.8989,-0.4150,5.47,-0.85,-1.16
993064,-0.3538,0.9087,-0.3943,5.07,1.43,0.12
993144,-0.3740,0.8921,-0.3508,6.57,-3.73,1.34
993234,-0.4067,0.9023,-0.3782,8.78,-11.03,-1.54
993314,-0.4016,0.9067,-0.3955,8.83,-5.12,-1.84
993394,-0.4014,0.8987,-0.3748,8.46,-0.99,-1.05
993484,-0.4146,0.8884,-0.3677,9.98,-4.79,-1.44
993564,-0.4021,0.8879,-0.3853,9.83,0.94,0.89
993644,-0.4026,0.8823,-0.3850,11.36,4.40,3.87
993734,-0.4006,0.8525,-0.3875,14.47,5.36,5.81
993814,-0.3931,0.8618,-0.3755,15.05,3.34,3.94
993894,-0.4087,0.8533,-0.3838,14.48,2.53,3.70
993984,-0.4053,0.8647,-0.3931,15.12,3.19,0.84
994064,-0.4075,0.8723,-0.4006,16.17,2.10,1.85
994144,-0.4016,0.8623,-0.4136,15.91,-0.60,2.16
994234,-0.4080,0.8542,-0.3936,15.88,-1.89,1.38
994314,-0.4119,0.8608,-0.4133,13.17,-1.77,0.87
994394,-0.4009,0.8708,-0.4170,11.71,-0.10,0.36
994484,-0.4028,0.8721,-0.4221,10.88,1.69,2.83
994564,-0.3972,0.8528,-0.4075,10.06,3.87,2.52
994644,-0.3828,0.8757,-0.4016,9.45,2.55,2.26
994734,-0.3892,0.8711,-0.4126,9.28,3.06,2.08
994814,-0.3813,0.8740,-0.4036,8.81,3.66,1.56
994894,-0.3799,0.8831,-0.4082,8.93,2.31,1.69
994984,-0.3740,0.8923,-0.4084,10.42,2.41,2.38
995064,-0.3623,0.8855,-0.4229,10.40,4.77,2.85
995144,-0.3533,0.8828,-0.4180,8.59,4.94,2.70
995234,-0.3594,0.8940,-0.4033,7.14,5.64,1.92
995314,-0.3574,0.8943,-0.4045,7.02,6.15,1.50
995394,-0.3464,0.8887,-0.4065,6.74,6.23,1.09
995484,-0.3513,0.8867,-0.3938,6.33,6.41,-0.16
995564,-0.3513,0.8958,-0.4050,8.00,4.98,-1.11
995644,-0.3625,0.8914,-0.3918,8.88,4.77,-1.88
995734,-0.3625,0.8857,-0.3921,9.62,2.71,-2.80
995814,-0.3682,0.8975,-0.3965,8.61,1.76,-4.24
995894,-0.3701,0.8970,-0.3982,11.05,2.04,-2.95
995984,-0.3750,0.8862,-0.4053,10.77,1.26,-2.90
996064,-0.3779,0.8911,-0.4055,12.38,1.68,-0.72
996144,-0.3740,0.8870,-0.4126,11.67,1.65,-0.22
996234,-0.3757,0.8774,-0.4170,11.12,3.63,0.66
996314,-0.3652,0.8818,-0.4143,9.84,2.92,1.38
996394,-0.3682,0.8860,-0.4126,8.87,2.84,1.37
996484,-0.3696,0.8833,-0.4097,8.02,3.03,0.80
996564,-0.3752,0.8821,-0.3977,7.47,0.29,0.65
996644,-0.3655,0.8948,-0.3936,7.21,-0.25,0.55
996734,-0.3777,0.8877,-0.3887,8.02,-0.16,1.52
996814,-0.3752,0.8892,-0.3914,7.80,1.11,0.94
996894,-0.3672,0.8950,-0.3931,8.99,0.50,2.43
996984,-0.3713,0.8894,-0.3813,9.79,2.52,2.59
997064,-0.3767,0.8896,-0.3811,7.94,1.21,0.23
997144,-0.3735,0.8928,-0.3823,7.60,1.66,-1.30
997234,-0.3711,0.8965,-0.3757,8.16,2.70,-2.01
997314,-0.3674,0.9026,-0.3845,8.56,0.98,-1.88
997394,-0.3787,0.8936,-0.3694,9.19,0.96,-1.88
997484,-0.3765,0.8938,-0.3672,9.11,2.12,-2.11
997564,-0.3813,0.9072,-0.3713,9.68,2.95,-2.11
997644,-0.3818,0.9006,-0.3711,11.84,4.51,-0.93
997734,-0.3877,0.8992,-0.3638,12.48,3.12,-1.00
997814,-0.3970,0.8845,-0.3601,12.98,4.88,-0.88
997894,-0.4011,0.8850,-0.3652,11.98,3.68,-1.40
997984,-0.4128,0.8770,-0.3665,11.05,4.10,-1.91
998064,-0.4067,0.8928,-0.3640,9.45,3.63,-2.09
998144,-0.4026,0.8860,-0.3789,10.37,2.12,-1.25
998234,-0.3979,0.8870,-0.3796,10.48,1.28,0.09
998314,-0.3972,0.8831,-0.3833,9.77,0.41,0.83
998394,-0.4028,0.8872,-0.3716,9.52,0.21,1.57
998484,-0.3914,0.8906,-0.3916,9.58,2.74,2.40
998564,-0.3818,0.9072,-0.3704,11.29,1.38,3.28
998644,-0.3772,0.8972,-0.3718,14.33,0.84,6.34
998734,-0.3718,0.8923,-0.3657,16.54,0.31,6.45
998814,-0.3767,0.8938,-0.3821,15.95,-1.59,5.05
998894,-0.3718,0.8972,-0.3894,15.68,-1.05,3.87
998984,-0.3762,0.8896,-0.3879,15.78,0.05,3.42
999064,-0.3687,0.8850,-0.4050,15.90,0.65,4.04
999144,-0.3682,0.8884,-0.3999,14.57,1.50,3.67
999234,-0.3701,0.8845,-0.4138,14.57,2.44,4.95
999314,-0.3735,0.8884,-0.4016,13.42,1.90,4.69
999394,-0.3696,0.8760,-0.4163,11.64,2.55,4.15
999484,-0.3625,0.8745,-0.4099,9.69,3.09,2.48
999564,-0.3601,0.8877,-0.4241,9.66,1.49,1.63
999644,-0.3599,0.8765,-0.3982,9.23,1.03,1.27
999734,-0.3564,0.8955,-0.4185,8.58,0.73,0.13
999814,-0.3643,0.8831,-0.4102,9.39,0.56,0.65
1000100,-0.3608,0.9009,-0.3918,9.80,1.80,-0.28
1000188,-0.3726,0.8857,-0.3984,9.04,0.16,-0.41
1000268,-0.3618,0.8936,-0.3950,7.72,2.18,-1.15
1000348,-0.3652,0.8862,-0.4026,6.85,3.23,-2.41
1000438,-0.3716,0.8909,-0.3916,7.23,4.07,-2.02
1000518,-0.3760,0.8862,-0.3823,6.16,2.76,-3.45
1000598,-0.3804,0.8926,-0.3704,6.29,1.30,-4.62
1000688,-0.3806,0.8896,-0.3755,8.27,-0.55,-4.22
1000768,-0.3901,0.8877,-0.3796,8.40,-2.03,-5.94
1000848,-0.3901,0.8928,-0.3799,10.06,-2.72,-4.75
1000938,-0.4075,0.8872,-0.3755,11.52,-1.98,-4.91
1001018,-0.4097,0.8933,-0.3679,13.47,-1.48,-2.51
1001098,-0.4104,0.8738,-0.3787,13.52,-1.12,-1.62
1001189,-0.4053,0.8879,-0.3828,13.55,1.38,-1.09
1001269,-0.4194,0.8711,-0.3752,12.32,2.94,-0.79
1001349,-0.4084,0.8828,-0.3757,10.64,2.11,-1.98
1001439,-0.4072,0.8728,-0.3818,11.13,0.97,0.27
1001519,-0.4160,0.8721,-0.3794,11.49,0.32,0.57
1001599,-0.4180,0.8677,-0.3855,11.19,1.88,0.41
1001689,-0.4275,0.8677,-0.3838,11.02,2.07,0.88
1001769,-0.4177,0.8733,-0.3828,11.31,2.64,1.24
1001849,-0.4270,0.8574,-0.3770,10.78,1.28,0.66
1001939,-0.4219,0.8674,-0.3743,9.67,0.78,-0.04
1002019,-0.4329,0.8606,-0.3843,9.87,-0.62,-0.02
1002099,-0.4336,0.8635,-0.3745,9.40,-0.77,-0.16
1002189,-0.4319,0.8630,-0.3752,10.27,0.39,-0.02
1002269,-0.4360,0.8655,-0.3738,10.91,0.34,1.10
1002349,-0.4380,0.8594,-0.3613,10.45,1.70,1.27
1002439,-0.4319,0.8762,-0.3650,9.66,0.23,1.16
1002519,-0.4314,0.8794,-0.3667,10.16,-0.28,1.44
1002599,-0.4387,0.8809,-0.3506,10.39,-0.52,2.41
1002689,-0.4238,0.8826,-0.3569,11.66,1.01,2.17
1002769,-0.4192,0.8870,-0.3567,12.62,1.27,2.17
1002849,-0.4189,0.8979,-0.3594,14.27,0.86,4.40
1002939,-0.4177,0.9023,-0.3564,14.59,0.85,6.29
1003019,-0.3872,0.8977,-0.3555,16.69,2.03,9.34
1003099,-0.3748,0.9102,-0.3899,18.78,7.45,11.62
1003189,-0.3713,0.9099,-0.3887,23.94,6.92,16.09
1003269,-0.3726,0.8777,-0.4133,28.71,7.40,17.67
1003349,-0.3730,0.8628,-0.4131,30.35,2.55,17.24
1003439,-0.3823,0.8369,-0.4905,24.08,-0.21,12.44
1003519,-0.3533,0.8352,-0.4670,14.18,3.98,7.06
1003599,-0.3420,0.8313,-0.4458,4.10,1.91,3.54
1003689,-0.3628,0.8450,-0.4675,-4.85,1.34,-2.29
1003769,-0.3684,0.8567,-0.4219,0.11,-3.54,0.14
1003849,-0.3613,0.9011,-0.4397,6.54,-15.50,10.06
1003939,-0.3875,0.8350,-0.5098,1.01,-8.95,9.52
1004019,-0.3811,0.8469,-0.5107,-8.20,9.38,1.19
1004099,-0.3381,0.9285,-0.4836,-15.09,30.37,-2.93
1004189,-0.2930,0.8765,-0.4492,-18.84,49.60,-4.65
1004269,-0.2720,0.9919,-0.3647,-12.61,62.20,-10.26
1004349,-0.2031,0.9822,-0.3313,-16.09,66.09,-7.35
1004439,-0.1853,0.9734,-0.3503,-14.60,70.10,-14.10
1004519,-0.1848,0.9858,-0.2117,-9.51,65.51,-12.67
1004599,-0.2036,1.0515,-0.1226,4.17,37.57,-8.16
1004689,-0.1838,1.0049,-0.2141,15.09,-3.45,-0.48
1004769,-0.1628,0.9951,-0.2488,24.66,-22.70,2.46
1004849,-0.1963,0.9766,-0.3074,32.73,-34.23,5.74
1004939,-0.2112,0.9434,-0.3713,34.99,-37.57,5.38
1005019,-0.2197,0.9243,-0.3679,36.66,-40.22,5.06
1005099,-0.2537,0.9194,-0.3977,33.46,-40.50,3.95
1005189,-0.2993,0.9702,-0.3875,23.51,-38.25,0.79
1005269,-0.3174,0.9675,-0.3459,22.26,-38.20,5.95
1005349,-0.3435,0.9187,-0.3879,23.10,-40.15,6.55
1005439,-0.3552,0.9041,-0.4028,19.02,-31.52,4.06
1005519,-0.3542,0.9226,-0.3882,17.20,-22.24,3.78
1005599,-0.3743,0.8967,-0.4143,18.59,-15.41,2.00
1005689,-0.3767,0.8938,-0.4143,17.00,-5.00,2.23
1005769,-0.3638,0.8984,-0.3904,14.60,-1.37,2.65
1005849,-0.3784,0.8916,-0.3894,12.59,0.21,1.55
1005939,-0.3833,0.9016,-0.3796,10.77,3.00,1.38
1006019,-0.3706,0.8982,-0.3896,9.55,4.70,2.73
1006099,-0.3672,0.9011,-0.3882,9.07,5.66,2.46
1006192,-0.3552,0.9167,-0.3708,9.71,5.39,4.23
1006272,-0.3560,0.9023,-0.3713,10.76,3.61,4.43
1006352,-0.3472,0.8982,-0.3884,11.08,2.06,2.88
1006439,-0.3477,0.8970,-0.3887,11.60,2.69,2.90
1006519,-0.3406,0.9048,-0.3838,10.36,2.91,1.70
1006599,-0.3467,0.9016,-0.3977,8.47,3.40,0.20
1006689,-0.3364,0.9182,-0.3796,6.51,4.43,-0.61
1006769,-0.3408,0.9204,-0.3542,6.26,2.33,0.05
1006849,-0.3325,0.9226,-0.3896,6.86,0.60,0.91
1006939,-0.3367,0.9167,-0.3740,7.09,1.39,0.87
1007019,-0.3325,0.9204,-0.3569,7.66,-0.01,1.26
1007099,-0.3347,0.9089,-0.3630,8.34,-0.20,0.47
1007189,-0.3354,0.9229,-0.3674,9.43,0.71,-0.07
1007269,-0.3330,0.9216,-0.3552,11.12,1.35,0.41
1007349,-0.3452,0.9268,-0.3584,12.57,0.45,0.25
1007439,-0.3518,0.9150,-0.3511,13.50,0.84,0.66
1007519,-0.3511,0.9116,-0.3579,12.57,-1.58,0.16
1007599,-0.3516,0.8977,-0.3655,12.46,-2.82,-1.28
1007689,-0.3516,0.9131,-0.3679,10.01,-0.21,-2.34
1007769,-0.3623,0.9192,-0.3652,10.55,-0.56,-1.02
1007849,-0.3555,0.9128,-0.3696,11.50,-0.47,0.89
1007939,-0.3538,0.9148,-0.3723,12.09,0.32,1.23
1008019,-0.3538,0.9170,-0.3672,13.34,0.45,2.67
1008099,-0.3442,0.9148,-0.3750,13.95,2.17,3.45
1008189,-0.3469,0.9043,-0.3745,13.87,0.05,3.29
1008269,-0.3438,0.9092,-0.3784,13.66,0.30,2.74
1008349,-0.3481,0.9001,-0.3818,12.48,0.91,1.00
1008439,-0.3616,0.8992,-0.3716,10.01,1.09,-1.28
1008519,-0.3567,0.9094,-0.3716,9.45,0.50,-1.37
1008599,-0.3672,0.9058,-0.3696,9.26,-0.15,-1.34
1008689,-0.3726,0.9053,-0.3645,9.61,-0.01,-0.70
1008769,-0.3726,0.8997,-0.3708,10.59,0.92,0.17
1008849,-0.3662,0.9028,-0.3694,10.61,1.40,0.58
1008939,-0.3652,0.9060,-0.3728,10.90,1.31,1.01
1009019,-0.3699,0.9041,-0.3687,11.34,3.59,1.33
1009099,-0.3625,0.8994,-0.3730,11.03,4.17,1.27
1009189,-0.3601,0.9075,-0.3708,11.23,5.14,1.25
1009269,-0.3601,0.9109,-0.3694,11.69,3.84,1.65
1009349,-0.3472,0.9231,-0.3750,12.04,3.60,2.45
1009439,-0.3499,0.9146,-0.3643,12.20,2.70,3.77
1009519,-0.3457,0.9111,-0.3750,11.98,1.41,3.62
1009599,-0.3347,0.9146,-0.3799,12.49,-0.20,4.84
1009689,-0.3516,0.9119,-0.3909,10.49,-2.45,4.73
1009769,-0.3621,0.8752,-0.4346,6.28,0.17,1.15
1009849,-0.3254,0.8735,-0.4148,5.40,6.23,-0.13
1009939,-0.3115,0.9165,-0.3467,4.50,7.23,0.05
1010019,-0.3179,0.9729,-0.3640,5.77,6.81,1.94
1010099,-0.3247,0.9858,-0.3418,5.63,7.50,5.52
1010189,-0.3096,0.9451,-0.3267,10.16,4.86,10.53
1010269,-0.3098,0.9214,-0.2944,11.12,-2.88,11.19
1010349,-0.3188,0.8999,-0.3074,11.76,-7.30,5.94
1010439,-0.3469,0.9089,-0.2966,12.46,-14.62,2.27
1010519,-0.3826,0.8945,-0.2998,10.09,-17.79,-5.16
1010599,-0.3828,1.0081,-0.3979,20.48,-18.73,-6.04
1010689,-0.3740,1.0544,-0.5088,30.36,-8.30,0.73
1010769,-0.2183,0.8958,-0.4536,26.06,13.17,7.67
1010849,-0.2666,0.8950,-0.3542,13.45,7.87,6.76
1010939,-0.2668,0.9329,-0.4165,6.53,8.64,-1.11
1011019,-0.2869,0.9402,-0.3867,5.05,10.05,0.09
1011099,-0.2861,0.9170,-0.3699,7.59,5.88,0.35
1011189,-0.2969,0.9546,-0.3816,9.68,3.92,2.35
1011269,-0.3015,0.9368,-0.3682,10.00,4.08,2.62
1011349,-0.2866,0.9348,-0.3506,8.88,-0.66,3.21
1011439,-0.2905,0.9509,-0.3455,7.94,-3.02,3.10
1011519,-0.2881,0.9407,-0.3640,9.76,-1.62,2.76
1011599,-0.2883,0.9365,-0.3594,9.88,0.18,2.06
1011689,-0.2878,0.9419,-0.3665,11.16,0.01,1.89
1011769,-0.2922,0.9470,-0.3572,11.77,2.63,1.80
1011849,-0.2935,0.9451,-0.3647,11.55,3.59,2.12
1011939,-0.2930,0.9526,-0.3525,10.85,4.30,2.00
1012019,-0.2942,0.9434,-0.3545,11.98,4.39,2.86
1012099,-0.2844,0.9333,-0.3638,11.53,4.20,1.98
1012189,-0.2759,0.9255,-0.3594,10.74,5.73,0.48
1012269,-0.2839,0.9561,-0.3657,9.48,5.91,-0.92
1012349,-0.2749,0.9451,-0.3813,10.93,6.90,0.09
1012439,-0.2808,0.9534,-0.3625,10.53,5.55,0.04
1012519,-0.2727,0.9397,-0.3682,10.48,5.74,-0.77
1012599,-0.2759,0.9360,-0.3667,8.67,4.51,-2.19
1012689,-0.2759,0.9380,-0.3826,7.84,6.15,-3.16
1012769,-0.2734,0.9478,-0.3601,8.27,5.38,-2.51
1012849,-0.2747,0.9468,-0.3818,10.11,4.11,-2.14
1012939,-0.2781,0.9460,-0.3618,11.74,2.08,-1.99
1013019,-0.2632,0.9514,-0.3809,14.61,1.10,-0.68
1013099,-0.2656,0.9375,-0.3660,14.75,1.26,-1.31
1013189,-0.2668,0.9333,-0.3855,14.41,-0.15,-2.45
1013269,-0.2791,0.9282,-0.3789,12.93,1.06,-4.04
1013349,-0.2908,0.9285,-0.4001,12.42,2.47,-4.83
1013439,-0.3167,0.9167,-0.3804,12.17,3.54,-4.89
1013519,-0.3320,0.9221,-0.3889,11.97,0.02,-3.56
1013599,-0.3369,0.9126,-0.3843,12.32,-1.06,-1.70
1013689,-0.3350,0.9084,-0.3879,11.98,-1.38,-1.30
1013769,-0.3479,0.9097,-0.3950,11.52,-1.48,0.02
1013849,-0.3413,0.8977,-0.3992,11.84,-1.92,1.48
1013939,-0.3491,0.8979,-0.4055,10.02,1.80,0.83
1014019,-0.3398,0.9038,-0.3948,8.32,3.16,-0.09
1014099,-0.3381,0.9143,-0.3970,7.54,5.62,-0.05
1014179,-0.3206,0.9146,-0.3831,7.11,8.18,0.95
1014259,-0.3271,0.9255,-0.3989,7.85,7.56,1.52
1014339,-0.3196,0.9229,-0.3762,8.80,6.90,2.06
1014428,-0.3149,0.9233,-0.3855,7.97,7.37,1.52
1014508,-0.3140,0.9199,-0.3848,7.71,5.05,1.42
1014588,-0.3179,0.9219,-0.3706,5.68,6.31,-0.95
1014678,-0.3174,0.9294,-0.3723,6.72,3.64,0.32
1014758,-0.3113,0.9304,-0.3616,8.92,2.38,0.39
1014838,-0.3057,0.9341,-0.3625,9.69,1.97,0.77
1014928,-0.3101,0.9297,-0.3528,9.74,0.58,2.10
1015008,-0.3027,0.9304,-0.3628,9.77,1.54,1.66
1015088,-0.3093,0.9458,-0.3625,8.69,-1.55,2.34
1015178,-0.3035,0.9329,-0.3723,9.70,-0.72,3.62
1015258,-0.3037,0.9363,-0.3711,10.50,-0.14,3.62
1015338,-0.2996,0.9316,-0.3735,10.98,1.09,3.47
1015428,-0.2913,0.9355,-0.3718,10.21,0.13,3.27
1015508,-0.2898,0.9395,-0.3674,10.48,1.48,3.23
1015588,-0.2874,0.9426,-0.3694,10.33,2.42,2.38
1015678,-0.2893,0.9578,-0.3601,10.99,3.43,2.48
1015758,-0.2754,0.9370,-0.3425,10.57,1.77,2.28
1015838,-0.2827,0.9490,-0.3594,10.90,-1.45,1.82
1015928,-0.2861,0.9480,-0.3701,11.59,-1.09,1.27
1016008,-0.2800,0.9370,-0.3684,12.93,1.84,0.62
1016088,-0.2874,0.9443,-0.3765,13.59,1.35,0.26
1016178,-0.2817,0.9360,-0.3652,13.41,2.55,0.30
1016258,-0.2739,0.9456,-0.3760,12.51,2.52,0.52
1016338,-0.2842,0.9353,-0.3730,10.88,3.01,-0.83
1016428,-0.2893,0.9392,-0.3672,10.45,1.02,-1.77
1016508,-0.2917,0.9363,-0.3728,11.80,0.49,-1.98
1016588,-0.2983,0.9429,-0.3677,12.62,-0.98,-1.97
1016678,-0.2969,0.9392,-0.3606,13.95,-1.76,-0.63
1016758,-0.3113,0.9353,-0.3691,14.41,-3.25,0.20
1016838,-0.3115,0.9243,-0.3730,14.34,-1.98,0.70
1016928,-0.3142,0.9216,-0.3748,16.18,-2.72,0.72
1017008,-0.3162,0.9309,-0.3721,15.91,-3.98,1.09
1017088,-0.3201,0.9126,-0.3777,14.37,-2.49,0.76
1017178,-0.3167,0.9177,-0.4065,12.80,1.85,-0.97
1017258,-0.3159,0.9243,-0.3853,11.42,5.16,-2.20
1017338,-0.3203,0.9368,-0.3794,13.70,3.23,-0.83
1017428,-0.3174,0.9326,-0.3591,14.77,-3.34,1.44
1017508,-0.3203,0.9209,-0.3843,15.01,-4.98,2.85
1017588,-0.3237,0.9021,-0.4177,13.70,-1.85,2.38
1017678,-0.3154,0.9041,-0.4216,12.02,2.47,0.44
1017758,-0.3167,0.9058,-0.4021,10.73,6.59,-0.69
1017838,-0.3201,0.9221,-0.3853,10.27,6.40,-1.12
1017928,-0.3245,0.9097,-0.3889,9.86,5.18,-1.07
1018008,-0.3215,0.9089,-0.3989,10.16,3.82,-0.66
1018088,-0.3320,0.9104,-0.3960,9.18,4.20,-1.71
1018178,-0.3269,0.9133,-0.3926,10.43,4.58,-1.71
1018258,-0.3296,0.9109,-0.3943,10.71,2.27,-0.63
1018338,-0.3345,0.9126,-0.3979,10.30,1.56,-0.48
1018428,-0.3298,0.9062,-0.4062,10.06,3.84,-0.79
1018508,-0.3298,0.9036,-0.3943,8.75,6.17,-1.18
1018588,-0.3315,0.9045,-0.3928,8.50,7.62,-0.75
1018678,-0.3237,0.9192,-0.3962,9.12,7.09,0.25
1018758,-0.3284,0.9011,-0.3955,8.53,9.02,0.28
1018838,-0.3091,0.9268,-0.3914,7.46,8.16,-0.82
1018928,-0.3103,0.9255,-0.3774,8.60,7.23,1.19
1019008,-0.3020,0.9199,-0.3887,9.08,6.08,0.98
1019088,-0.2939,0.9241,-0.3945,10.52,4.02,2.33
1019178,-0.3008,0.9197,-0.3948,11.12,4.15,1.71
1019258,-0.2986,0.9175,-0.4182,12.19,4.23,0.62
1019338,-0.2954,0.9109,-0.4036,12.24,5.64,0.10
1019428,-0.3003,0.9067,-0.4080,11.01,4.65,-1.34
1019508,-0.3030,0.9160,-0.3989,10.46,4.39,-1.62
1019588,-0.3054,0.9155,-0.4072,11.12,3.20,-1.16
1019678,-0.3088,0.9133,-0.3892,9.74,1.95,-1.30
1019758,-0.3149,0.9302,-0.3804,8.55,0.00,-1.18
1019838,-0.3184,0.9209,-0.3975,9.32,-0.57,-0.05
1019928,-0.3125,0.9268,-0.4033,10.27,1.36,0.98
1020008,-0.3154,0.9199,-0.3972,11.09,2.93,1.49
1020088,-0.3083,0.9192,-0.3958,10.54,2.15,0.77
1020178,-0.3096,0.9207,-0.3967,11.61,1.70,1.60
1020258,-0.3091,0.9246,-0.3872,10.92,1.42,1.00
1020338,-0.3020,0.9189,-0.3960,12.20,2.04,1.12
1020428,-0.3062,0.9199,-0.3923,11.75,1.51,0.82
1020508,-0.3064,0.9202,-0.3965,11.96,1.69,0.80
1020588,-0.3022,0.9229,-0.3987,11.39,2.51,0.34
1020678,-0.3057,0.9199,-0.3943,10.88,1.87,-0.11
1020758,-0.3079,0.9216,-0.3933,11.32,1.89,0.28
1020838,-0.3066,0.9214,-0.3972,10.83,2.38,0.33
1020928,-0.3076,0.9189,-0.3994,11.12,2.75,0.38
1021011,-0.3083,0.9160,-0.3918,10.98,2.06,0.05
1021091,-0.3096,0.9170,-0.4016,11.55,2.12,0.20
1021178,-0.3130,0.9187,-0.3955,11.65,1.74,0.06
1021258,-0.3093,0.9204,-0.4004,11.37,1.84,0.45
1021338,-0.3118,0.9167,-0.3940,11.08,0.69,0.14
1021428,-0.3201,0.9229,-0.3950,12.41,0.48,0.41
1021508,-0.3147,0.9165,-0.4062,12.90,0.86,0.59
1021588,-0.3174,0.9099,-0.4048,12.26,1.07,0.45
1021678,-0.3105,0.9114,-0.4028,10.64,1.66,-0.89
1021758,-0.3188,0.9187,-0.3994,10.12,3.20,-0.94
1021838,-0.3201,0.9138,-0.3979,10.41,2.15,-0.40
1021928,-0.3113,0.9172,-0.3979,10.37,2.75,-0.26
1022008,-0.3196,0.9163,-0.3950,9.67,2.50,-0.53
1022088,-0.3164,0.9131,-0.4023,9.46,2.84,-0.07
1022178,-0.3203,0.9167,-0.4011,9.85,4.62,0.03
1022258,-0.3164,0.9116,-0.4009,11.09,5.29,1.05
1022338,-0.3152,0.9043,-0.4084,10.88,5.31,0.24
1022428,-0.3181,0.9167,-0.3906,9.73,4.16,-0.39
1022508,-0.3181,0.9270,-0.3843,10.58,1.96,0.27
1022588,-0.3140,0.9243,-0.3806,11.15,-0.55,1.10
1022678,-0.3142,0.9146,-0.3640,10.79,-2.35,0.52
1022758,-0.3193,0.9124,-0.3955,10.73,-3.20,0.43
1022838,-0.3120,0.9209,-0.4121,11.42,1.90,0.41
1022928,-0.3140,0.9346,-0.3933,12.74,2.27,1.86
1023008,-0.3137,0.9080,-0.3965,13.63,4.72,2.07
1023088,-0.3118,0.9155,-0.4204,13.47,5.15,1.51
1023178,-0.3096,0.9089,-0.3840,11.06,5.34,-0.22
1023258,-0.3167,0.9329,-0.3833,9.98,2.34,0.08
1023338,-0.3149,0.9082,-0.3896,10.79,0.53,0.68
1023428,-0.3152,0.9109,-0.4150,11.01,0.20,1.22
1023508,-0.3071,0.9077,-0.4150,11.15,2.63,0.82
1023588,-0.3127,0.9180,-0.4136,11.74,3.49,0.13
1023678,-0.3071,0.8987,-0.4260,12.82,6.38,-0.57
1023758,-0.3040,0.9106,-0.4224,12.02,6.09,-0.73
1023838,-0.2983,0.9167,-0.4019,11.70,5.70,-0.98
1023928,-0.3013,0.9084,-0.4080,12.27,3.27,0.24
1024008,-0.3044,0.9104,-0.4148,12.14,0.98,0.31
1024088,-0.3003,0.9075,-0.4199,12.28,1.52,-0.33
1024178,-0.3127,0.9058,-0.4126,11.66,1.32,-1.25
1024258,-0.3113,0.9009,-0.4194,12.16,1.18,-1.22
1024338,-0.3145,0.9014,-0.4221,12.33,0.60,-1.97
1024428,-0.3169,0.9058,-0.4148,13.42,-0.36,-2.41
1024508,-0.3149,0.8972,-0.4192,14.02,-2.47,-1.93
1024588,-0.3022,0.9031,-0.4187,16.61,-6.13,-0.02
1024678,-0.3032,0.9089,-0.4226,16.84,-9.98,-0.14
1024758,-0.2908,0.8845,-0.4468,15.53,-10.43,-1.45
1024838,-0.3188,0.8860,-0.4353,5.96,-8.91,-6.34
1024928,-0.3284,0.9231,-0.4453,1.95,-3.41,-0.20
1025008,-0.3721,0.9231,-0.6111,0.13,18.20,2.39
1025088,-0.3577,0.9001,-0.4775,-5.39,48.38,4.51
1025178,-0.3562,0.8879,-0.3159,-4.54,53.08,5.61
1025258,-0.3452,0.9380,-0.4250,-3.15,46.66,0.98
1025338,-0.3120,0.8538,-0.4023,3.27,52.73,-7.91
1025428,-0.2383,0.8867,-0.4163,5.80,53.27,-19.49
1025508,-0.2063,0.9126,-0.3936,4.23,51.87,-29.35
1025588,-0.2166,0.8950,-0.4021,1.52,52.61,-39.38
1025678,-0.2097,0.9482,-0.4009,-2.88,56.55,-47.89
1025758,-0.2188,0.9927,-0.4192,-7.59,59.50,-46.99
1025838,-0.2166,0.9678,-0.4138,-15.60,66.50,-39.16
1025928,-0.2358,0.9241,-0.5496,-18.95,84.05,-40.62
1026008,-0.2468,0.7842,-0.3269,-18.52,94.34,-48.09
1026088,-0.3281,0.9448,-0.4126,-24.01,77.86,-53.95
1026178,-0.3220,0.8560,-0.6458,-12.34,70.55,-44.27
1026258,-0.4563,0.8625,-0.6331,-5.82,66.61,-51.59
1026338,-0.4299,0.8198,-0.5312,-12.99,70.57,-58.02
1026428,-0.3608,0.7886,-0.4414,-16.70,80.59,-54.53
1026508,-0.3936,0.7871,-0.4019,-15.45,92.08,-50.85
1026588,-0.4285,0.8955,-0.3254,-14.73,88.27,-43.67
1026678,-0.4199,0.8696,-0.4065,-21.77,70.34,-36.95
1026758,-0.3623,1.2014,-0.5205,-29.22,48.59,-30.85
1026838,-0.1045,0.8167,-0.6370,-45.48,58.80,-25.96
1026928,-0.1519,0.9822,-0.5322,-14.40,87.38,-27.55
1027008,-0.1929,0.7625,-0.4060,-1.86,90.29,-33.09
1027088,-0.2019,0.9341,-0.0806,15.35,73.83,-29.76
1027178,-0.1331,0.9990,-0.2209,22.20,17.20,-12.98
1027258,-0.3586,1.1208,-0.6479,18.62,4.41,-39.91
1027338,-0.1868,1.0347,-0.6301,28.39,-14.14,-4.88
1027428,-0.1204,0.8215,-0.7280,32.67,-5.09,3.95
1027508,-0.1877,0.6621,-0.4675,25.01,-16.84,14.51
1027588,-0.2529,0.6709,-0.4768,21.52,-11.63,17.67
1027678,-0.3096,0.6721,-0.5879,-3.66,-12.22,12.30
1027758,-0.3813,1.0508,-0.5945,-26.88,-12.23,-2.65
1027838,-0.2097,0.9031,-0.7610,-45.71,7.47,3.40
1027928,-0.1936,0.9568,-0.5347,3.36,15.86,18.62
1028008,-0.1533,0.7834,-0.3726,12.21,4.35,4.30
1028088,-0.1636,0.8354,-0.2803,25.48,8.12,-4.07
